{
	"credit": "Made with Blockbench",
	"texture_size": [64, 64],
	"textures": {
		"0": "item/diamond_sword",
		"particle": "item/diamond_sword"
	},
	"elements": [
		{
			"from": [7, -11.4, 7.1],
			"to": [9, -9.4, 8.9],
			"faces": {
				"north": {"uv": [1.5, 4.5, 2, 5], "texture": "#0"},
				"east": {"uv": [2.75, 5.75, 3.1875, 6.25], "texture": "#0"},
				"south": {"uv": [4.25, 5.25, 4.75, 5.75], "texture": "#0"},
				"west": {"uv": [3.25, 5.75, 3.6875, 6.25], "texture": "#0"},
				"up": {"uv": [6.25, 4.4375, 5.75, 4], "texture": "#0"},
				"down": {"uv": [4.75, 5.75, 4.25, 6.1875], "texture": "#0"}
			}
		},
		{
			"from": [7.1, -5.9, 7.1],
			"to": [8.9, -5.6, 8.9],
			"faces": {
				"north": {"uv": [3.75, 8.25, 4.1875, 8.3125], "texture": "#0"},
				"east": {"uv": [8.25, 4, 8.6875, 4.0625], "texture": "#0"},
				"south": {"uv": [4.25, 8.25, 4.6875, 8.3125], "texture": "#0"},
				"west": {"uv": [8.25, 4.25, 8.6875, 4.3125], "texture": "#0"},
				"up": {"uv": [6.6875, 1.9375, 6.25, 1.5], "texture": "#0"},
				"down": {"uv": [2.1875, 6.25, 1.75, 6.6875], "texture": "#0"}
			}
		},
		{
			"from": [7.1, -5.2, 7.1],
			"to": [8.9, -4.9, 8.9],
			"faces": {
				"north": {"uv": [8.25, 4.5, 8.6875, 4.5625], "texture": "#0"},
				"east": {"uv": [4.75, 8.25, 5.1875, 8.3125], "texture": "#0"},
				"south": {"uv": [8.25, 4.75, 8.6875, 4.8125], "texture": "#0"},
				"west": {"uv": [5.25, 8.25, 5.6875, 8.3125], "texture": "#0"},
				"up": {"uv": [6.6875, 2.4375, 6.25, 2], "texture": "#0"},
				"down": {"uv": [2.6875, 6.25, 2.25, 6.6875], "texture": "#0"}
			}
		},
		{
			"from": [6.9, -5.6, 6.9],
			"to": [9.1, -5.2, 9.1],
			"faces": {
				"north": {"uv": [7.5, 4, 8.0625, 4.09375], "texture": "#0"},
				"east": {"uv": [7.5, 4.25, 8.0625, 4.34375], "texture": "#0"},
				"south": {"uv": [7.5, 4.5, 8.0625, 4.59375], "texture": "#0"},
				"west": {"uv": [7.5, 4.75, 8.0625, 4.84375], "texture": "#0"},
				"up": {"uv": [3.8125, 0.5625, 3.25, 0], "texture": "#0"},
				"down": {"uv": [3.8125, 0.75, 3.25, 1.3125], "texture": "#0"}
			}
		},
		{
			"from": [7.1, -4.5, 7.1],
			"to": [8.9, -4.2, 8.9],
			"faces": {
				"north": {"uv": [5.75, 8.25, 6.1875, 8.3125], "texture": "#0"},
				"east": {"uv": [8.25, 6, 8.6875, 6.0625], "texture": "#0"},
				"south": {"uv": [6.25, 8.25, 6.6875, 8.3125], "texture": "#0"},
				"west": {"uv": [8.25, 6.25, 8.6875, 6.3125], "texture": "#0"},
				"up": {"uv": [6.6875, 2.9375, 6.25, 2.5], "texture": "#0"},
				"down": {"uv": [3.1875, 6.25, 2.75, 6.6875], "texture": "#0"}
			}
		},
		{
			"from": [6.9, -4.9, 6.9],
			"to": [9.1, -4.5, 9.1],
			"faces": {
				"north": {"uv": [5, 7.5, 5.5625, 7.59375], "texture": "#0"},
				"east": {"uv": [5.75, 7.5, 6.3125, 7.59375], "texture": "#0"},
				"south": {"uv": [7.5, 6, 8.0625, 6.09375], "texture": "#0"},
				"west": {"uv": [7.5, 6.25, 8.0625, 6.34375], "texture": "#0"},
				"up": {"uv": [4.0625, 2.0625, 3.5, 1.5], "texture": "#0"},
				"down": {"uv": [2.5625, 3.5, 2, 4.0625], "texture": "#0"}
			}
		},
		{
			"from": [7.1, -3.8, 7.1],
			"to": [8.9, -3.5, 8.9],
			"faces": {
				"north": {"uv": [8.25, 6.5, 8.6875, 6.5625], "texture": "#0"},
				"east": {"uv": [6.75, 8.25, 7.1875, 8.3125], "texture": "#0"},
				"south": {"uv": [8.25, 6.75, 8.6875, 6.8125], "texture": "#0"},
				"west": {"uv": [8.25, 7, 8.6875, 7.0625], "texture": "#0"},
				"up": {"uv": [3.6875, 6.6875, 3.25, 6.25], "texture": "#0"},
				"down": {"uv": [6.6875, 4, 6.25, 4.4375], "texture": "#0"}
			}
		},
		{
			"from": [6.9, -4.2, 6.9],
			"to": [9.1, -3.8, 9.1],
			"faces": {
				"north": {"uv": [6.5, 7.5, 7.0625, 7.59375], "texture": "#0"},
				"east": {"uv": [7.5, 6.5, 8.0625, 6.59375], "texture": "#0"},
				"south": {"uv": [7.5, 6.75, 8.0625, 6.84375], "texture": "#0"},
				"west": {"uv": [7.5, 7, 8.0625, 7.09375], "texture": "#0"},
				"up": {"uv": [4.0625, 2.8125, 3.5, 2.25], "texture": "#0"},
				"down": {"uv": [3.3125, 3.5, 2.75, 4.0625], "texture": "#0"}
			}
		},
		{
			"from": [7.1, -3.1, 7.1],
			"to": [8.9, -2.8, 8.9],
			"faces": {
				"north": {"uv": [7.25, 8.25, 7.6875, 8.3125], "texture": "#0"},
				"east": {"uv": [8.25, 7.25, 8.6875, 7.3125], "texture": "#0"},
				"south": {"uv": [7.75, 8.25, 8.1875, 8.3125], "texture": "#0"},
				"west": {"uv": [8.25, 8, 8.6875, 8.0625], "texture": "#0"},
				"up": {"uv": [4.6875, 6.6875, 4.25, 6.25], "texture": "#0"},
				"down": {"uv": [6.6875, 4.5, 6.25, 4.9375], "texture": "#0"}
			}
		},
		{
			"from": [6.9, -3.5, 6.9],
			"to": [9.1, -3.1, 9.1],
			"faces": {
				"north": {"uv": [7.25, 7.5, 7.8125, 7.59375], "texture": "#0"},
				"east": {"uv": [7.5, 7.25, 8.0625, 7.34375], "texture": "#0"},
				"south": {"uv": [0, 7.75, 0.5625, 7.84375], "texture": "#0"},
				"west": {"uv": [7.75, 0.5, 8.3125, 0.59375], "texture": "#0"},
				"up": {"uv": [4.0625, 4.0625, 3.5, 3.5], "texture": "#0"},
				"down": {"uv": [4.5625, 0, 4, 0.5625], "texture": "#0"}
			}
		},
		{
			"from": [7.1, -2.4, 7.1],
			"to": [8.9, -2.1, 8.9],
			"faces": {
				"north": {"uv": [8.25, 8.25, 8.6875, 8.3125], "texture": "#0"},
				"east": {"uv": [0, 8.5, 0.4375, 8.5625], "texture": "#0"},
				"south": {"uv": [0.5, 8.5, 0.9375, 8.5625], "texture": "#0"},
				"west": {"uv": [8.5, 0.5, 8.9375, 0.5625], "texture": "#0"},
				"up": {"uv": [6.6875, 5.4375, 6.25, 5], "texture": "#0"},
				"down": {"uv": [6.6875, 5.5, 6.25, 5.9375], "texture": "#0"}
			}
		},
		{
			"from": [6.9, -2.8, 6.9],
			"to": [9.1, -2.4, 9.1],
			"faces": {
				"north": {"uv": [0.75, 7.75, 1.3125, 7.84375], "texture": "#0"},
				"east": {"uv": [7.75, 0.75, 8.3125, 0.84375], "texture": "#0"},
				"south": {"uv": [7.75, 1, 8.3125, 1.09375], "texture": "#0"},
				"west": {"uv": [7.75, 1.25, 8.3125, 1.34375], "texture": "#0"},
				"up": {"uv": [4.5625, 1.3125, 4, 0.75], "texture": "#0"},
				"down": {"uv": [4.8125, 1.5, 4.25, 2.0625], "texture": "#0"}
			}
		},
		{
			"from": [7.1, -1.7, 7.1],
			"to": [8.9, -1.4, 8.9],
			"faces": {
				"north": {"uv": [8.5, 0.75, 8.9375, 0.8125], "texture": "#0"},
				"east": {"uv": [1, 8.5, 1.4375, 8.5625], "texture": "#0"},
				"south": {"uv": [8.5, 1, 8.9375, 1.0625], "texture": "#0"},
				"west": {"uv": [8.5, 1.25, 8.9375, 1.3125], "texture": "#0"},
				"up": {"uv": [6.6875, 6.4375, 6.25, 6], "texture": "#0"},
				"down": {"uv": [6.9375, 0, 6.5, 0.4375], "texture": "#0"}
			}
		},
		{
			"from": [6.9, -2.1, 6.9],
			"to": [9.1, -1.7, 9.1],
			"faces": {
				"north": {"uv": [7.75, 1.5, 8.3125, 1.59375], "texture": "#0"},
				"east": {"uv": [7.75, 1.75, 8.3125, 1.84375], "texture": "#0"},
				"south": {"uv": [7.75, 2, 8.3125, 2.09375], "texture": "#0"},
				"west": {"uv": [2.25, 7.75, 2.8125, 7.84375], "texture": "#0"},
				"up": {"uv": [2.5625, 4.8125, 2, 4.25], "texture": "#0"},
				"down": {"uv": [4.8125, 2.25, 4.25, 2.8125], "texture": "#0"}
			}
		},
		{
			"from": [6.9, -1.4, 6.9],
			"to": [9.1, -1, 9.1],
			"faces": {
				"north": {"uv": [7.75, 2.25, 8.3125, 2.34375], "texture": "#0"},
				"east": {"uv": [7.75, 2.5, 8.3125, 2.59375], "texture": "#0"},
				"south": {"uv": [7.75, 2.75, 8.3125, 2.84375], "texture": "#0"},
				"west": {"uv": [3, 7.75, 3.5625, 7.84375], "texture": "#0"},
				"up": {"uv": [3.3125, 4.8125, 2.75, 4.25], "texture": "#0"},
				"down": {"uv": [4.8125, 3, 4.25, 3.5625], "texture": "#0"}
			}
		},
		{
			"from": [7.1, -1, 7.1],
			"to": [8.9, -0.7, 8.9],
			"faces": {
				"north": {"uv": [1.5, 8.5, 1.9375, 8.5625], "texture": "#0"},
				"east": {"uv": [8.5, 1.5, 8.9375, 1.5625], "texture": "#0"},
				"south": {"uv": [8.5, 1.75, 8.9375, 1.8125], "texture": "#0"},
				"west": {"uv": [2, 8.5, 2.4375, 8.5625], "texture": "#0"},
				"up": {"uv": [6.9375, 0.9375, 6.5, 0.5], "texture": "#0"},
				"down": {"uv": [6.9375, 1, 6.5, 1.4375], "texture": "#0"}
			}
		},
		{
			"from": [6.9, -0.7, 6.9],
			"to": [9.1, -0.3, 9.1],
			"faces": {
				"north": {"uv": [7.75, 3, 8.3125, 3.09375], "texture": "#0"},
				"east": {"uv": [7.75, 3.25, 8.3125, 3.34375], "texture": "#0"},
				"south": {"uv": [5, 7.75, 5.5625, 7.84375], "texture": "#0"},
				"west": {"uv": [7.75, 5.5, 8.3125, 5.59375], "texture": "#0"},
				"up": {"uv": [4.0625, 4.8125, 3.5, 4.25], "texture": "#0"},
				"down": {"uv": [4.8125, 3.75, 4.25, 4.3125], "texture": "#0"}
			}
		},
		{
			"from": [7.1, -0.3, 7.1],
			"to": [8.9, 0, 8.9],
			"faces": {
				"north": {"uv": [8.5, 2, 8.9375, 2.0625], "texture": "#0"},
				"east": {"uv": [8.5, 2.25, 8.9375, 2.3125], "texture": "#0"},
				"south": {"uv": [2.5, 8.5, 2.9375, 8.5625], "texture": "#0"},
				"west": {"uv": [8.5, 2.5, 8.9375, 2.5625], "texture": "#0"},
				"up": {"uv": [6.9375, 3.4375, 6.5, 3], "texture": "#0"},
				"down": {"uv": [6.9375, 3.5, 6.5, 3.9375], "texture": "#0"}
			}
		},
		{
			"from": [6.9, 0, 6.9],
			"to": [9.1, 0.4, 9.1],
			"faces": {
				"north": {"uv": [5.75, 7.75, 6.3125, 7.84375], "texture": "#0"},
				"east": {"uv": [7.75, 5.75, 8.3125, 5.84375], "texture": "#0"},
				"south": {"uv": [6.5, 7.75, 7.0625, 7.84375], "texture": "#0"},
				"west": {"uv": [7.25, 7.75, 7.8125, 7.84375], "texture": "#0"},
				"up": {"uv": [0.5625, 5.0625, 0, 4.5], "texture": "#0"},
				"down": {"uv": [1.3125, 4.5, 0.75, 5.0625], "texture": "#0"}
			}
		},
		{
			"from": [7.1, 0.4, 7.1],
			"to": [8.9, 0.7, 8.9],
			"faces": {
				"north": {"uv": [8.5, 2.75, 8.9375, 2.8125], "texture": "#0"},
				"east": {"uv": [3, 8.5, 3.4375, 8.5625], "texture": "#0"},
				"south": {"uv": [8.5, 3, 8.9375, 3.0625], "texture": "#0"},
				"west": {"uv": [8.5, 3.25, 8.9375, 3.3125], "texture": "#0"},
				"up": {"uv": [4.1875, 6.9375, 3.75, 6.5], "texture": "#0"},
				"down": {"uv": [5.1875, 6.5, 4.75, 6.9375], "texture": "#0"}
			}
		},
		{
			"from": [7.1, 1.1, 7.1],
			"to": [8.9, 1.4, 8.9],
			"rotation": {"angle": 0, "axis": "y", "origin": [0, -5.6, 0]},
			"faces": {
				"north": {"uv": [3.5, 8.5, 3.9375, 8.5625], "texture": "#0"},
				"east": {"uv": [4, 8.5, 4.4375, 8.5625], "texture": "#0"},
				"south": {"uv": [4.5, 8.5, 4.9375, 8.5625], "texture": "#0"},
				"west": {"uv": [5, 8.5, 5.4375, 8.5625], "texture": "#0"},
				"up": {"uv": [5.6875, 6.9375, 5.25, 6.5], "texture": "#0"},
				"down": {"uv": [6.1875, 6.5, 5.75, 6.9375], "texture": "#0"}
			}
		},
		{
			"from": [6.9, 0.7, 6.9],
			"to": [9.1, 1.1, 9.1],
			"rotation": {"angle": 0, "axis": "y", "origin": [0, -5.6, 0]},
			"faces": {
				"north": {"uv": [0, 8, 0.5625, 8.09375], "texture": "#0"},
				"east": {"uv": [8, 0, 8.5625, 0.09375], "texture": "#0"},
				"south": {"uv": [8, 0.25, 8.5625, 0.34375], "texture": "#0"},
				"west": {"uv": [0.75, 8, 1.3125, 8.09375], "texture": "#0"},
				"up": {"uv": [4.8125, 5.0625, 4.25, 4.5], "texture": "#0"},
				"down": {"uv": [5.3125, 0, 4.75, 0.5625], "texture": "#0"}
			}
		},
		{
			"from": [6.7, 3.2, 6.7],
			"to": [9.3, 6, 9.3],
			"rotation": {"angle": 0, "axis": "y", "origin": [0, -8, 0]},
			"faces": {
				"north": {"uv": [2, 1.5, 2.65625, 2.1875], "texture": "#0"},
				"east": {"uv": [2, 2.25, 2.65625, 2.9375], "texture": "#0"},
				"south": {"uv": [2.5, 0, 3.15625, 0.6875], "texture": "#0"},
				"west": {"uv": [2.5, 0.75, 3.15625, 1.4375], "texture": "#0"},
				"up": {"uv": [3.40625, 2.15625, 2.75, 1.5], "texture": "#0"},
				"down": {"uv": [3.40625, 2.25, 2.75, 2.90625], "texture": "#0"}
			}
		},
		{
			"from": [6.9, 6, 7],
			"to": [9.1, 11.5, 9],
			"rotation": {"angle": 0, "axis": "y", "origin": [0, -8, 0]},
			"faces": {
				"north": {"uv": [0, 0, 0.5625, 1.375], "texture": "#0"},
				"east": {"uv": [0, 1.5, 0.5, 2.875], "texture": "#0"},
				"south": {"uv": [0.75, 0, 1.3125, 1.375], "texture": "#0"},
				"west": {"uv": [1.5, 0, 2, 1.375], "texture": "#0"},
				"up": {"uv": [5.5625, 4.5, 5, 4], "texture": "#0"},
				"down": {"uv": [5.5625, 4.5, 5, 5], "texture": "#0"}
			}
		},
		{
			"from": [7.1, 11.5, 7.2],
			"to": [8.9, 17, 8.8],
			"rotation": {"angle": 0, "axis": "y", "origin": [0, -8, 0]},
			"faces": {
				"north": {"uv": [0.5, 1.5, 0.9375, 2.875], "texture": "#0"},
				"east": {"uv": [1.5, 1.5, 1.90625, 2.875], "texture": "#0"},
				"south": {"uv": [1, 1.5, 1.4375, 2.875], "texture": "#0"},
				"west": {"uv": [2, 0, 2.40625, 1.375], "texture": "#0"},
				"up": {"uv": [4.6875, 7.15625, 4.25, 6.75], "texture": "#0"},
				"down": {"uv": [7.1875, 5, 6.75, 5.40625], "texture": "#0"}
			}
		},
		{
			"from": [7.4, 17, 7.4],
			"to": [8.6, 22.5, 8.6],
			"rotation": {"angle": 0, "axis": "y", "origin": [0, -8, 0]},
			"faces": {
				"north": {"uv": [0, 3, 0.3125, 4.375], "texture": "#0"},
				"east": {"uv": [0.5, 3, 0.8125, 4.375], "texture": "#0"},
				"south": {"uv": [1, 3, 1.3125, 4.375], "texture": "#0"},
				"west": {"uv": [1.5, 3, 1.8125, 4.375], "texture": "#0"},
				"up": {"uv": [7.3125, 0.8125, 7, 0.5], "texture": "#0"},
				"down": {"uv": [7.3125, 1, 7, 1.3125], "texture": "#0"}
			}
		},
		{
			"from": [7.6, 22.5, 7.6],
			"to": [8.4, 28, 8.4],
			"rotation": {"angle": 0, "axis": "y", "origin": [0, -8, 0]},
			"faces": {
				"north": {"uv": [3.75, 5, 3.9375, 6.375], "texture": "#0"},
				"east": {"uv": [4, 5, 4.1875, 6.375], "texture": "#0"},
				"south": {"uv": [5, 5, 5.1875, 6.375], "texture": "#0"},
				"west": {"uv": [0, 5.25, 0.1875, 6.625], "texture": "#0"},
				"up": {"uv": [4.4375, 7.9375, 4.25, 7.75], "texture": "#0"},
				"down": {"uv": [4.6875, 7.75, 4.5, 7.9375], "texture": "#0"}
			}
		},
		{
			"from": [7.8, 28, 7.8],
			"to": [8.2, 32, 8.2],
			"rotation": {"angle": 0, "axis": "y", "origin": [0, -8, 0]},
			"faces": {
				"north": {"uv": [2, 7, 2.09375, 8], "texture": "#0"},
				"east": {"uv": [3.75, 7, 3.84375, 8], "texture": "#0"},
				"south": {"uv": [4, 7, 4.09375, 8], "texture": "#0"},
				"west": {"uv": [4.75, 7, 4.84375, 8], "texture": "#0"},
				"up": {"uv": [1.84375, 8.84375, 1.75, 8.75], "texture": "#0"},
				"down": {"uv": [2.09375, 8.75, 2, 8.84375], "texture": "#0"}
			}
		},
		{
			"from": [9.3, 3.6, 7],
			"to": [11, 5.6, 9],
			"rotation": {"angle": 0, "axis": "y", "origin": [0, -8, 0]},
			"faces": {
				"north": {"uv": [5.75, 4.5, 6.1875, 5], "texture": "#0"},
				"east": {"uv": [5.75, 1.5, 6.25, 2], "texture": "#0"},
				"south": {"uv": [6, 3, 6.4375, 3.5], "texture": "#0"},
				"west": {"uv": [5.75, 2, 6.25, 2.5], "texture": "#0"},
				"up": {"uv": [6.4375, 4, 6, 3.5], "texture": "#0"},
				"down": {"uv": [5.6875, 6, 5.25, 6.5], "texture": "#0"}
			}
		},
		{
			"from": [5, 3.6, 7],
			"to": [6.7, 5.6, 9],
			"rotation": {"angle": 0, "axis": "y", "origin": [0, -8, 0]},
			"faces": {
				"north": {"uv": [5.75, 6, 6.1875, 6.5], "texture": "#0"},
				"east": {"uv": [2.25, 5.75, 2.75, 6.25], "texture": "#0"},
				"south": {"uv": [0.25, 6.25, 0.6875, 6.75], "texture": "#0"},
				"west": {"uv": [5.75, 2.5, 6.25, 3], "texture": "#0"},
				"up": {"uv": [1.1875, 6.75, 0.75, 6.25], "texture": "#0"},
				"down": {"uv": [1.6875, 6.25, 1.25, 6.75], "texture": "#0"}
			}
		},
		{
			"from": [11, 3.9, 7.4],
			"to": [14.2, 5.2, 8.6],
			"rotation": {"angle": 0, "axis": "y", "origin": [0, -8, 0]},
			"faces": {
				"north": {"uv": [0.25, 5.25, 1.0625, 5.5625], "texture": "#0"},
				"east": {"uv": [1.5, 7, 1.8125, 7.3125], "texture": "#0"},
				"south": {"uv": [5.25, 5, 6.0625, 5.3125], "texture": "#0"},
				"west": {"uv": [7, 2.25, 7.3125, 2.5625], "texture": "#0"},
				"up": {"uv": [6.3125, 0.3125, 5.5, 0], "texture": "#0"},
				"down": {"uv": [6.3125, 0.5, 5.5, 0.8125], "texture": "#0"}
			}
		},
		{
			"from": [1.8, 3.9, 7.4],
			"to": [5, 5.2, 8.6],
			"rotation": {"angle": 0, "axis": "y", "origin": [0, -8, 0]},
			"faces": {
				"north": {"uv": [5.5, 1, 6.3125, 1.3125], "texture": "#0"},
				"east": {"uv": [7, 2.75, 7.3125, 3.0625], "texture": "#0"},
				"south": {"uv": [5.25, 5.5, 6.0625, 5.8125], "texture": "#0"},
				"west": {"uv": [7, 3.25, 7.3125, 3.5625], "texture": "#0"},
				"up": {"uv": [1.0625, 6.0625, 0.25, 5.75], "texture": "#0"},
				"down": {"uv": [2.0625, 5.75, 1.25, 6.0625], "texture": "#0"}
			}
		},
		{
			"from": [14.2, 4.3, 7.6],
			"to": [16.4, 4.8, 8.4],
			"rotation": {"angle": 0, "axis": "y", "origin": [0, -8, 0]},
			"faces": {
				"north": {"uv": [5, 7.25, 5.5625, 7.375], "texture": "#0"},
				"east": {"uv": [0.75, 8.75, 0.9375, 8.875], "texture": "#0"},
				"south": {"uv": [7.25, 5, 7.8125, 5.125], "texture": "#0"},
				"west": {"uv": [1, 8.75, 1.1875, 8.875], "texture": "#0"},
				"up": {"uv": [7.3125, 6.1875, 6.75, 6], "texture": "#0"},
				"down": {"uv": [7.3125, 6.25, 6.75, 6.4375], "texture": "#0"}
			}
		},
		{
			"from": [-0.4, 4.3, 7.6],
			"to": [1.8, 4.8, 8.4],
			"rotation": {"angle": 0, "axis": "y", "origin": [0, -8, 0]},
			"faces": {
				"north": {"uv": [7.25, 5.25, 7.8125, 5.375], "texture": "#0"},
				"east": {"uv": [1.25, 8.75, 1.4375, 8.875], "texture": "#0"},
				"south": {"uv": [5.75, 7.25, 6.3125, 7.375], "texture": "#0"},
				"west": {"uv": [1.5, 8.75, 1.6875, 8.875], "texture": "#0"},
				"up": {"uv": [7.3125, 6.6875, 6.75, 6.5], "texture": "#0"},
				"down": {"uv": [7.3125, 6.75, 6.75, 6.9375], "texture": "#0"}
			}
		},
		{
			"from": [16.4, 4.4, 7.8],
			"to": [18.6, 4.7, 8.2],
			"rotation": {"angle": 0, "axis": "y", "origin": [0, -8, 0]},
			"faces": {
				"north": {"uv": [0.75, 8.25, 1.3125, 8.3125], "texture": "#0"},
				"east": {"uv": [2.25, 8.75, 2.34375, 8.8125], "texture": "#0"},
				"south": {"uv": [1.5, 8.25, 2.0625, 8.3125], "texture": "#0"},
				"west": {"uv": [2.5, 8.75, 2.59375, 8.8125], "texture": "#0"},
				"up": {"uv": [2.0625, 8.09375, 1.5, 8], "texture": "#0"},
				"down": {"uv": [2.8125, 8, 2.25, 8.09375], "texture": "#0"}
			}
		},
		{
			"from": [-2.6, 4.4, 7.8],
			"to": [-0.4, 4.7, 8.2],
			"rotation": {"angle": 0, "axis": "y", "origin": [0, -8, 0]},
			"faces": {
				"north": {"uv": [2.25, 8.25, 2.8125, 8.3125], "texture": "#0"},
				"east": {"uv": [2.75, 8.75, 2.84375, 8.8125], "texture": "#0"},
				"south": {"uv": [3, 8.25, 3.5625, 8.3125], "texture": "#0"},
				"west": {"uv": [3, 8.75, 3.09375, 8.8125], "texture": "#0"},
				"up": {"uv": [3.5625, 8.09375, 3, 8], "texture": "#0"},
				"down": {"uv": [8.5625, 3.5, 8, 3.59375], "texture": "#0"}
			}
		},
		{
			"from": [6.9, 1.4, 6.9],
			"to": [9.1, 1.8, 9.1],
			"rotation": {"angle": 0, "axis": "y", "origin": [0, -5.6, 0]},
			"faces": {
				"north": {"uv": [3.75, 8, 4.3125, 8.09375], "texture": "#0"},
				"east": {"uv": [8, 3.75, 8.5625, 3.84375], "texture": "#0"},
				"south": {"uv": [4.5, 8, 5.0625, 8.09375], "texture": "#0"},
				"west": {"uv": [8, 5, 8.5625, 5.09375], "texture": "#0"},
				"up": {"uv": [5.3125, 1.3125, 4.75, 0.75], "texture": "#0"},
				"down": {"uv": [2.0625, 5, 1.5, 5.5625], "texture": "#0"}
			}
		},
		{
			"from": [7.1, 1.8, 7.1],
			"to": [8.9, 2.1, 8.9],
			"rotation": {"angle": 0, "axis": "y", "origin": [0, -5.6, 0]},
			"faces": {
				"north": {"uv": [5.5, 8.5, 5.9375, 8.5625], "texture": "#0"},
				"east": {"uv": [8.5, 5.5, 8.9375, 5.5625], "texture": "#0"},
				"south": {"uv": [8.5, 5.75, 8.9375, 5.8125], "texture": "#0"},
				"west": {"uv": [6, 8.5, 6.4375, 8.5625], "texture": "#0"},
				"up": {"uv": [6.6875, 6.9375, 6.25, 6.5], "texture": "#0"},
				"down": {"uv": [0.4375, 6.75, 0, 7.1875], "texture": "#0"}
			}
		},
		{
			"from": [6.9, 2.1, 6.9],
			"to": [9.1, 2.5, 9.1],
			"rotation": {"angle": 0, "axis": "y", "origin": [0, -5.6, 0]},
			"faces": {
				"north": {"uv": [5.25, 8, 5.8125, 8.09375], "texture": "#0"},
				"east": {"uv": [8, 5.25, 8.5625, 5.34375], "texture": "#0"},
				"south": {"uv": [6, 8, 6.5625, 8.09375], "texture": "#0"},
				"west": {"uv": [6.75, 8, 7.3125, 8.09375], "texture": "#0"},
				"up": {"uv": [5.5625, 2.0625, 5, 1.5], "texture": "#0"},
				"down": {"uv": [2.8125, 5, 2.25, 5.5625], "texture": "#0"}
			}
		},
		{
			"from": [7.1, 2.5, 7.1],
			"to": [8.9, 2.8, 8.9],
			"rotation": {"angle": 0, "axis": "y", "origin": [0, -5.6, 0]},
			"faces": {
				"north": {"uv": [6.5, 8.5, 6.9375, 8.5625], "texture": "#0"},
				"east": {"uv": [7, 8.5, 7.4375, 8.5625], "texture": "#0"},
				"south": {"uv": [7.5, 8.5, 7.9375, 8.5625], "texture": "#0"},
				"west": {"uv": [8, 8.5, 8.4375, 8.5625], "texture": "#0"},
				"up": {"uv": [0.9375, 7.1875, 0.5, 6.75], "texture": "#0"},
				"down": {"uv": [1.4375, 6.75, 1, 7.1875], "texture": "#0"}
			}
		},
		{
			"from": [6.9, 2.8, 6.9],
			"to": [9.1, 3.2, 9.1],
			"rotation": {"angle": 0, "axis": "y", "origin": [0, -5.6, 0]},
			"faces": {
				"north": {"uv": [7.5, 8, 8.0625, 8.09375], "texture": "#0"},
				"east": {"uv": [8, 7.5, 8.5625, 7.59375], "texture": "#0"},
				"south": {"uv": [8, 7.75, 8.5625, 7.84375], "texture": "#0"},
				"west": {"uv": [0, 8.25, 0.5625, 8.34375], "texture": "#0"},
				"up": {"uv": [5.5625, 2.8125, 5, 2.25], "texture": "#0"},
				"down": {"uv": [3.5625, 5, 3, 5.5625], "texture": "#0"}
			}
		},
		{
			"from": [6.5, -13.9, 7.5],
			"to": [9.5, -12.9, 8.5],
			"faces": {
				"north": {"uv": [1.5, 6.75, 2.25, 7], "texture": "#0"},
				"east": {"uv": [1.25, 7.25, 1.5, 7.5], "texture": "#0"},
				"south": {"uv": [6.75, 1.5, 7.5, 1.75], "texture": "#0"},
				"west": {"uv": [4.25, 7.25, 4.5, 7.5], "texture": "#0"},
				"up": {"uv": [7.5, 2, 6.75, 1.75], "texture": "#0"},
				"down": {"uv": [7.5, 2, 6.75, 2.25], "texture": "#0"}
			}
		},
		{
			"from": [10.5, -11.9, 7.5],
			"to": [11.5, -8.9, 8.5],
			"faces": {
				"north": {"uv": [4.75, 5.25, 5, 6], "texture": "#0"},
				"east": {"uv": [2.25, 6.75, 2.5, 7.5], "texture": "#0"},
				"south": {"uv": [6.75, 2.25, 7, 3], "texture": "#0"},
				"west": {"uv": [2.5, 6.75, 2.75, 7.5], "texture": "#0"},
				"up": {"uv": [4.75, 7.5, 4.5, 7.25], "texture": "#0"},
				"down": {"uv": [6.75, 7.25, 6.5, 7.5], "texture": "#0"}
			}
		},
		{
			"from": [4.5, -11.9, 7.5],
			"to": [5.5, -8.9, 8.5],
			"faces": {
				"north": {"uv": [2.75, 6.75, 3, 7.5], "texture": "#0"},
				"east": {"uv": [3, 6.75, 3.25, 7.5], "texture": "#0"},
				"south": {"uv": [3.25, 6.75, 3.5, 7.5], "texture": "#0"},
				"west": {"uv": [3.5, 6.75, 3.75, 7.5], "texture": "#0"},
				"up": {"uv": [7, 7.5, 6.75, 7.25], "texture": "#0"},
				"down": {"uv": [7.25, 7.25, 7, 7.5], "texture": "#0"}
			}
		},
		{
			"from": [6.5, -7.9, 7.5],
			"to": [9.5, -6.9, 8.5],
			"faces": {
				"north": {"uv": [6.75, 4, 7.5, 4.25], "texture": "#0"},
				"east": {"uv": [7.25, 7.25, 7.5, 7.5], "texture": "#0"},
				"south": {"uv": [6.75, 4.25, 7.5, 4.5], "texture": "#0"},
				"west": {"uv": [0, 7.5, 0.25, 7.75], "texture": "#0"},
				"up": {"uv": [7.5, 4.75, 6.75, 4.5], "texture": "#0"},
				"down": {"uv": [7.5, 4.75, 6.75, 5], "texture": "#0"}
			}
		},
		{
			"from": [6.3, -6.9, 7.3],
			"to": [9.7, -6.4, 8.7],
			"faces": {
				"north": {"uv": [7, 0, 7.84375, 0.125], "texture": "#0"},
				"east": {"uv": [4.25, 7.5, 4.59375, 7.625], "texture": "#0"},
				"south": {"uv": [7, 0.25, 7.84375, 0.375], "texture": "#0"},
				"west": {"uv": [1.5, 7.75, 1.84375, 7.875], "texture": "#0"},
				"up": {"uv": [5.84375, 3.34375, 5, 3], "texture": "#0"},
				"down": {"uv": [5.84375, 3.5, 5, 3.84375], "texture": "#0"}
			}
		},
		{
			"from": [6.1, -6.4, 7.1],
			"to": [9.9, -5.9, 8.9],
			"faces": {
				"north": {"uv": [6.75, 5.5, 7.6875, 5.625], "texture": "#0"},
				"east": {"uv": [7.5, 3.5, 7.9375, 3.625], "texture": "#0"},
				"south": {"uv": [6.75, 5.75, 7.6875, 5.875], "texture": "#0"},
				"west": {"uv": [7.5, 3.75, 7.9375, 3.875], "texture": "#0"},
				"up": {"uv": [2.9375, 3.4375, 2, 3], "texture": "#0"},
				"down": {"uv": [3.9375, 3, 3, 3.4375], "texture": "#0"}
			}
		},
		{
			"from": [9.5, -12.9, 7.5],
			"to": [10.5, -11.9, 8.5],
			"faces": {
				"north": {"uv": [0.25, 7.5, 0.5, 7.75], "texture": "#0"},
				"east": {"uv": [0.5, 7.5, 0.75, 7.75], "texture": "#0"},
				"south": {"uv": [7.5, 0.5, 7.75, 0.75], "texture": "#0"},
				"west": {"uv": [0.75, 7.5, 1, 7.75], "texture": "#0"},
				"up": {"uv": [7.75, 1, 7.5, 0.75], "texture": "#0"},
				"down": {"uv": [7.75, 1, 7.5, 1.25], "texture": "#0"}
			}
		},
		{
			"from": [5.5, -12.9, 7.5],
			"to": [6.5, -11.9, 8.5],
			"faces": {
				"north": {"uv": [1.25, 7.5, 1.5, 7.75], "texture": "#0"},
				"east": {"uv": [7.5, 1.25, 7.75, 1.5], "texture": "#0"},
				"south": {"uv": [1.5, 7.5, 1.75, 7.75], "texture": "#0"},
				"west": {"uv": [7.5, 1.5, 7.75, 1.75], "texture": "#0"},
				"up": {"uv": [2, 7.75, 1.75, 7.5], "texture": "#0"},
				"down": {"uv": [7.75, 1.75, 7.5, 2], "texture": "#0"}
			}
		},
		{
			"from": [5.5, -8.9, 7.5],
			"to": [6.5, -7.9, 8.5],
			"faces": {
				"north": {"uv": [7.5, 2, 7.75, 2.25], "texture": "#0"},
				"east": {"uv": [2.25, 7.5, 2.5, 7.75], "texture": "#0"},
				"south": {"uv": [7.5, 2.25, 7.75, 2.5], "texture": "#0"},
				"west": {"uv": [2.5, 7.5, 2.75, 7.75], "texture": "#0"},
				"up": {"uv": [7.75, 2.75, 7.5, 2.5], "texture": "#0"},
				"down": {"uv": [3, 7.5, 2.75, 7.75], "texture": "#0"}
			}
		},
		{
			"from": [2.5, -10.7, 7.7],
			"to": [4.5, -10.1, 8.3],
			"faces": {
				"north": {"uv": [7, 3.75, 7.5, 3.90625], "texture": "#0"},
				"east": {"uv": [8.5, 8.5, 8.65625, 8.65625], "texture": "#0"},
				"south": {"uv": [5, 7, 5.5, 7.15625], "texture": "#0"},
				"west": {"uv": [0, 8.75, 0.15625, 8.90625], "texture": "#0"},
				"up": {"uv": [6, 7.15625, 5.5, 7], "texture": "#0"},
				"down": {"uv": [6.5, 7, 6, 7.15625], "texture": "#0"}
			}
		},
		{
			"from": [11.5, -10.7, 7.7],
			"to": [13.5, -10.1, 8.3],
			"faces": {
				"north": {"uv": [6.5, 7, 7, 7.15625], "texture": "#0"},
				"east": {"uv": [8.75, 0, 8.90625, 0.15625], "texture": "#0"},
				"south": {"uv": [7, 7, 7.5, 7.15625], "texture": "#0"},
				"west": {"uv": [0.25, 8.75, 0.40625, 8.90625], "texture": "#0"},
				"up": {"uv": [0.5, 7.40625, 0, 7.25], "texture": "#0"},
				"down": {"uv": [1, 7.25, 0.5, 7.40625], "texture": "#0"}
			}
		},
		{
			"from": [7.7, -15.9, 7.7],
			"to": [8.3, -13.9, 8.3],
			"faces": {
				"north": {"uv": [4, 3, 4.15625, 3.5], "texture": "#0"},
				"east": {"uv": [1.25, 5.25, 1.40625, 5.75], "texture": "#0"},
				"south": {"uv": [4.75, 6, 4.90625, 6.5], "texture": "#0"},
				"west": {"uv": [1, 7.25, 1.15625, 7.75], "texture": "#0"},
				"up": {"uv": [8.90625, 0.40625, 8.75, 0.25], "texture": "#0"},
				"down": {"uv": [0.65625, 8.75, 0.5, 8.90625], "texture": "#0"}
			}
		},
		{
			"from": [9.5, -8.9, 7.5],
			"to": [10.5, -7.9, 8.5],
			"faces": {
				"north": {"uv": [7.5, 2.75, 7.75, 3], "texture": "#0"},
				"east": {"uv": [3, 7.5, 3.25, 7.75], "texture": "#0"},
				"south": {"uv": [7.5, 3, 7.75, 3.25], "texture": "#0"},
				"west": {"uv": [3.25, 7.5, 3.5, 7.75], "texture": "#0"},
				"up": {"uv": [7.75, 3.5, 7.5, 3.25], "texture": "#0"},
				"down": {"uv": [3.75, 7.5, 3.5, 7.75], "texture": "#0"}
			}
		}
	],
	"display": {
		"thirdperson_righthand": {
			"rotation": [0, 90, 0],
			"translation": [0, 10.75, 1.5],
			"scale": [0.5, 0.5, 0.5]
		},
		"thirdperson_lefthand": {
			"rotation": [0, 90, 0],
			"translation": [0, 10.75, 1.5],
			"scale": [0.5, 0.5, 0.5]
		},
		"firstperson_righthand": {
			"rotation": [-45, 90, 0],
			"translation": [4, 8, -5.75],
			"scale": [0.5, 0.5, 0.5]
		},
		"firstperson_lefthand": {
			"rotation": [-45, 90, 0],
			"translation": [4, 8, -5.75],
			"scale": [0.5, 0.5, 0.5]
		},
		"ground": {
			"translation": [0, 8, 0],
			"scale": [0.5, 0.5, 0.5]
		},
		"gui": {
			"rotation": [0, 0, -45],
			"scale": [0.4, 0.4, 0.4]
		},
		"head": {
			"rotation": [0, 0, -130],
			"translation": [-14, 12.25, 0]
		},
		"fixed": {
			"scale": [0.5, 0.5, 0.5]
		}
	},
	"groups": [
		{
			"name": "group",
			"origin": [8, 8, 8],
			"color": 0,
			"children": [
				0,
				1,
				2,
				3,
				4,
				5,
				6,
				7,
				8,
				9,
				10,
				11,
				12,
				13,
				14,
				15,
				16,
				17,
				18,
				19,
				20,
				21,
				22,
				23,
				24,
				25,
				26,
				27,
				28,
				29,
				30,
				31,
				32,
				33,
				34,
				35,
				36,
				37,
				38,
				39,
				40,
				41,
				42,
				43,
				44,
				45,
				46,
				47,
				48,
				49,
				50,
				51,
				52,
				53
			]
		}
	]
}