{
	"credit": "Made with Blockbench",
	"texture_size": [32, 32],
	"textures": {
		"0": "item/diamond_axe",
		"1": "item/diamond_axe2",
		"particle": "item/diamond_axe"
	},
	"elements": [
		{
			"from": [9.5, -8.9, 7.5],
			"to": [10.5, -7.9, 8.5],
			"faces": {
				"north": {"uv": [7.25, 3.5, 7.5, 3.75], "texture": "#0"},
				"east": {"uv": [3.75, 7.25, 4, 7.5], "texture": "#0"},
				"south": {"uv": [7.25, 3.75, 7.5, 4], "texture": "#0"},
				"west": {"uv": [4, 7.25, 4.25, 7.5], "texture": "#0"},
				"up": {"uv": [7.5, 4.25, 7.25, 4], "texture": "#0"},
				"down": {"uv": [4.5, 7.25, 4.25, 7.5], "texture": "#0"}
			}
		},
		{
			"from": [7.7, -15.9, 7.7],
			"to": [8.3, -13.9, 8.3],
			"faces": {
				"north": {"uv": [4.25, 4.75, 4.40625, 5.25], "texture": "#0"},
				"east": {"uv": [5.5, 6.75, 5.65625, 7.25], "texture": "#0"},
				"south": {"uv": [5.75, 6.75, 5.90625, 7.25], "texture": "#0"},
				"west": {"uv": [6, 6.75, 6.15625, 7.25], "texture": "#0"},
				"up": {"uv": [0.15625, 8.65625, 0, 8.5], "texture": "#0"},
				"down": {"uv": [0.40625, 8.5, 0.25, 8.65625], "texture": "#0"}
			}
		},
		{
			"from": [11.5, -10.7, 7.7],
			"to": [13.5, -10.1, 8.3],
			"faces": {
				"north": {"uv": [6.75, 4.75, 7.25, 4.90625], "texture": "#0"},
				"east": {"uv": [8.25, 8, 8.40625, 8.15625], "texture": "#0"},
				"south": {"uv": [5, 6.75, 5.5, 6.90625], "texture": "#0"},
				"west": {"uv": [8.25, 8.25, 8.40625, 8.40625], "texture": "#0"},
				"up": {"uv": [7.25, 5.15625, 6.75, 5], "texture": "#0"},
				"down": {"uv": [7.25, 5.25, 6.75, 5.40625], "texture": "#0"}
			}
		},
		{
			"from": [2.5, -10.7, 7.7],
			"to": [4.5, -10.1, 8.3],
			"faces": {
				"north": {"uv": [2.25, 3.75, 2.75, 3.90625], "texture": "#0"},
				"east": {"uv": [8.25, 7.75, 8.40625, 7.90625], "texture": "#0"},
				"south": {"uv": [3.75, 2.25, 4.25, 2.40625], "texture": "#0"},
				"west": {"uv": [8, 8.25, 8.15625, 8.40625], "texture": "#0"},
				"up": {"uv": [5, 6.90625, 4.5, 6.75], "texture": "#0"},
				"down": {"uv": [7.25, 4.5, 6.75, 4.65625], "texture": "#0"}
			}
		},
		{
			"from": [5.5, -8.9, 7.5],
			"to": [6.5, -7.9, 8.5],
			"faces": {
				"north": {"uv": [7.25, 2.75, 7.5, 3], "texture": "#0"},
				"east": {"uv": [3, 7.25, 3.25, 7.5], "texture": "#0"},
				"south": {"uv": [7.25, 3, 7.5, 3.25], "texture": "#0"},
				"west": {"uv": [3.25, 7.25, 3.5, 7.5], "texture": "#0"},
				"up": {"uv": [7.5, 3.5, 7.25, 3.25], "texture": "#0"},
				"down": {"uv": [3.75, 7.25, 3.5, 7.5], "texture": "#0"}
			}
		},
		{
			"from": [5.5, -12.9, 7.5],
			"to": [6.5, -11.9, 8.5],
			"faces": {
				"north": {"uv": [1.75, 7.25, 2, 7.5], "texture": "#0"},
				"east": {"uv": [2, 7.25, 2.25, 7.5], "texture": "#0"},
				"south": {"uv": [2.25, 7.25, 2.5, 7.5], "texture": "#0"},
				"west": {"uv": [2.5, 7.25, 2.75, 7.5], "texture": "#0"},
				"up": {"uv": [7.5, 2.75, 7.25, 2.5], "texture": "#0"},
				"down": {"uv": [3, 7.25, 2.75, 7.5], "texture": "#0"}
			}
		},
		{
			"from": [9.5, -12.9, 7.5],
			"to": [10.5, -11.9, 8.5],
			"faces": {
				"north": {"uv": [7.25, 0.75, 7.5, 1], "texture": "#0"},
				"east": {"uv": [1, 7.25, 1.25, 7.5], "texture": "#0"},
				"south": {"uv": [7.25, 1, 7.5, 1.25], "texture": "#0"},
				"west": {"uv": [1.25, 7.25, 1.5, 7.5], "texture": "#0"},
				"up": {"uv": [7.5, 1.5, 7.25, 1.25], "texture": "#0"},
				"down": {"uv": [1.75, 7.25, 1.5, 7.5], "texture": "#0"}
			}
		},
		{
			"from": [6.1, -6.4, 7.1],
			"to": [9.9, -5.9, 8.9],
			"faces": {
				"north": {"uv": [6.5, 6.25, 7.4375, 6.375], "texture": "#0"},
				"east": {"uv": [7.25, 4.25, 7.6875, 4.375], "texture": "#0"},
				"south": {"uv": [6.5, 6.5, 7.4375, 6.625], "texture": "#0"},
				"west": {"uv": [4.5, 7.25, 4.9375, 7.375], "texture": "#0"},
				"up": {"uv": [3.6875, 1.9375, 2.75, 1.5], "texture": "#0"},
				"down": {"uv": [3.6875, 2, 2.75, 2.4375], "texture": "#0"}
			}
		},
		{
			"from": [6.3, -6.9, 7.3],
			"to": [9.7, -6.4, 8.7],
			"faces": {
				"north": {"uv": [0, 6.75, 0.84375, 6.875], "texture": "#0"},
				"east": {"uv": [0.75, 8, 1.09375, 8.125], "texture": "#0"},
				"south": {"uv": [1, 6.75, 1.84375, 6.875], "texture": "#0"},
				"west": {"uv": [1.25, 8, 1.59375, 8.125], "texture": "#0"},
				"up": {"uv": [5.84375, 0.34375, 5, 0], "texture": "#0"},
				"down": {"uv": [5.84375, 0.5, 5, 0.84375], "texture": "#0"}
			}
		},
		{
			"from": [6.5, -7.9, 7.5],
			"to": [9.5, -6.9, 8.5],
			"faces": {
				"north": {"uv": [6.5, 1, 7.25, 1.25], "texture": "#0"},
				"east": {"uv": [7.25, 0.5, 7.5, 0.75], "texture": "#0"},
				"south": {"uv": [6.5, 1.25, 7.25, 1.5], "texture": "#0"},
				"west": {"uv": [0.75, 7.25, 1, 7.5], "texture": "#0"},
				"up": {"uv": [7.25, 6, 6.5, 5.75], "texture": "#0"},
				"down": {"uv": [7.25, 6, 6.5, 6.25], "texture": "#0"}
			}
		},
		{
			"from": [4.5, -11.9, 7.5],
			"to": [5.5, -8.9, 8.5],
			"faces": {
				"north": {"uv": [2.75, 6.5, 3, 7.25], "texture": "#0"},
				"east": {"uv": [6.5, 2.75, 6.75, 3.5], "texture": "#0"},
				"south": {"uv": [3, 6.5, 3.25, 7.25], "texture": "#0"},
				"west": {"uv": [3.25, 6.5, 3.5, 7.25], "texture": "#0"},
				"up": {"uv": [5.5, 7.25, 5.25, 7], "texture": "#0"},
				"down": {"uv": [0.75, 7.25, 0.5, 7.5], "texture": "#0"}
			}
		},
		{
			"from": [10.5, -11.9, 7.5],
			"to": [11.5, -8.9, 8.5],
			"faces": {
				"north": {"uv": [2, 6.5, 2.25, 7.25], "texture": "#0"},
				"east": {"uv": [6.5, 2, 6.75, 2.75], "texture": "#0"},
				"south": {"uv": [2.25, 6.5, 2.5, 7.25], "texture": "#0"},
				"west": {"uv": [2.5, 6.5, 2.75, 7.25], "texture": "#0"},
				"up": {"uv": [3.75, 5.75, 3.5, 5.5], "texture": "#0"},
				"down": {"uv": [6.25, 3.5, 6, 3.75], "texture": "#0"}
			}
		},
		{
			"from": [6.5, -13.9, 7.5],
			"to": [9.5, -12.9, 8.5],
			"faces": {
				"north": {"uv": [5.25, 2, 6, 2.25], "texture": "#0"},
				"east": {"uv": [4.25, 3.75, 4.5, 4], "texture": "#0"},
				"south": {"uv": [6.25, 5.5, 7, 5.75], "texture": "#0"},
				"west": {"uv": [2, 5.25, 2.25, 5.5], "texture": "#0"},
				"up": {"uv": [7.25, 0.75, 6.5, 0.5], "texture": "#0"},
				"down": {"uv": [7.25, 0.75, 6.5, 1], "texture": "#0"}
			}
		},
		{
			"from": [6.9, 2.8, 6.9],
			"to": [9.1, 3.2, 9.1],
			"rotation": {"angle": 0, "axis": "y", "origin": [0, -5.6, 0]},
			"faces": {
				"north": {"uv": [3.75, 7.75, 4.3125, 7.84375], "texture": "#0"},
				"east": {"uv": [7.75, 4.25, 8.3125, 4.34375], "texture": "#0"},
				"south": {"uv": [4.5, 7.75, 5.0625, 7.84375], "texture": "#0"},
				"west": {"uv": [5.25, 7.75, 5.8125, 7.84375], "texture": "#0"},
				"up": {"uv": [2.8125, 5.3125, 2.25, 4.75], "texture": "#0"},
				"down": {"uv": [3.5625, 4.75, 3, 5.3125], "texture": "#0"}
			}
		},
		{
			"from": [7.1, 2.5, 7.1],
			"to": [8.9, 2.8, 8.9],
			"rotation": {"angle": 0, "axis": "y", "origin": [0, -5.6, 0]},
			"faces": {
				"north": {"uv": [8.25, 6.5, 8.6875, 6.5625], "texture": "#0"},
				"east": {"uv": [7, 8.25, 7.4375, 8.3125], "texture": "#0"},
				"south": {"uv": [7.5, 8.25, 7.9375, 8.3125], "texture": "#0"},
				"west": {"uv": [8.25, 7.5, 8.6875, 7.5625], "texture": "#0"},
				"up": {"uv": [6.4375, 6.6875, 6, 6.25], "texture": "#0"},
				"down": {"uv": [6.9375, 0, 6.5, 0.4375], "texture": "#0"}
			}
		},
		{
			"from": [6.9, 2.1, 6.9],
			"to": [9.1, 2.5, 9.1],
			"rotation": {"angle": 0, "axis": "y", "origin": [0, -5.6, 0]},
			"faces": {
				"north": {"uv": [0.75, 7.75, 1.3125, 7.84375], "texture": "#0"},
				"east": {"uv": [1.5, 7.75, 2.0625, 7.84375], "texture": "#0"},
				"south": {"uv": [2.25, 7.75, 2.8125, 7.84375], "texture": "#0"},
				"west": {"uv": [3, 7.75, 3.5625, 7.84375], "texture": "#0"},
				"up": {"uv": [5.0625, 4.3125, 4.5, 3.75], "texture": "#0"},
				"down": {"uv": [5.0625, 4.5, 4.5, 5.0625], "texture": "#0"}
			}
		},
		{
			"from": [7.1, 1.8, 7.1],
			"to": [8.9, 2.1, 8.9],
			"rotation": {"angle": 0, "axis": "y", "origin": [0, -5.6, 0]},
			"faces": {
				"north": {"uv": [8.25, 5.5, 8.6875, 5.5625], "texture": "#0"},
				"east": {"uv": [6, 8.25, 6.4375, 8.3125], "texture": "#0"},
				"south": {"uv": [8.25, 6.25, 8.6875, 6.3125], "texture": "#0"},
				"west": {"uv": [6.5, 8.25, 6.9375, 8.3125], "texture": "#0"},
				"up": {"uv": [6.6875, 5.4375, 6.25, 5], "texture": "#0"},
				"down": {"uv": [5.9375, 6.25, 5.5, 6.6875], "texture": "#0"}
			}
		},
		{
			"from": [6.9, 1.4, 6.9],
			"to": [9.1, 1.8, 9.1],
			"rotation": {"angle": 0, "axis": "y", "origin": [0, -5.6, 0]},
			"faces": {
				"north": {"uv": [6.75, 7.5, 7.3125, 7.59375], "texture": "#0"},
				"east": {"uv": [7.5, 7.5, 8.0625, 7.59375], "texture": "#0"},
				"south": {"uv": [0, 7.75, 0.5625, 7.84375], "texture": "#0"},
				"west": {"uv": [7.75, 0.25, 8.3125, 0.34375], "texture": "#0"},
				"up": {"uv": [2.0625, 5.0625, 1.5, 4.5], "texture": "#0"},
				"down": {"uv": [5.0625, 1.5, 4.5, 2.0625], "texture": "#0"}
			}
		},
		{
			"from": [6.9, 0.7, 6.9],
			"to": [9.1, 1.1, 9.1],
			"rotation": {"angle": 0, "axis": "y", "origin": [0, -5.6, 0]},
			"faces": {
				"north": {"uv": [7.5, 5.5, 8.0625, 5.59375], "texture": "#0"},
				"east": {"uv": [6, 7.5, 6.5625, 7.59375], "texture": "#0"},
				"south": {"uv": [7.5, 6.25, 8.0625, 6.34375], "texture": "#0"},
				"west": {"uv": [7.5, 6.5, 8.0625, 6.59375], "texture": "#0"},
				"up": {"uv": [0.5625, 5.0625, 0, 4.5], "texture": "#0"},
				"down": {"uv": [1.3125, 4.5, 0.75, 5.0625], "texture": "#0"}
			}
		},
		{
			"from": [7.1, 1.1, 7.1],
			"to": [8.9, 1.4, 8.9],
			"rotation": {"angle": 0, "axis": "y", "origin": [0, -5.6, 0]},
			"faces": {
				"north": {"uv": [8.25, 4, 8.6875, 4.0625], "texture": "#0"},
				"east": {"uv": [4.5, 8.25, 4.9375, 8.3125], "texture": "#0"},
				"south": {"uv": [5, 8.25, 5.4375, 8.3125], "texture": "#0"},
				"west": {"uv": [5.5, 8.25, 5.9375, 8.3125], "texture": "#0"},
				"up": {"uv": [6.6875, 4.9375, 6.25, 4.5], "texture": "#0"},
				"down": {"uv": [5.4375, 6.25, 5, 6.6875], "texture": "#0"}
			}
		},
		{
			"from": [7.1, 0.4, 7.1],
			"to": [8.9, 0.7, 8.9],
			"faces": {
				"north": {"uv": [3.5, 8.25, 3.9375, 8.3125], "texture": "#0"},
				"east": {"uv": [8.25, 3.5, 8.6875, 3.5625], "texture": "#0"},
				"south": {"uv": [8.25, 3.75, 8.6875, 3.8125], "texture": "#0"},
				"west": {"uv": [4, 8.25, 4.4375, 8.3125], "texture": "#0"},
				"up": {"uv": [6.6875, 4.4375, 6.25, 4], "texture": "#0"},
				"down": {"uv": [4.9375, 6.25, 4.5, 6.6875], "texture": "#0"}
			}
		},
		{
			"from": [6.9, 0, 6.9],
			"to": [9.1, 0.4, 9.1],
			"faces": {
				"north": {"uv": [7.5, 3.75, 8.0625, 3.84375], "texture": "#0"},
				"east": {"uv": [7.5, 4, 8.0625, 4.09375], "texture": "#0"},
				"south": {"uv": [4.5, 7.5, 5.0625, 7.59375], "texture": "#0"},
				"west": {"uv": [5.25, 7.5, 5.8125, 7.59375], "texture": "#0"},
				"up": {"uv": [4.8125, 2.8125, 4.25, 2.25], "texture": "#0"},
				"down": {"uv": [4.8125, 3, 4.25, 3.5625], "texture": "#0"}
			}
		},
		{
			"from": [7.1, -0.3, 7.1],
			"to": [8.9, 0, 8.9],
			"faces": {
				"north": {"uv": [8.25, 2.75, 8.6875, 2.8125], "texture": "#0"},
				"east": {"uv": [3, 8.25, 3.4375, 8.3125], "texture": "#0"},
				"south": {"uv": [8.25, 3, 8.6875, 3.0625], "texture": "#0"},
				"west": {"uv": [8.25, 3.25, 8.6875, 3.3125], "texture": "#0"},
				"up": {"uv": [6.6875, 3.9375, 6.25, 3.5], "texture": "#0"},
				"down": {"uv": [4.4375, 6.25, 4, 6.6875], "texture": "#0"}
			}
		},
		{
			"from": [6.9, -0.7, 6.9],
			"to": [9.1, -0.3, 9.1],
			"faces": {
				"north": {"uv": [7.5, 3, 8.0625, 3.09375], "texture": "#0"},
				"east": {"uv": [7.5, 3.25, 8.0625, 3.34375], "texture": "#0"},
				"south": {"uv": [7.5, 3.5, 8.0625, 3.59375], "texture": "#0"},
				"west": {"uv": [3.75, 7.5, 4.3125, 7.59375], "texture": "#0"},
				"up": {"uv": [4.8125, 0.5625, 4.25, 0], "texture": "#0"},
				"down": {"uv": [4.8125, 0.75, 4.25, 1.3125], "texture": "#0"}
			}
		},
		{
			"from": [7.1, -1, 7.1],
			"to": [8.9, -0.7, 8.9],
			"faces": {
				"north": {"uv": [8.25, 2, 8.6875, 2.0625], "texture": "#0"},
				"east": {"uv": [8.25, 2.25, 8.6875, 2.3125], "texture": "#0"},
				"south": {"uv": [2.5, 8.25, 2.9375, 8.3125], "texture": "#0"},
				"west": {"uv": [8.25, 2.5, 8.6875, 2.5625], "texture": "#0"},
				"up": {"uv": [6.6875, 1.9375, 6.25, 1.5], "texture": "#0"},
				"down": {"uv": [3.9375, 6.25, 3.5, 6.6875], "texture": "#0"}
			}
		},
		{
			"from": [6.9, -1.4, 6.9],
			"to": [9.1, -1, 9.1],
			"faces": {
				"north": {"uv": [7.5, 2.25, 8.0625, 2.34375], "texture": "#0"},
				"east": {"uv": [7.5, 2.5, 8.0625, 2.59375], "texture": "#0"},
				"south": {"uv": [7.5, 2.75, 8.0625, 2.84375], "texture": "#0"},
				"west": {"uv": [3, 7.5, 3.5625, 7.59375], "texture": "#0"},
				"up": {"uv": [3.5625, 4.5625, 3, 4], "texture": "#0"},
				"down": {"uv": [4.3125, 4, 3.75, 4.5625], "texture": "#0"}
			}
		},
		{
			"from": [6.9, -2.1, 6.9],
			"to": [9.1, -1.7, 9.1],
			"faces": {
				"north": {"uv": [7.5, 1.5, 8.0625, 1.59375], "texture": "#0"},
				"east": {"uv": [7.5, 1.75, 8.0625, 1.84375], "texture": "#0"},
				"south": {"uv": [7.5, 2, 8.0625, 2.09375], "texture": "#0"},
				"west": {"uv": [2.25, 7.5, 2.8125, 7.59375], "texture": "#0"},
				"up": {"uv": [4.3125, 2.0625, 3.75, 1.5], "texture": "#0"},
				"down": {"uv": [2.8125, 4, 2.25, 4.5625], "texture": "#0"}
			}
		},
		{
			"from": [7.1, -1.7, 7.1],
			"to": [8.9, -1.4, 8.9],
			"faces": {
				"north": {"uv": [1.5, 8.25, 1.9375, 8.3125], "texture": "#0"},
				"east": {"uv": [8.25, 1.5, 8.6875, 1.5625], "texture": "#0"},
				"south": {"uv": [8.25, 1.75, 8.6875, 1.8125], "texture": "#0"},
				"west": {"uv": [2, 8.25, 2.4375, 8.3125], "texture": "#0"},
				"up": {"uv": [1.4375, 6.6875, 1, 6.25], "texture": "#0"},
				"down": {"uv": [1.9375, 6.25, 1.5, 6.6875], "texture": "#0"}
			}
		},
		{
			"from": [6.9, -2.8, 6.9],
			"to": [9.1, -2.4, 9.1],
			"faces": {
				"north": {"uv": [7.5, 0.75, 8.0625, 0.84375], "texture": "#0"},
				"east": {"uv": [7.5, 1, 8.0625, 1.09375], "texture": "#0"},
				"south": {"uv": [7.5, 1.25, 8.0625, 1.34375], "texture": "#0"},
				"west": {"uv": [1.5, 7.5, 2.0625, 7.59375], "texture": "#0"},
				"up": {"uv": [1.3125, 4.3125, 0.75, 3.75], "texture": "#0"},
				"down": {"uv": [2.0625, 3.75, 1.5, 4.3125], "texture": "#0"}
			}
		},
		{
			"from": [7.1, -2.4, 7.1],
			"to": [8.9, -2.1, 8.9],
			"faces": {
				"north": {"uv": [8.25, 0.75, 8.6875, 0.8125], "texture": "#0"},
				"east": {"uv": [1, 8.25, 1.4375, 8.3125], "texture": "#0"},
				"south": {"uv": [8.25, 1, 8.6875, 1.0625], "texture": "#0"},
				"west": {"uv": [8.25, 1.25, 8.6875, 1.3125], "texture": "#0"},
				"up": {"uv": [0.4375, 6.6875, 0, 6.25], "texture": "#0"},
				"down": {"uv": [0.9375, 6.25, 0.5, 6.6875], "texture": "#0"}
			}
		},
		{
			"from": [6.9, -3.5, 6.9],
			"to": [9.1, -3.1, 9.1],
			"faces": {
				"north": {"uv": [0, 7.5, 0.5625, 7.59375], "texture": "#0"},
				"east": {"uv": [7.5, 0, 8.0625, 0.09375], "texture": "#0"},
				"south": {"uv": [7.5, 0.5, 8.0625, 0.59375], "texture": "#0"},
				"west": {"uv": [0.75, 7.5, 1.3125, 7.59375], "texture": "#0"},
				"up": {"uv": [4.0625, 3.8125, 3.5, 3.25], "texture": "#0"},
				"down": {"uv": [0.5625, 3.75, 0, 4.3125], "texture": "#0"}
			}
		},
		{
			"from": [7.1, -3.1, 7.1],
			"to": [8.9, -2.8, 8.9],
			"faces": {
				"north": {"uv": [0, 8.25, 0.4375, 8.3125], "texture": "#0"},
				"east": {"uv": [8.25, 0, 8.6875, 0.0625], "texture": "#0"},
				"south": {"uv": [0.5, 8.25, 0.9375, 8.3125], "texture": "#0"},
				"west": {"uv": [8.25, 0.5, 8.6875, 0.5625], "texture": "#0"},
				"up": {"uv": [6.4375, 3.4375, 6, 3], "texture": "#0"},
				"down": {"uv": [6.4375, 5.75, 6, 6.1875], "texture": "#0"}
			}
		},
		{
			"from": [6.9, -4.2, 6.9],
			"to": [9.1, -3.8, 9.1],
			"faces": {
				"north": {"uv": [6.5, 7.25, 7.0625, 7.34375], "texture": "#0"},
				"east": {"uv": [7.25, 6.75, 7.8125, 6.84375], "texture": "#0"},
				"south": {"uv": [7.25, 7, 7.8125, 7.09375], "texture": "#0"},
				"west": {"uv": [7.25, 7.25, 7.8125, 7.34375], "texture": "#0"},
				"up": {"uv": [4.0625, 1.3125, 3.5, 0.75], "texture": "#0"},
				"down": {"uv": [4.0625, 2.5, 3.5, 3.0625], "texture": "#0"}
			}
		},
		{
			"from": [7.1, -3.8, 7.1],
			"to": [8.9, -3.5, 8.9],
			"faces": {
				"north": {"uv": [8, 7, 8.4375, 7.0625], "texture": "#0"},
				"east": {"uv": [7.25, 8, 7.6875, 8.0625], "texture": "#0"},
				"south": {"uv": [8, 7.25, 8.4375, 7.3125], "texture": "#0"},
				"west": {"uv": [7.75, 8, 8.1875, 8.0625], "texture": "#0"},
				"up": {"uv": [6.4375, 2.9375, 6, 2.5], "texture": "#0"},
				"down": {"uv": [3.4375, 6, 3, 6.4375], "texture": "#0"}
			}
		},
		{
			"from": [6.9, -4.9, 6.9],
			"to": [9.1, -4.5, 9.1],
			"faces": {
				"north": {"uv": [7.25, 5.25, 7.8125, 5.34375], "texture": "#0"},
				"east": {"uv": [5.75, 7.25, 6.3125, 7.34375], "texture": "#0"},
				"south": {"uv": [7.25, 5.75, 7.8125, 5.84375], "texture": "#0"},
				"west": {"uv": [7.25, 6, 7.8125, 6.09375], "texture": "#0"},
				"up": {"uv": [3.3125, 3.8125, 2.75, 3.25], "texture": "#0"},
				"down": {"uv": [4.0625, 0, 3.5, 0.5625], "texture": "#0"}
			}
		},
		{
			"from": [7.1, -4.5, 7.1],
			"to": [8.9, -4.2, 8.9],
			"faces": {
				"north": {"uv": [8, 6, 8.4375, 6.0625], "texture": "#0"},
				"east": {"uv": [6.25, 8, 6.6875, 8.0625], "texture": "#0"},
				"south": {"uv": [6.75, 8, 7.1875, 8.0625], "texture": "#0"},
				"west": {"uv": [8, 6.75, 8.4375, 6.8125], "texture": "#0"},
				"up": {"uv": [6.4375, 2.4375, 6, 2], "texture": "#0"},
				"down": {"uv": [2.9375, 6, 2.5, 6.4375], "texture": "#0"}
			}
		},
		{
			"from": [6.9, -5.6, 6.9],
			"to": [9.1, -5.2, 9.1],
			"faces": {
				"north": {"uv": [7.25, 4.5, 7.8125, 4.59375], "texture": "#0"},
				"east": {"uv": [7.25, 4.75, 7.8125, 4.84375], "texture": "#0"},
				"south": {"uv": [5, 7.25, 5.5625, 7.34375], "texture": "#0"},
				"west": {"uv": [7.25, 5, 7.8125, 5.09375], "texture": "#0"},
				"up": {"uv": [3.3125, 3.0625, 2.75, 2.5], "texture": "#0"},
				"down": {"uv": [2.5625, 3, 2, 3.5625], "texture": "#0"}
			}
		},
		{
			"from": [7.1, -5.2, 7.1],
			"to": [8.9, -4.9, 8.9],
			"faces": {
				"north": {"uv": [5.25, 8, 5.6875, 8.0625], "texture": "#0"},
				"east": {"uv": [8, 5.25, 8.4375, 5.3125], "texture": "#0"},
				"south": {"uv": [5.75, 8, 6.1875, 8.0625], "texture": "#0"},
				"west": {"uv": [8, 5.75, 8.4375, 5.8125], "texture": "#0"},
				"up": {"uv": [6.4375, 1.4375, 6, 1], "texture": "#0"},
				"down": {"uv": [2.4375, 6, 2, 6.4375], "texture": "#0"}
			}
		},
		{
			"from": [7.1, -5.9, 7.1],
			"to": [8.9, -5.6, 8.9],
			"faces": {
				"north": {"uv": [8, 4.5, 8.4375, 4.5625], "texture": "#0"},
				"east": {"uv": [4.75, 8, 5.1875, 8.0625], "texture": "#0"},
				"south": {"uv": [8, 4.75, 8.4375, 4.8125], "texture": "#0"},
				"west": {"uv": [8, 5, 8.4375, 5.0625], "texture": "#0"},
				"up": {"uv": [6.4375, 0.4375, 6, 0], "texture": "#0"},
				"down": {"uv": [6.4375, 0.5, 6, 0.9375], "texture": "#0"}
			}
		},
		{
			"from": [7, -11.4, 7.1],
			"to": [9, -9.4, 8.9],
			"faces": {
				"north": {"uv": [3.75, 4.75, 4.25, 5.25], "texture": "#0"},
				"east": {"uv": [2, 5.5, 2.4375, 6], "texture": "#0"},
				"south": {"uv": [5.25, 3.75, 5.75, 4.25], "texture": "#0"},
				"west": {"uv": [2.5, 5.5, 2.9375, 6], "texture": "#0"},
				"up": {"uv": [3.5, 5.9375, 3, 5.5], "texture": "#0"},
				"down": {"uv": [0.5, 5.75, 0, 6.1875], "texture": "#0"}
			}
		},
		{
			"from": [7, 3.2, 7.1],
			"to": [9, 3.8, 8.9],
			"rotation": {"angle": 0, "axis": "y", "origin": [0, -8, 0]},
			"faces": {
				"north": {"uv": [6.25, 6.75, 6.75, 6.90625], "texture": "#0"},
				"east": {"uv": [7, 5.5, 7.4375, 5.65625], "texture": "#0"},
				"south": {"uv": [6.75, 6.75, 7.25, 6.90625], "texture": "#0"},
				"west": {"uv": [6.25, 7, 6.6875, 7.15625], "texture": "#0"},
				"up": {"uv": [1, 6.1875, 0.5, 5.75], "texture": "#0"},
				"down": {"uv": [1.5, 5.75, 1, 6.1875], "texture": "#0"}
			}
		},
		{
			"from": [7, 18.5, 7.1],
			"to": [9, 19.1, 8.9],
			"rotation": {"angle": 0, "axis": "y", "origin": [0, -8, 0]},
			"faces": {
				"north": {"uv": [0, 7, 0.5, 7.15625], "texture": "#0"},
				"east": {"uv": [6.75, 7, 7.1875, 7.15625], "texture": "#0"},
				"south": {"uv": [7, 0, 7.5, 0.15625], "texture": "#0"},
				"west": {"uv": [0, 7.25, 0.4375, 7.40625], "texture": "#0"},
				"up": {"uv": [6.25, 5.6875, 5.75, 5.25], "texture": "#0"},
				"down": {"uv": [6, 5.75, 5.5, 6.1875], "texture": "#0"}
			}
		},
		{
			"from": [7.4, 3.8, 7.4],
			"to": [8.6, 18.5, 8.6],
			"rotation": {"angle": 0, "axis": "y", "origin": [0, -8, 0]},
			"faces": {
				"north": {"uv": [0, 0, 0.3125, 3.6875], "texture": "#0"},
				"east": {"uv": [0.5, 0, 0.8125, 3.6875], "texture": "#0"},
				"south": {"uv": [1, 0, 1.3125, 3.6875], "texture": "#0"},
				"west": {"uv": [1.5, 0, 1.8125, 3.6875], "texture": "#0"},
				"up": {"uv": [7.0625, 2.8125, 6.75, 2.5], "texture": "#0"},
				"down": {"uv": [7.0625, 3, 6.75, 3.3125], "texture": "#0"}
			}
		},
		{
			"from": [6.6, 19.1, 8],
			"to": [8, 24.7, 8.9],
			"faces": {
				"north": {"uv": [7, 7, 7.6875, 9.8125], "texture": "#1"},
				"east": {"uv": [10, 2.5, 10.4375, 5.3125], "texture": "#1"},
				"south": {"uv": [7.5, 0, 8.1875, 2.8125], "texture": "#1"},
				"west": {"uv": [7, 10, 7.4375, 12.8125], "texture": "#1"},
				"up": {"uv": [3.1875, 13.4375, 2.5, 13], "texture": "#1"},
				"down": {"uv": [13.6875, 3, 13, 3.4375], "texture": "#1"}
			}
		},
		{
			"from": [6.6, 19.1, 7.1],
			"to": [8, 24.7, 8],
			"faces": {
				"north": {"uv": [8, 6, 8.6875, 8.8125], "texture": "#1"},
				"east": {"uv": [7.5, 10, 7.9375, 12.8125], "texture": "#1"},
				"south": {"uv": [8.5, 0, 9.1875, 2.8125], "texture": "#1"},
				"west": {"uv": [10, 8.5, 10.4375, 11.3125], "texture": "#1"},
				"up": {"uv": [4.1875, 13.4375, 3.5, 13], "texture": "#1"},
				"down": {"uv": [13.6875, 3.5, 13, 3.9375], "texture": "#1"}
			}
		},
		{
			"from": [8, 19.1, 7.1],
			"to": [9.4, 24.7, 8],
			"faces": {
				"north": {"uv": [0.5, 7, 1.1875, 9.8125], "texture": "#1"},
				"east": {"uv": [0.5, 10, 0.9375, 12.8125], "texture": "#1"},
				"south": {"uv": [7, 4, 7.6875, 6.8125], "texture": "#1"},
				"west": {"uv": [1, 10, 1.4375, 12.8125], "texture": "#1"},
				"up": {"uv": [12.6875, 12.9375, 12, 12.5], "texture": "#1"},
				"down": {"uv": [0.6875, 13, 0, 13.4375], "texture": "#1"}
			}
		},
		{
			"from": [7.2, 24.7, 7.3],
			"to": [8.8, 25.2, 8.8],
			"faces": {
				"north": {"uv": [13, 6, 13.8125, 6.25], "texture": "#1"},
				"east": {"uv": [13, 6.5, 13.75, 6.75], "texture": "#1"},
				"south": {"uv": [6.5, 13, 7.3125, 13.25], "texture": "#1"},
				"west": {"uv": [7.5, 13, 8.25, 13.25], "texture": "#1"},
				"up": {"uv": [5.8125, 11.75, 5, 11], "texture": "#1"},
				"down": {"uv": [11.8125, 10, 11, 10.75], "texture": "#1"}
			}
		},
		{
			"from": [7.7, 25.2, 7.8],
			"to": [8.3, 25.5, 8.3],
			"faces": {
				"north": {"uv": [10, 5.5, 10.3125, 5.625], "texture": "#1"},
				"east": {"uv": [12, 13, 12.25, 13.125], "texture": "#1"},
				"south": {"uv": [12, 7, 12.3125, 7.125], "texture": "#1"},
				"west": {"uv": [12.5, 13, 12.75, 13.125], "texture": "#1"},
				"up": {"uv": [9.8125, 2.75, 9.5, 2.5], "texture": "#1"},
				"down": {"uv": [9.8125, 8.5, 9.5, 8.75], "texture": "#1"}
			}
		},
		{
			"from": [7.8, 25.5, 7.9],
			"to": [8.2, 25.7, 8.2],
			"faces": {
				"north": {"uv": [13.5, 1.5, 13.6875, 1.625], "texture": "#1"},
				"east": {"uv": [7.5, 13.5, 7.625, 13.625], "texture": "#1"},
				"south": {"uv": [13.5, 2, 13.6875, 2.125], "texture": "#1"},
				"west": {"uv": [13.5, 7.5, 13.625, 7.625], "texture": "#1"},
				"up": {"uv": [2.6875, 13.625, 2.5, 13.5], "texture": "#1"},
				"down": {"uv": [13.6875, 2.5, 13.5, 2.625], "texture": "#1"}
			}
		},
		{
			"from": [7.8, 25.2, 8.3],
			"to": [8.2, 25.5, 8.5],
			"faces": {
				"north": {"uv": [13, 12.5, 13.1875, 12.625], "texture": "#1"},
				"east": {"uv": [3, 13.5, 3.125, 13.625], "texture": "#1"},
				"south": {"uv": [13, 13, 13.1875, 13.125], "texture": "#1"},
				"west": {"uv": [3.5, 13.5, 3.625, 13.625], "texture": "#1"},
				"up": {"uv": [0.1875, 13.625, 0, 13.5], "texture": "#1"},
				"down": {"uv": [13.6875, 0, 13.5, 0.125], "texture": "#1"}
			}
		},
		{
			"from": [7.8, 25.2, 7.6],
			"to": [8.2, 25.5, 7.8],
			"faces": {
				"north": {"uv": [0.5, 13.5, 0.6875, 13.625], "texture": "#1"},
				"east": {"uv": [7, 13.5, 7.125, 13.625], "texture": "#1"},
				"south": {"uv": [13.5, 0.5, 13.6875, 0.625], "texture": "#1"},
				"west": {"uv": [13.5, 7, 13.625, 7.125], "texture": "#1"},
				"up": {"uv": [13.6875, 1.125, 13.5, 1], "texture": "#1"},
				"down": {"uv": [1.6875, 13.5, 1.5, 13.625], "texture": "#1"}
			}
		},
		{
			"from": [8.3, 25.2, 7.9],
			"to": [8.5, 25.5, 8.2],
			"faces": {
				"north": {"uv": [8, 13.5, 8.125, 13.625], "texture": "#1"},
				"east": {"uv": [13.5, 8, 13.625, 8.125], "texture": "#1"},
				"south": {"uv": [13.5, 10.5, 13.625, 10.625], "texture": "#1"},
				"west": {"uv": [11, 13.5, 11.125, 13.625], "texture": "#1"},
				"up": {"uv": [13.625, 11.125, 13.5, 11], "texture": "#1"},
				"down": {"uv": [13.625, 11.5, 13.5, 11.625], "texture": "#1"}
			}
		},
		{
			"from": [7.5, 25.2, 7.9],
			"to": [7.7, 25.5, 8.2],
			"faces": {
				"north": {"uv": [4, 13.5, 4.125, 13.625], "texture": "#1"},
				"east": {"uv": [4.5, 13.5, 4.625, 13.625], "texture": "#1"},
				"south": {"uv": [5, 13.5, 5.125, 13.625], "texture": "#1"},
				"west": {"uv": [5.5, 13.5, 5.625, 13.625], "texture": "#1"},
				"up": {"uv": [6.125, 13.625, 6, 13.5], "texture": "#1"},
				"down": {"uv": [6.625, 13.5, 6.5, 13.625], "texture": "#1"}
			}
		},
		{
			"from": [8, 19.1, 8],
			"to": [9.4, 24.7, 9],
			"faces": {
				"north": {"uv": [8, 3, 8.6875, 5.8125], "texture": "#1"},
				"east": {"uv": [4.5, 9, 5, 11.8125], "texture": "#1"},
				"south": {"uv": [5, 8, 5.6875, 10.8125], "texture": "#1"},
				"west": {"uv": [9, 6, 9.5, 8.8125], "texture": "#1"},
				"up": {"uv": [8.6875, 13, 8, 12.5], "texture": "#1"},
				"down": {"uv": [13.1875, 8, 12.5, 8.5], "texture": "#1"}
			}
		},
		{
			"from": [7.2, 19.1, 8.85],
			"to": [8.8, 24.7, 9.25],
			"faces": {
				"north": {"uv": [1, 4, 1.8125, 6.8125], "texture": "#1"},
				"east": {"uv": [10, 11.5, 10.1875, 14.3125], "texture": "#1"},
				"south": {"uv": [4, 3, 4.8125, 5.8125], "texture": "#1"},
				"west": {"uv": [11.5, 11, 11.6875, 13.8125], "texture": "#1"},
				"up": {"uv": [13.8125, 9.6875, 13, 9.5], "texture": "#1"},
				"down": {"uv": [13.8125, 10, 13, 10.1875], "texture": "#1"}
			}
		},
		{
			"from": [7.2, 19.1, 6.85],
			"to": [8.8, 24.7, 7.25],
			"faces": {
				"north": {"uv": [0, 4, 0.8125, 6.8125], "texture": "#1"},
				"east": {"uv": [9, 11.5, 9.1875, 14.3125], "texture": "#1"},
				"south": {"uv": [4, 0, 4.8125, 2.8125], "texture": "#1"},
				"west": {"uv": [9.5, 11.5, 9.6875, 14.3125], "texture": "#1"},
				"up": {"uv": [13.8125, 8.6875, 13, 8.5], "texture": "#1"},
				"down": {"uv": [13.8125, 9, 13, 9.1875], "texture": "#1"}
			}
		},
		{
			"from": [6.1, 19.6, 7.45],
			"to": [6.6, 24.2, 8.55],
			"faces": {
				"north": {"uv": [11, 11, 11.25, 13.3125], "texture": "#1"},
				"east": {"uv": [8, 9, 8.5625, 11.3125], "texture": "#1"},
				"south": {"uv": [11.5, 0, 11.75, 2.3125], "texture": "#1"},
				"west": {"uv": [9, 9, 9.5625, 11.3125], "texture": "#1"},
				"up": {"uv": [8.75, 13.5625, 8.5, 13], "texture": "#1"},
				"down": {"uv": [10.75, 13, 10.5, 13.5625], "texture": "#1"}
			}
		},
		{
			"from": [4.9, 22.6, 7.45],
			"to": [6.1, 24, 8.55],
			"faces": {
				"north": {"uv": [5.5, 12, 6.125, 12.6875], "texture": "#1"},
				"east": {"uv": [12, 10.5, 12.5625, 11.1875], "texture": "#1"},
				"south": {"uv": [12, 6, 12.625, 6.6875], "texture": "#1"},
				"west": {"uv": [12, 11.5, 12.5625, 12.1875], "texture": "#1"},
				"up": {"uv": [13.125, 2.5625, 12.5, 2], "texture": "#1"},
				"down": {"uv": [13.125, 7, 12.5, 7.5625], "texture": "#1"}
			}
		},
		{
			"from": [4.7, 19.9, 7.65],
			"to": [6.1, 22.6, 8.35],
			"faces": {
				"north": {"uv": [10.5, 7, 11.1875, 8.375], "texture": "#1"},
				"east": {"uv": [1.5, 12, 1.875, 13.375], "texture": "#1"},
				"south": {"uv": [10.5, 8.5, 11.1875, 9.875], "texture": "#1"},
				"west": {"uv": [12, 1.5, 12.375, 2.875], "texture": "#1"},
				"up": {"uv": [13.6875, 4.875, 13, 4.5], "texture": "#1"},
				"down": {"uv": [13.6875, 5, 13, 5.375], "texture": "#1"}
			}
		},
		{
			"from": [11.3, 18.6, 7.45],
			"to": [12.9, 23.9, 8.55],
			"faces": {
				"north": {"uv": [6, 0, 6.8125, 2.625], "texture": "#1"},
				"east": {"uv": [2.5, 9, 3.0625, 11.625], "texture": "#1"},
				"south": {"uv": [6, 3, 6.8125, 5.625], "texture": "#1"},
				"west": {"uv": [9, 3, 9.5625, 5.625], "texture": "#1"},
				"up": {"uv": [3.3125, 12.5625, 2.5, 12], "texture": "#1"},
				"down": {"uv": [12.8125, 3, 12, 3.5625], "texture": "#1"}
			}
		},
		{
			"from": [13.3, 17.8, 8.55],
			"to": [14.4, 24.7, 8.85],
			"faces": {
				"north": {"uv": [6, 0, 6.8125, 2.625], "texture": "#1"},
				"east": {"uv": [2.5, 9, 3.0625, 11.625], "texture": "#1"},
				"south": {"uv": [6, 3, 6.8125, 5.625], "texture": "#1"},
				"west": {"uv": [9, 3, 9.5625, 5.625], "texture": "#1"},
				"up": {"uv": [3.3125, 12.5625, 2.5, 12], "texture": "#1"},
				"down": {"uv": [12.8125, 3, 12, 3.5625], "texture": "#1"}
			}
		},
		{
			"from": [13.3, 17.8, 7.15],
			"to": [14.4, 24.7, 7.45],
			"faces": {
				"north": {"uv": [6, 0, 6.8125, 2.625], "texture": "#1"},
				"east": {"uv": [2.5, 9, 3.0625, 11.625], "texture": "#1"},
				"south": {"uv": [6, 3, 6.8125, 5.625], "texture": "#1"},
				"west": {"uv": [9, 3, 9.5625, 5.625], "texture": "#1"},
				"up": {"uv": [3.3125, 12.5625, 2.5, 12], "texture": "#1"},
				"down": {"uv": [12.8125, 3, 12, 3.5625], "texture": "#1"}
			}
		},
		{
			"from": [3.1, 18.6, 7.45],
			"to": [4.7, 23.9, 8.55],
			"faces": {
				"north": {"uv": [4, 6, 4.8125, 8.625], "texture": "#1"},
				"east": {"uv": [3.5, 9, 4.0625, 11.625], "texture": "#1"},
				"south": {"uv": [6, 6, 6.8125, 8.625], "texture": "#1"},
				"west": {"uv": [6, 9, 6.5625, 11.625], "texture": "#1"},
				"up": {"uv": [4.3125, 12.5625, 3.5, 12], "texture": "#1"},
				"down": {"uv": [12.8125, 4, 12, 4.5625], "texture": "#1"}
			}
		},
		{
			"from": [2.3, 19.4, 7.45],
			"to": [3.1, 23.1, 8.55],
			"faces": {
				"north": {"uv": [10.5, 10, 10.875, 11.875], "texture": "#1"},
				"east": {"uv": [10.5, 0, 11.0625, 1.875], "texture": "#1"},
				"south": {"uv": [0, 11, 0.375, 12.875], "texture": "#1"},
				"west": {"uv": [10.5, 2, 11.0625, 3.875], "texture": "#1"},
				"up": {"uv": [10.875, 12.5625, 10.5, 12], "texture": "#1"},
				"down": {"uv": [1.375, 13, 1, 13.5625], "texture": "#1"}
			}
		},
		{
			"from": [12.9, 17.3, 7.45],
			"to": [14.8, 25.2, 8.55],
			"faces": {
				"north": {"uv": [0, 0, 0.9375, 3.9375], "texture": "#1"},
				"east": {"uv": [3, 5, 3.5625, 8.9375], "texture": "#1"},
				"south": {"uv": [1, 0, 1.9375, 3.9375], "texture": "#1"},
				"west": {"uv": [5, 4, 5.5625, 7.9375], "texture": "#1"},
				"up": {"uv": [12.4375, 8.0625, 11.5, 7.5], "texture": "#1"},
				"down": {"uv": [8.9375, 11.5, 8, 12.0625], "texture": "#1"}
			}
		},
		{
			"from": [16, 17.3, 7.45],
			"to": [17, 25.2, 8.55],
			"faces": {
				"north": {"uv": [0, 7, 0.5, 10.9375], "texture": "#1"},
				"east": {"uv": [5, 0, 5.5625, 3.9375], "texture": "#1"},
				"south": {"uv": [7, 0, 7.5, 3.9375], "texture": "#1"},
				"west": {"uv": [2, 5, 2.5625, 8.9375], "texture": "#1"},
				"up": {"uv": [8, 3.5625, 7.5, 3], "texture": "#1"},
				"down": {"uv": [7, 12, 6.5, 12.5625], "texture": "#1"}
			}
		},
		{
			"from": [14.8, 16.5, 7.65],
			"to": [16, 26, 8.35],
			"faces": {
				"north": {"uv": [2, 0, 2.625, 4.75], "texture": "#1"},
				"east": {"uv": [1.5, 7, 1.875, 11.75], "texture": "#1"},
				"south": {"uv": [3, 0, 3.625, 4.75], "texture": "#1"},
				"west": {"uv": [2, 9, 2.375, 13.75], "texture": "#1"},
				"up": {"uv": [6.125, 13.375, 5.5, 13], "texture": "#1"},
				"down": {"uv": [13.625, 5.5, 13, 5.875], "texture": "#1"}
			}
		},
		{
			"from": [9.9, 19.9, 7.65],
			"to": [11.3, 22.6, 8.35],
			"faces": {
				"north": {"uv": [10.5, 4, 11.1875, 5.375], "texture": "#1"},
				"east": {"uv": [11.5, 8.5, 11.875, 9.875], "texture": "#1"},
				"south": {"uv": [10.5, 5.5, 11.1875, 6.875], "texture": "#1"},
				"west": {"uv": [12, 0, 12.375, 1.375], "texture": "#1"},
				"up": {"uv": [13.6875, 4.375, 13, 4], "texture": "#1"},
				"down": {"uv": [5.1875, 13, 4.5, 13.375], "texture": "#1"}
			}
		},
		{
			"from": [11.8, 19.1, 7.05],
			"to": [12.4, 23.4, 7.45],
			"faces": {
				"north": {"uv": [10.5, 4, 11.1875, 5.375], "texture": "#1"},
				"east": {"uv": [11.5, 8.5, 11.875, 9.875], "texture": "#1"},
				"south": {"uv": [10.5, 5.5, 11.1875, 6.875], "texture": "#1"},
				"west": {"uv": [12, 0, 12.375, 1.375], "texture": "#1"},
				"up": {"uv": [13.6875, 4.375, 13, 4], "texture": "#1"},
				"down": {"uv": [5.1875, 13, 4.5, 13.375], "texture": "#1"}
			}
		},
		{
			"from": [15.2, 17, 7.25],
			"to": [15.6, 25.5, 7.65],
			"faces": {
				"north": {"uv": [10.5, 4, 11.1875, 5.375], "texture": "#1"},
				"east": {"uv": [11.5, 8.5, 11.875, 9.875], "texture": "#1"},
				"south": {"uv": [10.5, 5.5, 11.1875, 6.875], "texture": "#1"},
				"west": {"uv": [12, 0, 12.375, 1.375], "texture": "#1"},
				"up": {"uv": [13.6875, 4.375, 13, 4], "texture": "#1"},
				"down": {"uv": [5.1875, 13, 4.5, 13.375], "texture": "#1"}
			}
		},
		{
			"from": [15.2, 17, 8.35],
			"to": [15.6, 25.5, 8.75],
			"faces": {
				"north": {"uv": [10.5, 4, 11.1875, 5.375], "texture": "#1"},
				"east": {"uv": [11.5, 8.5, 11.875, 9.875], "texture": "#1"},
				"south": {"uv": [10.5, 5.5, 11.1875, 6.875], "texture": "#1"},
				"west": {"uv": [12, 0, 12.375, 1.375], "texture": "#1"},
				"up": {"uv": [13.6875, 4.375, 13, 4], "texture": "#1"},
				"down": {"uv": [5.1875, 13, 4.5, 13.375], "texture": "#1"}
			}
		},
		{
			"from": [11.8, 19.1, 8.55],
			"to": [12.4, 23.4, 8.95],
			"faces": {
				"north": {"uv": [10.5, 4, 11.1875, 5.375], "texture": "#1"},
				"east": {"uv": [11.5, 8.5, 11.875, 9.875], "texture": "#1"},
				"south": {"uv": [10.5, 5.5, 11.1875, 6.875], "texture": "#1"},
				"west": {"uv": [12, 0, 12.375, 1.375], "texture": "#1"},
				"up": {"uv": [13.6875, 4.375, 13, 4], "texture": "#1"},
				"down": {"uv": [5.1875, 13, 4.5, 13.375], "texture": "#1"}
			}
		},
		{
			"from": [3.6, 19.1, 7.05],
			"to": [4.2, 23.4, 7.45],
			"faces": {
				"north": {"uv": [10.5, 4, 11.1875, 5.375], "texture": "#1"},
				"east": {"uv": [11.5, 8.5, 11.875, 9.875], "texture": "#1"},
				"south": {"uv": [10.5, 5.5, 11.1875, 6.875], "texture": "#1"},
				"west": {"uv": [12, 0, 12.375, 1.375], "texture": "#1"},
				"up": {"uv": [13.6875, 4.375, 13, 4], "texture": "#1"},
				"down": {"uv": [5.1875, 13, 4.5, 13.375], "texture": "#1"}
			}
		},
		{
			"from": [3.6, 19.1, 8.55],
			"to": [4.2, 23.4, 8.95],
			"faces": {
				"north": {"uv": [10.5, 4, 11.1875, 5.375], "texture": "#1"},
				"east": {"uv": [11.5, 8.5, 11.875, 9.875], "texture": "#1"},
				"south": {"uv": [10.5, 5.5, 11.1875, 6.875], "texture": "#1"},
				"west": {"uv": [12, 0, 12.375, 1.375], "texture": "#1"},
				"up": {"uv": [13.6875, 4.375, 13, 4], "texture": "#1"},
				"down": {"uv": [5.1875, 13, 4.5, 13.375], "texture": "#1"}
			}
		},
		{
			"from": [9.9, 22.6, 7.45],
			"to": [11.1, 24, 8.55],
			"faces": {
				"north": {"uv": [4.5, 12, 5.125, 12.6875], "texture": "#1"},
				"east": {"uv": [12, 8.5, 12.5625, 9.1875], "texture": "#1"},
				"south": {"uv": [12, 5, 12.625, 5.6875], "texture": "#1"},
				"west": {"uv": [12, 9.5, 12.5625, 10.1875], "texture": "#1"},
				"up": {"uv": [13.125, 0.5625, 12.5, 0], "texture": "#1"},
				"down": {"uv": [13.125, 1, 12.5, 1.5625], "texture": "#1"}
			}
		},
		{
			"from": [9.4, 19.6, 7.45],
			"to": [9.9, 24.2, 8.55],
			"faces": {
				"north": {"uv": [11.5, 2.5, 11.75, 4.8125], "texture": "#1"},
				"east": {"uv": [9.5, 0, 10.0625, 2.3125], "texture": "#1"},
				"south": {"uv": [11.5, 5, 11.75, 7.3125], "texture": "#1"},
				"west": {"uv": [9.5, 6, 10.0625, 8.3125], "texture": "#1"},
				"up": {"uv": [13.25, 11.0625, 13, 10.5], "texture": "#1"},
				"down": {"uv": [13.25, 11.5, 13, 12.0625], "texture": "#1"}
			}
		}
	],
	"display": {
		"thirdperson_righthand": {
			"rotation": [0, 90, 0],
			"translation": [0, 13.25, 0],
			"scale": [0.7, 0.7, 0.7]
		},
		"thirdperson_lefthand": {
			"rotation": [0, 90, 0],
			"translation": [0, 13.25, 0],
			"scale": [0.7, 0.7, 0.7]
		},
		"firstperson_righthand": {
			"rotation": [-55, 90, 0],
			"translation": [-0.75, 4.5, -0.5],
			"scale": [0.6, 0.6, 0.6]
		},
		"firstperson_lefthand": {
			"rotation": [-55, 90, 0],
			"translation": [-0.75, 4.5, -0.5],
			"scale": [0.6, 0.6, 0.6]
		},
		"ground": {
			"translation": [0, 11.75, 0],
			"scale": [0.6, 0.6, 0.6]
		},
		"gui": {
			"rotation": [0, 0, -45],
			"translation": [0.25, 0.25, 0],
			"scale": [0.5, 0.5, 0.53]
		},
		"head": {
			"translation": [0, -10.5, 0],
			"scale": [1.4, 0.92, 1.68]
		},
		"fixed": {
			"translation": [0, 2.5, 0],
			"scale": [0.5, 0.5, 0.5]
		}
	},
	"groups": [
		{
			"name": "group",
			"origin": [8, 8, 8],
			"color": 0,
			"children": [0, 1, 2, 3, 4, 5, 6, 7, 8, 9, 10, 11, 12, 13, 14, 15, 16, 17, 18, 19, 20, 21, 22, 23, 24, 25, 26, 27, 28, 29, 30, 31, 32, 33, 34, 35, 36, 37, 38, 39]
		},
		40,
		41,
		42,
		{
			"name": "group",
			"origin": [8, 8, 8],
			"color": 0,
			"children": [43, 44, 45, 46, 47, 48, 49, 50, 51, 52, 53, 54, 55, 56, 57, 58, 59, 60, 61, 62, 63, 64, 65, 66, 67, 68, 69, 70, 71, 72, 73, 74, 75]
		}
	]
}