{
	"credit": "Made with Blockbench",
	"texture_size": [64, 64],
	"textures": {
		"0": "item/diamond_pickaxe",
		"particle": "item/diamond_pickaxe"
	},
	"elements": [
		{
			"from": [9.5, -8.9, 7.5],
			"to": [10.5, -7.9, 8.5],
			"faces": {
				"north": {"uv": [7.25, 3.5, 7.5, 3.75], "texture": "#0"},
				"east": {"uv": [3.75, 7.25, 4, 7.5], "texture": "#0"},
				"south": {"uv": [7.25, 3.75, 7.5, 4], "texture": "#0"},
				"west": {"uv": [4, 7.25, 4.25, 7.5], "texture": "#0"},
				"up": {"uv": [7.5, 4.25, 7.25, 4], "texture": "#0"},
				"down": {"uv": [4.5, 7.25, 4.25, 7.5], "texture": "#0"}
			}
		},
		{
			"from": [7.7, -15.9, 7.7],
			"to": [8.3, -13.9, 8.3],
			"faces": {
				"north": {"uv": [4.25, 4.75, 4.40625, 5.25], "texture": "#0"},
				"east": {"uv": [5.5, 6.75, 5.65625, 7.25], "texture": "#0"},
				"south": {"uv": [5.75, 6.75, 5.90625, 7.25], "texture": "#0"},
				"west": {"uv": [6, 6.75, 6.15625, 7.25], "texture": "#0"},
				"up": {"uv": [0.15625, 8.65625, 0, 8.5], "texture": "#0"},
				"down": {"uv": [0.40625, 8.5, 0.25, 8.65625], "texture": "#0"}
			}
		},
		{
			"from": [11.5, -10.7, 7.7],
			"to": [13.5, -10.1, 8.3],
			"faces": {
				"north": {"uv": [6.75, 4.75, 7.25, 4.90625], "texture": "#0"},
				"east": {"uv": [8.25, 8, 8.40625, 8.15625], "texture": "#0"},
				"south": {"uv": [5, 6.75, 5.5, 6.90625], "texture": "#0"},
				"west": {"uv": [8.25, 8.25, 8.40625, 8.40625], "texture": "#0"},
				"up": {"uv": [7.25, 5.15625, 6.75, 5], "texture": "#0"},
				"down": {"uv": [7.25, 5.25, 6.75, 5.40625], "texture": "#0"}
			}
		},
		{
			"from": [2.5, -10.7, 7.7],
			"to": [4.5, -10.1, 8.3],
			"faces": {
				"north": {"uv": [2.25, 3.75, 2.75, 3.90625], "texture": "#0"},
				"east": {"uv": [8.25, 7.75, 8.40625, 7.90625], "texture": "#0"},
				"south": {"uv": [3.75, 2.25, 4.25, 2.40625], "texture": "#0"},
				"west": {"uv": [8, 8.25, 8.15625, 8.40625], "texture": "#0"},
				"up": {"uv": [5, 6.90625, 4.5, 6.75], "texture": "#0"},
				"down": {"uv": [7.25, 4.5, 6.75, 4.65625], "texture": "#0"}
			}
		},
		{
			"from": [5.5, -8.9, 7.5],
			"to": [6.5, -7.9, 8.5],
			"faces": {
				"north": {"uv": [7.25, 2.75, 7.5, 3], "texture": "#0"},
				"east": {"uv": [3, 7.25, 3.25, 7.5], "texture": "#0"},
				"south": {"uv": [7.25, 3, 7.5, 3.25], "texture": "#0"},
				"west": {"uv": [3.25, 7.25, 3.5, 7.5], "texture": "#0"},
				"up": {"uv": [7.5, 3.5, 7.25, 3.25], "texture": "#0"},
				"down": {"uv": [3.75, 7.25, 3.5, 7.5], "texture": "#0"}
			}
		},
		{
			"from": [5.5, -12.9, 7.5],
			"to": [6.5, -11.9, 8.5],
			"faces": {
				"north": {"uv": [1.75, 7.25, 2, 7.5], "texture": "#0"},
				"east": {"uv": [2, 7.25, 2.25, 7.5], "texture": "#0"},
				"south": {"uv": [2.25, 7.25, 2.5, 7.5], "texture": "#0"},
				"west": {"uv": [2.5, 7.25, 2.75, 7.5], "texture": "#0"},
				"up": {"uv": [7.5, 2.75, 7.25, 2.5], "texture": "#0"},
				"down": {"uv": [3, 7.25, 2.75, 7.5], "texture": "#0"}
			}
		},
		{
			"from": [9.5, -12.9, 7.5],
			"to": [10.5, -11.9, 8.5],
			"faces": {
				"north": {"uv": [7.25, 0.75, 7.5, 1], "texture": "#0"},
				"east": {"uv": [1, 7.25, 1.25, 7.5], "texture": "#0"},
				"south": {"uv": [7.25, 1, 7.5, 1.25], "texture": "#0"},
				"west": {"uv": [1.25, 7.25, 1.5, 7.5], "texture": "#0"},
				"up": {"uv": [7.5, 1.5, 7.25, 1.25], "texture": "#0"},
				"down": {"uv": [1.75, 7.25, 1.5, 7.5], "texture": "#0"}
			}
		},
		{
			"from": [6.1, -6.4, 7.1],
			"to": [9.9, -5.9, 8.9],
			"faces": {
				"north": {"uv": [6.5, 6.25, 7.4375, 6.375], "texture": "#0"},
				"east": {"uv": [7.25, 4.25, 7.6875, 4.375], "texture": "#0"},
				"south": {"uv": [6.5, 6.5, 7.4375, 6.625], "texture": "#0"},
				"west": {"uv": [4.5, 7.25, 4.9375, 7.375], "texture": "#0"},
				"up": {"uv": [3.6875, 1.9375, 2.75, 1.5], "texture": "#0"},
				"down": {"uv": [3.6875, 2, 2.75, 2.4375], "texture": "#0"}
			}
		},
		{
			"from": [6.3, -6.9, 7.3],
			"to": [9.7, -6.4, 8.7],
			"faces": {
				"north": {"uv": [0, 6.75, 0.84375, 6.875], "texture": "#0"},
				"east": {"uv": [0.75, 8, 1.09375, 8.125], "texture": "#0"},
				"south": {"uv": [1, 6.75, 1.84375, 6.875], "texture": "#0"},
				"west": {"uv": [1.25, 8, 1.59375, 8.125], "texture": "#0"},
				"up": {"uv": [5.84375, 0.34375, 5, 0], "texture": "#0"},
				"down": {"uv": [5.84375, 0.5, 5, 0.84375], "texture": "#0"}
			}
		},
		{
			"from": [6.5, -7.9, 7.5],
			"to": [9.5, -6.9, 8.5],
			"faces": {
				"north": {"uv": [6.5, 1, 7.25, 1.25], "texture": "#0"},
				"east": {"uv": [7.25, 0.5, 7.5, 0.75], "texture": "#0"},
				"south": {"uv": [6.5, 1.25, 7.25, 1.5], "texture": "#0"},
				"west": {"uv": [0.75, 7.25, 1, 7.5], "texture": "#0"},
				"up": {"uv": [7.25, 6, 6.5, 5.75], "texture": "#0"},
				"down": {"uv": [7.25, 6, 6.5, 6.25], "texture": "#0"}
			}
		},
		{
			"from": [4.5, -11.9, 7.5],
			"to": [5.5, -8.9, 8.5],
			"faces": {
				"north": {"uv": [2.75, 6.5, 3, 7.25], "texture": "#0"},
				"east": {"uv": [6.5, 2.75, 6.75, 3.5], "texture": "#0"},
				"south": {"uv": [3, 6.5, 3.25, 7.25], "texture": "#0"},
				"west": {"uv": [3.25, 6.5, 3.5, 7.25], "texture": "#0"},
				"up": {"uv": [5.5, 7.25, 5.25, 7], "texture": "#0"},
				"down": {"uv": [0.75, 7.25, 0.5, 7.5], "texture": "#0"}
			}
		},
		{
			"from": [10.5, -11.9, 7.5],
			"to": [11.5, -8.9, 8.5],
			"faces": {
				"north": {"uv": [2, 6.5, 2.25, 7.25], "texture": "#0"},
				"east": {"uv": [6.5, 2, 6.75, 2.75], "texture": "#0"},
				"south": {"uv": [2.25, 6.5, 2.5, 7.25], "texture": "#0"},
				"west": {"uv": [2.5, 6.5, 2.75, 7.25], "texture": "#0"},
				"up": {"uv": [3.75, 5.75, 3.5, 5.5], "texture": "#0"},
				"down": {"uv": [6.25, 3.5, 6, 3.75], "texture": "#0"}
			}
		},
		{
			"from": [6.5, -13.9, 7.5],
			"to": [9.5, -12.9, 8.5],
			"faces": {
				"north": {"uv": [5.25, 2, 6, 2.25], "texture": "#0"},
				"east": {"uv": [4.25, 3.75, 4.5, 4], "texture": "#0"},
				"south": {"uv": [6.25, 5.5, 7, 5.75], "texture": "#0"},
				"west": {"uv": [2, 5.25, 2.25, 5.5], "texture": "#0"},
				"up": {"uv": [7.25, 0.75, 6.5, 0.5], "texture": "#0"},
				"down": {"uv": [7.25, 0.75, 6.5, 1], "texture": "#0"}
			}
		},
		{
			"from": [6.9, 2.8, 6.9],
			"to": [9.1, 3.2, 9.1],
			"rotation": {"angle": 0, "axis": "y", "origin": [0, -5.6, 0]},
			"faces": {
				"north": {"uv": [3.75, 7.75, 4.3125, 7.84375], "texture": "#0"},
				"east": {"uv": [7.75, 4.25, 8.3125, 4.34375], "texture": "#0"},
				"south": {"uv": [4.5, 7.75, 5.0625, 7.84375], "texture": "#0"},
				"west": {"uv": [5.25, 7.75, 5.8125, 7.84375], "texture": "#0"},
				"up": {"uv": [2.8125, 5.3125, 2.25, 4.75], "texture": "#0"},
				"down": {"uv": [3.5625, 4.75, 3, 5.3125], "texture": "#0"}
			}
		},
		{
			"from": [7.1, 2.5, 7.1],
			"to": [8.9, 2.8, 8.9],
			"rotation": {"angle": 0, "axis": "y", "origin": [0, -5.6, 0]},
			"faces": {
				"north": {"uv": [8.25, 6.5, 8.6875, 6.5625], "texture": "#0"},
				"east": {"uv": [7, 8.25, 7.4375, 8.3125], "texture": "#0"},
				"south": {"uv": [7.5, 8.25, 7.9375, 8.3125], "texture": "#0"},
				"west": {"uv": [8.25, 7.5, 8.6875, 7.5625], "texture": "#0"},
				"up": {"uv": [6.4375, 6.6875, 6, 6.25], "texture": "#0"},
				"down": {"uv": [6.9375, 0, 6.5, 0.4375], "texture": "#0"}
			}
		},
		{
			"from": [6.9, 2.1, 6.9],
			"to": [9.1, 2.5, 9.1],
			"rotation": {"angle": 0, "axis": "y", "origin": [0, -5.6, 0]},
			"faces": {
				"north": {"uv": [0.75, 7.75, 1.3125, 7.84375], "texture": "#0"},
				"east": {"uv": [1.5, 7.75, 2.0625, 7.84375], "texture": "#0"},
				"south": {"uv": [2.25, 7.75, 2.8125, 7.84375], "texture": "#0"},
				"west": {"uv": [3, 7.75, 3.5625, 7.84375], "texture": "#0"},
				"up": {"uv": [5.0625, 4.3125, 4.5, 3.75], "texture": "#0"},
				"down": {"uv": [5.0625, 4.5, 4.5, 5.0625], "texture": "#0"}
			}
		},
		{
			"from": [7.1, 1.8, 7.1],
			"to": [8.9, 2.1, 8.9],
			"rotation": {"angle": 0, "axis": "y", "origin": [0, -5.6, 0]},
			"faces": {
				"north": {"uv": [8.25, 5.5, 8.6875, 5.5625], "texture": "#0"},
				"east": {"uv": [6, 8.25, 6.4375, 8.3125], "texture": "#0"},
				"south": {"uv": [8.25, 6.25, 8.6875, 6.3125], "texture": "#0"},
				"west": {"uv": [6.5, 8.25, 6.9375, 8.3125], "texture": "#0"},
				"up": {"uv": [6.6875, 5.4375, 6.25, 5], "texture": "#0"},
				"down": {"uv": [5.9375, 6.25, 5.5, 6.6875], "texture": "#0"}
			}
		},
		{
			"from": [6.9, 1.4, 6.9],
			"to": [9.1, 1.8, 9.1],
			"rotation": {"angle": 0, "axis": "y", "origin": [0, -5.6, 0]},
			"faces": {
				"north": {"uv": [6.75, 7.5, 7.3125, 7.59375], "texture": "#0"},
				"east": {"uv": [7.5, 7.5, 8.0625, 7.59375], "texture": "#0"},
				"south": {"uv": [0, 7.75, 0.5625, 7.84375], "texture": "#0"},
				"west": {"uv": [7.75, 0.25, 8.3125, 0.34375], "texture": "#0"},
				"up": {"uv": [2.0625, 5.0625, 1.5, 4.5], "texture": "#0"},
				"down": {"uv": [5.0625, 1.5, 4.5, 2.0625], "texture": "#0"}
			}
		},
		{
			"from": [6.9, 0.7, 6.9],
			"to": [9.1, 1.1, 9.1],
			"rotation": {"angle": 0, "axis": "y", "origin": [0, -5.6, 0]},
			"faces": {
				"north": {"uv": [7.5, 5.5, 8.0625, 5.59375], "texture": "#0"},
				"east": {"uv": [6, 7.5, 6.5625, 7.59375], "texture": "#0"},
				"south": {"uv": [7.5, 6.25, 8.0625, 6.34375], "texture": "#0"},
				"west": {"uv": [7.5, 6.5, 8.0625, 6.59375], "texture": "#0"},
				"up": {"uv": [0.5625, 5.0625, 0, 4.5], "texture": "#0"},
				"down": {"uv": [1.3125, 4.5, 0.75, 5.0625], "texture": "#0"}
			}
		},
		{
			"from": [7.1, 1.1, 7.1],
			"to": [8.9, 1.4, 8.9],
			"rotation": {"angle": 0, "axis": "y", "origin": [0, -5.6, 0]},
			"faces": {
				"north": {"uv": [8.25, 4, 8.6875, 4.0625], "texture": "#0"},
				"east": {"uv": [4.5, 8.25, 4.9375, 8.3125], "texture": "#0"},
				"south": {"uv": [5, 8.25, 5.4375, 8.3125], "texture": "#0"},
				"west": {"uv": [5.5, 8.25, 5.9375, 8.3125], "texture": "#0"},
				"up": {"uv": [6.6875, 4.9375, 6.25, 4.5], "texture": "#0"},
				"down": {"uv": [5.4375, 6.25, 5, 6.6875], "texture": "#0"}
			}
		},
		{
			"from": [7.1, 0.4, 7.1],
			"to": [8.9, 0.7, 8.9],
			"faces": {
				"north": {"uv": [3.5, 8.25, 3.9375, 8.3125], "texture": "#0"},
				"east": {"uv": [8.25, 3.5, 8.6875, 3.5625], "texture": "#0"},
				"south": {"uv": [8.25, 3.75, 8.6875, 3.8125], "texture": "#0"},
				"west": {"uv": [4, 8.25, 4.4375, 8.3125], "texture": "#0"},
				"up": {"uv": [6.6875, 4.4375, 6.25, 4], "texture": "#0"},
				"down": {"uv": [4.9375, 6.25, 4.5, 6.6875], "texture": "#0"}
			}
		},
		{
			"from": [6.9, 0, 6.9],
			"to": [9.1, 0.4, 9.1],
			"faces": {
				"north": {"uv": [7.5, 3.75, 8.0625, 3.84375], "texture": "#0"},
				"east": {"uv": [7.5, 4, 8.0625, 4.09375], "texture": "#0"},
				"south": {"uv": [4.5, 7.5, 5.0625, 7.59375], "texture": "#0"},
				"west": {"uv": [5.25, 7.5, 5.8125, 7.59375], "texture": "#0"},
				"up": {"uv": [4.8125, 2.8125, 4.25, 2.25], "texture": "#0"},
				"down": {"uv": [4.8125, 3, 4.25, 3.5625], "texture": "#0"}
			}
		},
		{
			"from": [7.1, -0.3, 7.1],
			"to": [8.9, 0, 8.9],
			"faces": {
				"north": {"uv": [8.25, 2.75, 8.6875, 2.8125], "texture": "#0"},
				"east": {"uv": [3, 8.25, 3.4375, 8.3125], "texture": "#0"},
				"south": {"uv": [8.25, 3, 8.6875, 3.0625], "texture": "#0"},
				"west": {"uv": [8.25, 3.25, 8.6875, 3.3125], "texture": "#0"},
				"up": {"uv": [6.6875, 3.9375, 6.25, 3.5], "texture": "#0"},
				"down": {"uv": [4.4375, 6.25, 4, 6.6875], "texture": "#0"}
			}
		},
		{
			"from": [6.9, -0.7, 6.9],
			"to": [9.1, -0.3, 9.1],
			"faces": {
				"north": {"uv": [7.5, 3, 8.0625, 3.09375], "texture": "#0"},
				"east": {"uv": [7.5, 3.25, 8.0625, 3.34375], "texture": "#0"},
				"south": {"uv": [7.5, 3.5, 8.0625, 3.59375], "texture": "#0"},
				"west": {"uv": [3.75, 7.5, 4.3125, 7.59375], "texture": "#0"},
				"up": {"uv": [4.8125, 0.5625, 4.25, 0], "texture": "#0"},
				"down": {"uv": [4.8125, 0.75, 4.25, 1.3125], "texture": "#0"}
			}
		},
		{
			"from": [7.1, -1, 7.1],
			"to": [8.9, -0.7, 8.9],
			"faces": {
				"north": {"uv": [8.25, 2, 8.6875, 2.0625], "texture": "#0"},
				"east": {"uv": [8.25, 2.25, 8.6875, 2.3125], "texture": "#0"},
				"south": {"uv": [2.5, 8.25, 2.9375, 8.3125], "texture": "#0"},
				"west": {"uv": [8.25, 2.5, 8.6875, 2.5625], "texture": "#0"},
				"up": {"uv": [6.6875, 1.9375, 6.25, 1.5], "texture": "#0"},
				"down": {"uv": [3.9375, 6.25, 3.5, 6.6875], "texture": "#0"}
			}
		},
		{
			"from": [6.9, -1.4, 6.9],
			"to": [9.1, -1, 9.1],
			"faces": {
				"north": {"uv": [7.5, 2.25, 8.0625, 2.34375], "texture": "#0"},
				"east": {"uv": [7.5, 2.5, 8.0625, 2.59375], "texture": "#0"},
				"south": {"uv": [7.5, 2.75, 8.0625, 2.84375], "texture": "#0"},
				"west": {"uv": [3, 7.5, 3.5625, 7.59375], "texture": "#0"},
				"up": {"uv": [3.5625, 4.5625, 3, 4], "texture": "#0"},
				"down": {"uv": [4.3125, 4, 3.75, 4.5625], "texture": "#0"}
			}
		},
		{
			"from": [6.9, -2.1, 6.9],
			"to": [9.1, -1.7, 9.1],
			"faces": {
				"north": {"uv": [7.5, 1.5, 8.0625, 1.59375], "texture": "#0"},
				"east": {"uv": [7.5, 1.75, 8.0625, 1.84375], "texture": "#0"},
				"south": {"uv": [7.5, 2, 8.0625, 2.09375], "texture": "#0"},
				"west": {"uv": [2.25, 7.5, 2.8125, 7.59375], "texture": "#0"},
				"up": {"uv": [4.3125, 2.0625, 3.75, 1.5], "texture": "#0"},
				"down": {"uv": [2.8125, 4, 2.25, 4.5625], "texture": "#0"}
			}
		},
		{
			"from": [7.1, -1.7, 7.1],
			"to": [8.9, -1.4, 8.9],
			"faces": {
				"north": {"uv": [1.5, 8.25, 1.9375, 8.3125], "texture": "#0"},
				"east": {"uv": [8.25, 1.5, 8.6875, 1.5625], "texture": "#0"},
				"south": {"uv": [8.25, 1.75, 8.6875, 1.8125], "texture": "#0"},
				"west": {"uv": [2, 8.25, 2.4375, 8.3125], "texture": "#0"},
				"up": {"uv": [1.4375, 6.6875, 1, 6.25], "texture": "#0"},
				"down": {"uv": [1.9375, 6.25, 1.5, 6.6875], "texture": "#0"}
			}
		},
		{
			"from": [6.9, -2.8, 6.9],
			"to": [9.1, -2.4, 9.1],
			"faces": {
				"north": {"uv": [7.5, 0.75, 8.0625, 0.84375], "texture": "#0"},
				"east": {"uv": [7.5, 1, 8.0625, 1.09375], "texture": "#0"},
				"south": {"uv": [7.5, 1.25, 8.0625, 1.34375], "texture": "#0"},
				"west": {"uv": [1.5, 7.5, 2.0625, 7.59375], "texture": "#0"},
				"up": {"uv": [1.3125, 4.3125, 0.75, 3.75], "texture": "#0"},
				"down": {"uv": [2.0625, 3.75, 1.5, 4.3125], "texture": "#0"}
			}
		},
		{
			"from": [7.1, -2.4, 7.1],
			"to": [8.9, -2.1, 8.9],
			"faces": {
				"north": {"uv": [8.25, 0.75, 8.6875, 0.8125], "texture": "#0"},
				"east": {"uv": [1, 8.25, 1.4375, 8.3125], "texture": "#0"},
				"south": {"uv": [8.25, 1, 8.6875, 1.0625], "texture": "#0"},
				"west": {"uv": [8.25, 1.25, 8.6875, 1.3125], "texture": "#0"},
				"up": {"uv": [0.4375, 6.6875, 0, 6.25], "texture": "#0"},
				"down": {"uv": [0.9375, 6.25, 0.5, 6.6875], "texture": "#0"}
			}
		},
		{
			"from": [6.9, -3.5, 6.9],
			"to": [9.1, -3.1, 9.1],
			"faces": {
				"north": {"uv": [0, 7.5, 0.5625, 7.59375], "texture": "#0"},
				"east": {"uv": [7.5, 0, 8.0625, 0.09375], "texture": "#0"},
				"south": {"uv": [7.5, 0.5, 8.0625, 0.59375], "texture": "#0"},
				"west": {"uv": [0.75, 7.5, 1.3125, 7.59375], "texture": "#0"},
				"up": {"uv": [4.0625, 3.8125, 3.5, 3.25], "texture": "#0"},
				"down": {"uv": [0.5625, 3.75, 0, 4.3125], "texture": "#0"}
			}
		},
		{
			"from": [7.1, -3.1, 7.1],
			"to": [8.9, -2.8, 8.9],
			"faces": {
				"north": {"uv": [0, 8.25, 0.4375, 8.3125], "texture": "#0"},
				"east": {"uv": [8.25, 0, 8.6875, 0.0625], "texture": "#0"},
				"south": {"uv": [0.5, 8.25, 0.9375, 8.3125], "texture": "#0"},
				"west": {"uv": [8.25, 0.5, 8.6875, 0.5625], "texture": "#0"},
				"up": {"uv": [6.4375, 3.4375, 6, 3], "texture": "#0"},
				"down": {"uv": [6.4375, 5.75, 6, 6.1875], "texture": "#0"}
			}
		},
		{
			"from": [6.9, -4.2, 6.9],
			"to": [9.1, -3.8, 9.1],
			"faces": {
				"north": {"uv": [6.5, 7.25, 7.0625, 7.34375], "texture": "#0"},
				"east": {"uv": [7.25, 6.75, 7.8125, 6.84375], "texture": "#0"},
				"south": {"uv": [7.25, 7, 7.8125, 7.09375], "texture": "#0"},
				"west": {"uv": [7.25, 7.25, 7.8125, 7.34375], "texture": "#0"},
				"up": {"uv": [4.0625, 1.3125, 3.5, 0.75], "texture": "#0"},
				"down": {"uv": [4.0625, 2.5, 3.5, 3.0625], "texture": "#0"}
			}
		},
		{
			"from": [7.1, -3.8, 7.1],
			"to": [8.9, -3.5, 8.9],
			"faces": {
				"north": {"uv": [8, 7, 8.4375, 7.0625], "texture": "#0"},
				"east": {"uv": [7.25, 8, 7.6875, 8.0625], "texture": "#0"},
				"south": {"uv": [8, 7.25, 8.4375, 7.3125], "texture": "#0"},
				"west": {"uv": [7.75, 8, 8.1875, 8.0625], "texture": "#0"},
				"up": {"uv": [6.4375, 2.9375, 6, 2.5], "texture": "#0"},
				"down": {"uv": [3.4375, 6, 3, 6.4375], "texture": "#0"}
			}
		},
		{
			"from": [6.9, -4.9, 6.9],
			"to": [9.1, -4.5, 9.1],
			"faces": {
				"north": {"uv": [7.25, 5.25, 7.8125, 5.34375], "texture": "#0"},
				"east": {"uv": [5.75, 7.25, 6.3125, 7.34375], "texture": "#0"},
				"south": {"uv": [7.25, 5.75, 7.8125, 5.84375], "texture": "#0"},
				"west": {"uv": [7.25, 6, 7.8125, 6.09375], "texture": "#0"},
				"up": {"uv": [3.3125, 3.8125, 2.75, 3.25], "texture": "#0"},
				"down": {"uv": [4.0625, 0, 3.5, 0.5625], "texture": "#0"}
			}
		},
		{
			"from": [7.1, -4.5, 7.1],
			"to": [8.9, -4.2, 8.9],
			"faces": {
				"north": {"uv": [8, 6, 8.4375, 6.0625], "texture": "#0"},
				"east": {"uv": [6.25, 8, 6.6875, 8.0625], "texture": "#0"},
				"south": {"uv": [6.75, 8, 7.1875, 8.0625], "texture": "#0"},
				"west": {"uv": [8, 6.75, 8.4375, 6.8125], "texture": "#0"},
				"up": {"uv": [6.4375, 2.4375, 6, 2], "texture": "#0"},
				"down": {"uv": [2.9375, 6, 2.5, 6.4375], "texture": "#0"}
			}
		},
		{
			"from": [6.9, -5.6, 6.9],
			"to": [9.1, -5.2, 9.1],
			"faces": {
				"north": {"uv": [7.25, 4.5, 7.8125, 4.59375], "texture": "#0"},
				"east": {"uv": [7.25, 4.75, 7.8125, 4.84375], "texture": "#0"},
				"south": {"uv": [5, 7.25, 5.5625, 7.34375], "texture": "#0"},
				"west": {"uv": [7.25, 5, 7.8125, 5.09375], "texture": "#0"},
				"up": {"uv": [3.3125, 3.0625, 2.75, 2.5], "texture": "#0"},
				"down": {"uv": [2.5625, 3, 2, 3.5625], "texture": "#0"}
			}
		},
		{
			"from": [7.1, -5.2, 7.1],
			"to": [8.9, -4.9, 8.9],
			"faces": {
				"north": {"uv": [5.25, 8, 5.6875, 8.0625], "texture": "#0"},
				"east": {"uv": [8, 5.25, 8.4375, 5.3125], "texture": "#0"},
				"south": {"uv": [5.75, 8, 6.1875, 8.0625], "texture": "#0"},
				"west": {"uv": [8, 5.75, 8.4375, 5.8125], "texture": "#0"},
				"up": {"uv": [6.4375, 1.4375, 6, 1], "texture": "#0"},
				"down": {"uv": [2.4375, 6, 2, 6.4375], "texture": "#0"}
			}
		},
		{
			"from": [7.1, -5.9, 7.1],
			"to": [8.9, -5.6, 8.9],
			"faces": {
				"north": {"uv": [8, 4.5, 8.4375, 4.5625], "texture": "#0"},
				"east": {"uv": [4.75, 8, 5.1875, 8.0625], "texture": "#0"},
				"south": {"uv": [8, 4.75, 8.4375, 4.8125], "texture": "#0"},
				"west": {"uv": [8, 5, 8.4375, 5.0625], "texture": "#0"},
				"up": {"uv": [6.4375, 0.4375, 6, 0], "texture": "#0"},
				"down": {"uv": [6.4375, 0.5, 6, 0.9375], "texture": "#0"}
			}
		},
		{
			"from": [7, -11.4, 7.1],
			"to": [9, -9.4, 8.9],
			"faces": {
				"north": {"uv": [3.75, 4.75, 4.25, 5.25], "texture": "#0"},
				"east": {"uv": [2, 5.5, 2.4375, 6], "texture": "#0"},
				"south": {"uv": [5.25, 3.75, 5.75, 4.25], "texture": "#0"},
				"west": {"uv": [2.5, 5.5, 2.9375, 6], "texture": "#0"},
				"up": {"uv": [3.5, 5.9375, 3, 5.5], "texture": "#0"},
				"down": {"uv": [0.5, 5.75, 0, 6.1875], "texture": "#0"}
			}
		},
		{
			"from": [7, 3.2, 7.1],
			"to": [9, 3.8, 8.9],
			"rotation": {"angle": 0, "axis": "y", "origin": [0, -8, 0]},
			"faces": {
				"north": {"uv": [6.25, 6.75, 6.75, 6.90625], "texture": "#0"},
				"east": {"uv": [7, 5.5, 7.4375, 5.65625], "texture": "#0"},
				"south": {"uv": [6.75, 6.75, 7.25, 6.90625], "texture": "#0"},
				"west": {"uv": [6.25, 7, 6.6875, 7.15625], "texture": "#0"},
				"up": {"uv": [1, 6.1875, 0.5, 5.75], "texture": "#0"},
				"down": {"uv": [1.5, 5.75, 1, 6.1875], "texture": "#0"}
			}
		},
		{
			"from": [7, 18.5, 7.1],
			"to": [9, 19.1, 8.9],
			"rotation": {"angle": 0, "axis": "y", "origin": [0, -8, 0]},
			"faces": {
				"north": {"uv": [0, 7, 0.5, 7.15625], "texture": "#0"},
				"east": {"uv": [6.75, 7, 7.1875, 7.15625], "texture": "#0"},
				"south": {"uv": [7, 0, 7.5, 0.15625], "texture": "#0"},
				"west": {"uv": [0, 7.25, 0.4375, 7.40625], "texture": "#0"},
				"up": {"uv": [6.25, 5.6875, 5.75, 5.25], "texture": "#0"},
				"down": {"uv": [6, 5.75, 5.5, 6.1875], "texture": "#0"}
			}
		},
		{
			"from": [-2.6, 20.3, 7.8],
			"to": [-0.4, 20.6, 8.2],
			"rotation": {"angle": 0, "axis": "y", "origin": [0, -8, 0]},
			"faces": {
				"north": {"uv": [3.25, 8, 3.8125, 8.0625], "texture": "#0"},
				"east": {"uv": [1.75, 8.5, 1.84375, 8.5625], "texture": "#0"},
				"south": {"uv": [4, 8, 4.5625, 8.0625], "texture": "#0"},
				"west": {"uv": [2, 8.5, 2.09375, 8.5625], "texture": "#0"},
				"up": {"uv": [8.0625, 7.84375, 7.5, 7.75], "texture": "#0"},
				"down": {"uv": [0.5625, 8, 0, 8.09375], "texture": "#0"}
			}
		},
		{
			"from": [-0.4, 20.2, 7.6],
			"to": [1.8, 20.7, 8.4],
			"rotation": {"angle": 0, "axis": "y", "origin": [0, -8, 0]},
			"faces": {
				"north": {"uv": [1.25, 7, 1.8125, 7.125], "texture": "#0"},
				"east": {"uv": [0.75, 8.5, 0.9375, 8.625], "texture": "#0"},
				"south": {"uv": [4.5, 7, 5.0625, 7.125], "texture": "#0"},
				"west": {"uv": [1, 8.5, 1.1875, 8.625], "texture": "#0"},
				"up": {"uv": [7.3125, 2.1875, 6.75, 2], "texture": "#0"},
				"down": {"uv": [7.3125, 2.25, 6.75, 2.4375], "texture": "#0"}
			}
		},
		{
			"from": [1.8, 19.8, 7.4],
			"to": [5, 21.1, 8.6],
			"rotation": {"angle": 0, "axis": "y", "origin": [0, -8, 0]},
			"faces": {
				"north": {"uv": [0, 5.25, 0.8125, 5.5625], "texture": "#0"},
				"east": {"uv": [4, 6.75, 4.3125, 7.0625], "texture": "#0"},
				"south": {"uv": [1, 5.25, 1.8125, 5.5625], "texture": "#0"},
				"west": {"uv": [6.75, 4, 7.0625, 4.3125], "texture": "#0"},
				"up": {"uv": [6.0625, 1.8125, 5.25, 1.5], "texture": "#0"},
				"down": {"uv": [4.5625, 5.25, 3.75, 5.5625], "texture": "#0"}
			}
		},
		{
			"from": [5, 19.5, 7],
			"to": [6.7, 21.5, 9],
			"rotation": {"angle": 0, "axis": "y", "origin": [0, -8, 0]},
			"faces": {
				"north": {"uv": [5.75, 4.25, 6.1875, 4.75], "texture": "#0"},
				"east": {"uv": [5.25, 4.75, 5.75, 5.25], "texture": "#0"},
				"south": {"uv": [4.5, 5.75, 4.9375, 6.25], "texture": "#0"},
				"west": {"uv": [5.25, 5.25, 5.75, 5.75], "texture": "#0"},
				"up": {"uv": [6.1875, 5.25, 5.75, 4.75], "texture": "#0"},
				"down": {"uv": [5.4375, 5.75, 5, 6.25], "texture": "#0"}
			}
		},
		{
			"from": [11, 19.8, 7.4],
			"to": [14.2, 21.1, 8.6],
			"rotation": {"angle": 0, "axis": "y", "origin": [0, -8, 0]},
			"faces": {
				"north": {"uv": [5, 1, 5.8125, 1.3125], "texture": "#0"},
				"east": {"uv": [3.5, 6.75, 3.8125, 7.0625], "texture": "#0"},
				"south": {"uv": [5, 2.25, 5.8125, 2.5625], "texture": "#0"},
				"west": {"uv": [6.75, 3.5, 7.0625, 3.8125], "texture": "#0"},
				"up": {"uv": [5.8125, 3.0625, 5, 2.75], "texture": "#0"},
				"down": {"uv": [5.8125, 3.25, 5, 3.5625], "texture": "#0"}
			}
		},
		{
			"from": [16.4, 20.3, 7.8],
			"to": [18.6, 20.6, 8.2],
			"rotation": {"angle": 0, "axis": "y", "origin": [0, -8, 0]},
			"faces": {
				"north": {"uv": [1.75, 8, 2.3125, 8.0625], "texture": "#0"},
				"east": {"uv": [1.25, 8.5, 1.34375, 8.5625], "texture": "#0"},
				"south": {"uv": [2.5, 8, 3.0625, 8.0625], "texture": "#0"},
				"west": {"uv": [1.5, 8.5, 1.59375, 8.5625], "texture": "#0"},
				"up": {"uv": [6.5625, 7.84375, 6, 7.75], "texture": "#0"},
				"down": {"uv": [7.3125, 7.75, 6.75, 7.84375], "texture": "#0"}
			}
		},
		{
			"from": [14.2, 20.2, 7.6],
			"to": [16.4, 20.7, 8.4],
			"rotation": {"angle": 0, "axis": "y", "origin": [0, -8, 0]},
			"faces": {
				"north": {"uv": [7, 0.25, 7.5625, 0.375], "texture": "#0"},
				"east": {"uv": [8.5, 0.25, 8.6875, 0.375], "texture": "#0"},
				"south": {"uv": [0.5, 7, 1.0625, 7.125], "texture": "#0"},
				"west": {"uv": [0.5, 8.5, 0.6875, 8.625], "texture": "#0"},
				"up": {"uv": [7.3125, 1.6875, 6.75, 1.5], "texture": "#0"},
				"down": {"uv": [7.3125, 1.75, 6.75, 1.9375], "texture": "#0"}
			}
		},
		{
			"from": [9.3, 19.5, 7],
			"to": [11, 21.5, 9],
			"rotation": {"angle": 0, "axis": "y", "origin": [0, -8, 0]},
			"faces": {
				"north": {"uv": [1.5, 5.75, 1.9375, 6.25], "texture": "#0"},
				"east": {"uv": [5.25, 4.25, 5.75, 4.75], "texture": "#0"},
				"south": {"uv": [3.5, 5.75, 3.9375, 6.25], "texture": "#0"},
				"west": {"uv": [4.75, 5.25, 5.25, 5.75], "texture": "#0"},
				"up": {"uv": [6.1875, 4.25, 5.75, 3.75], "texture": "#0"},
				"down": {"uv": [4.4375, 5.75, 4, 6.25], "texture": "#0"}
			}
		},
		{
			"from": [6.7, 19.1, 6.7],
			"to": [9.3, 21.9, 9.3],
			"rotation": {"angle": 0, "axis": "y", "origin": [0, -8, 0]},
			"faces": {
				"north": {"uv": [2, 0, 2.65625, 0.6875], "texture": "#0"},
				"east": {"uv": [2, 0.75, 2.65625, 1.4375], "texture": "#0"},
				"south": {"uv": [2, 1.5, 2.65625, 2.1875], "texture": "#0"},
				"west": {"uv": [2, 2.25, 2.65625, 2.9375], "texture": "#0"},
				"up": {"uv": [3.40625, 0.65625, 2.75, 0], "texture": "#0"},
				"down": {"uv": [3.40625, 0.75, 2.75, 1.40625], "texture": "#0"}
			}
		},
		{
			"from": [7.4, 3.8, 7.4],
			"to": [8.6, 18.5, 8.6],
			"rotation": {"angle": 0, "axis": "y", "origin": [0, -8, 0]},
			"faces": {
				"north": {"uv": [0, 0, 0.3125, 3.6875], "texture": "#0"},
				"east": {"uv": [0.5, 0, 0.8125, 3.6875], "texture": "#0"},
				"south": {"uv": [1, 0, 1.3125, 3.6875], "texture": "#0"},
				"west": {"uv": [1.5, 0, 1.8125, 3.6875], "texture": "#0"},
				"up": {"uv": [7.0625, 2.8125, 6.75, 2.5], "texture": "#0"},
				"down": {"uv": [7.0625, 3, 6.75, 3.3125], "texture": "#0"}
			}
		}
	],
	"display": {
		"thirdperson_righthand": {
			"rotation": [0, 90, 0],
			"translation": [0, 13.25, 0],
			"scale": [0.7, 0.7, 0.7]
		},
		"thirdperson_lefthand": {
			"rotation": [0, 90, 0],
			"translation": [0, 13.25, 0],
			"scale": [0.7, 0.7, 0.7]
		},
		"firstperson_righthand": {
			"rotation": [-55, 90, 0],
			"translation": [-0.75, 4.5, -0.5],
			"scale": [0.6, 0.6, 0.6]
		},
		"firstperson_lefthand": {
			"rotation": [-55, 90, 0],
			"translation": [-0.75, 4.5, -0.5],
			"scale": [0.6, 0.6, 0.6]
		},
		"ground": {
			"translation": [0, 11.75, 0],
			"scale": [0.6, 0.6, 0.6]
		},
		"gui": {
			"rotation": [0, 0, -45],
			"translation": [0.25, 0.25, 0],
			"scale": [0.5, 0.5, 0.53]
		},
		"head": {
			"translation": [0, -10.5, 0],
			"scale": [1.4, 0.92, 1.68]
		},
		"fixed": {
			"translation": [0, 2.5, 0],
			"scale": [0.5, 0.5, 0.5]
		}
	},
	"groups": [
		{
			"name": "group",
			"origin": [8, 8, 8],
			"color": 0,
			"children": [0, 1, 2, 3, 4, 5, 6, 7, 8, 9, 10, 11, 12, 13, 14, 15, 16, 17, 18, 19, 20, 21, 22, 23, 24, 25, 26, 27, 28, 29, 30, 31, 32, 33, 34, 35, 36, 37, 38, 39]
		},
		40,
		41,
		42,
		43,
		44,
		45,
		46,
		47,
		48,
		49,
		50,
		51
	]
}