{
	"credit": "Made with Blockbench",
	"texture_size": [32, 32],
	"textures": {
		"0": "item/golden_pickaxe",
		"particle": "item/golden_pickaxe"
	},
	"elements": [
		{
			"from": [7.5, -3, 7.6],
			"to": [8.5, 10, 8.4],
			"faces": {
				"north": {"uv": [0, 0, 0.5, 6.5], "texture": "#0"},
				"east": {"uv": [1, 0, 1.375, 6.5], "texture": "#0"},
				"south": {"uv": [0.5, 0, 1, 6.5], "texture": "#0"},
				"west": {"uv": [1.5, 0, 1.875, 6.5], "texture": "#0"},
				"up": {"uv": [1.5, 6.875, 1, 6.5], "texture": "#0"},
				"down": {"uv": [7, 1, 6.5, 1.375], "texture": "#0"}
			}
		},
		{
			"from": [7.7, -4.4, 7.7],
			"to": [8.3, -3, 8.3],
			"faces": {
				"north": {"uv": [6, 5.5, 6.3125, 6.1875], "texture": "#0"},
				"east": {"uv": [0, 6.5, 0.3125, 7.1875], "texture": "#0"},
				"south": {"uv": [6.5, 0, 6.8125, 0.6875], "texture": "#0"},
				"west": {"uv": [0.5, 6.5, 0.8125, 7.1875], "texture": "#0"},
				"up": {"uv": [2.8125, 7.8125, 2.5, 7.5], "texture": "#0"},
				"down": {"uv": [7.8125, 2.5, 7.5, 2.8125], "texture": "#0"}
			}
		},
		{
			"from": [7.4, 10, 7.3],
			"to": [8.6, 13.9, 8.7],
			"faces": {
				"north": {"uv": [4, 4, 4.625, 5.9375], "texture": "#0"},
				"east": {"uv": [4, 0, 4.6875, 1.9375], "texture": "#0"},
				"south": {"uv": [5, 0, 5.625, 1.9375], "texture": "#0"},
				"west": {"uv": [4, 2, 4.6875, 3.9375], "texture": "#0"},
				"up": {"uv": [2.625, 6.6875, 2, 6], "texture": "#0"},
				"down": {"uv": [3.625, 6, 3, 6.6875], "texture": "#0"}
			}
		},
		{
			"from": [7.6, 12.9, 9.3],
			"to": [8.4, 13.3, 9.8],
			"faces": {
				"north": {"uv": [8, 6.5, 8.375, 6.6875], "texture": "#0"},
				"east": {"uv": [9, 2, 9.25, 2.1875], "texture": "#0"},
				"south": {"uv": [7, 8, 7.375, 8.1875], "texture": "#0"},
				"west": {"uv": [2.5, 9, 2.75, 9.1875], "texture": "#0"},
				"up": {"uv": [7.875, 4.25, 7.5, 4], "texture": "#0"},
				"down": {"uv": [7.875, 4.5, 7.5, 4.75], "texture": "#0"}
			}
		},
		{
			"from": [7.6, 12.9, 11.5],
			"to": [8.4, 13.3, 12],
			"faces": {
				"north": {"uv": [8, 7, 8.375, 7.1875], "texture": "#0"},
				"east": {"uv": [9, 2.5, 9.25, 2.6875], "texture": "#0"},
				"south": {"uv": [7.5, 8, 7.875, 8.1875], "texture": "#0"},
				"west": {"uv": [3, 9, 3.25, 9.1875], "texture": "#0"},
				"up": {"uv": [7.875, 6.25, 7.5, 6], "texture": "#0"},
				"down": {"uv": [7.875, 6.5, 7.5, 6.75], "texture": "#0"}
			}
		},
		{
			"from": [7.7, 12.7, 2.6],
			"to": [8.3, 12.9, 2.9],
			"faces": {
				"north": {"uv": [9, 4.5, 9.3125, 4.625], "texture": "#0"},
				"east": {"uv": [1, 12, 1.125, 12.125], "texture": "#0"},
				"south": {"uv": [5, 9, 5.3125, 9.125], "texture": "#0"},
				"west": {"uv": [12, 1, 12.125, 1.125], "texture": "#0"},
				"up": {"uv": [9.3125, 5.125, 9, 5], "texture": "#0"},
				"down": {"uv": [9.3125, 5.5, 9, 5.625], "texture": "#0"}
			}
		},
		{
			"from": [7.7, 12.7, 13.1],
			"to": [8.3, 12.9, 13.4],
			"faces": {
				"north": {"uv": [9, 6, 9.3125, 6.125], "texture": "#0"},
				"east": {"uv": [1.5, 12, 1.625, 12.125], "texture": "#0"},
				"south": {"uv": [6.5, 9, 6.8125, 9.125], "texture": "#0"},
				"west": {"uv": [12, 1.5, 12.125, 1.625], "texture": "#0"},
				"up": {"uv": [9.3125, 6.625, 9, 6.5], "texture": "#0"},
				"down": {"uv": [7.3125, 9, 7, 9.125], "texture": "#0"}
			}
		},
		{
			"from": [7.6, 12.9, 6.2],
			"to": [8.4, 13.3, 6.7],
			"faces": {
				"north": {"uv": [8, 7.5, 8.375, 7.6875], "texture": "#0"},
				"east": {"uv": [9, 3, 9.25, 3.1875], "texture": "#0"},
				"south": {"uv": [8, 8, 8.375, 8.1875], "texture": "#0"},
				"west": {"uv": [3.5, 9, 3.75, 9.1875], "texture": "#0"},
				"up": {"uv": [7.375, 7.75, 7, 7.5], "texture": "#0"},
				"down": {"uv": [7.875, 7, 7.5, 7.25], "texture": "#0"}
			}
		},
		{
			"from": [7.6, 12.9, 4],
			"to": [8.4, 13.3, 4.5],
			"faces": {
				"north": {"uv": [0, 8.5, 0.375, 8.6875], "texture": "#0"},
				"east": {"uv": [9, 3.5, 9.25, 3.6875], "texture": "#0"},
				"south": {"uv": [8.5, 0, 8.875, 0.1875], "texture": "#0"},
				"west": {"uv": [9, 4, 9.25, 4.1875], "texture": "#0"},
				"up": {"uv": [7.875, 7.75, 7.5, 7.5], "texture": "#0"},
				"down": {"uv": [0.375, 8, 0, 8.25], "texture": "#0"}
			}
		},
		{
			"from": [7.5, 13.9, 7.5],
			"to": [8.5, 14.1, 8.5],
			"faces": {
				"north": {"uv": [0.5, 8.5, 1, 8.625], "texture": "#0"},
				"east": {"uv": [8.5, 0.5, 9, 0.625], "texture": "#0"},
				"south": {"uv": [8.5, 1, 9, 1.125], "texture": "#0"},
				"west": {"uv": [8.5, 1.5, 9, 1.625], "texture": "#0"},
				"up": {"uv": [4.5, 6.5, 4, 6], "texture": "#0"},
				"down": {"uv": [6.5, 4, 6, 4.5], "texture": "#0"}
			}
		},
		{
			"from": [7.8, -5.7, 7.8],
			"to": [8.2, -4.3, 8.2],
			"faces": {
				"north": {"uv": [0.5, 7.5, 0.6875, 8.1875], "texture": "#0"},
				"east": {"uv": [7.5, 0.5, 7.6875, 1.1875], "texture": "#0"},
				"south": {"uv": [7.5, 1.5, 7.6875, 2.1875], "texture": "#0"},
				"west": {"uv": [2, 7.5, 2.1875, 8.1875], "texture": "#0"},
				"up": {"uv": [8.6875, 9.1875, 8.5, 9], "texture": "#0"},
				"down": {"uv": [9.1875, 9, 9, 9.1875], "texture": "#0"}
			}
		},
		{
			"from": [7.5, 4.3, 7.5],
			"to": [8.5, 10, 7.6],
			"faces": {
				"north": {"uv": [2, 0, 2.5, 2.875], "texture": "#0"},
				"east": {"uv": [1.5, 6.5, 1.5625, 9.375], "texture": "#0"},
				"south": {"uv": [2.5, 0, 3, 2.875], "texture": "#0"},
				"west": {"uv": [4, 6.5, 4.0625, 9.375], "texture": "#0"},
				"up": {"uv": [10, 1.0625, 9.5, 1], "texture": "#0"},
				"down": {"uv": [2, 9.5, 1.5, 9.5625], "texture": "#0"}
			}
		},
		{
			"from": [7.5, 4.3, 8.4],
			"to": [8.5, 10, 8.5],
			"faces": {
				"north": {"uv": [3, 0, 3.5, 2.875], "texture": "#0"},
				"east": {"uv": [6.5, 4, 6.5625, 6.875], "texture": "#0"},
				"south": {"uv": [2, 3, 2.5, 5.875], "texture": "#0"},
				"west": {"uv": [4.5, 6.5, 4.5625, 9.375], "texture": "#0"},
				"up": {"uv": [10, 1.5625, 9.5, 1.5], "texture": "#0"},
				"down": {"uv": [2.5, 9.5, 2, 9.5625], "texture": "#0"}
			}
		},
		{
			"from": [7.5, -3, 8.4],
			"to": [8.5, 2.7, 8.5],
			"faces": {
				"north": {"uv": [2.5, 3, 3, 5.875], "texture": "#0"},
				"east": {"uv": [5.5, 6.5, 5.5625, 9.375], "texture": "#0"},
				"south": {"uv": [3, 3, 3.5, 5.875], "texture": "#0"},
				"west": {"uv": [6, 6.5, 6.0625, 9.375], "texture": "#0"},
				"up": {"uv": [10, 2.0625, 9.5, 2], "texture": "#0"},
				"down": {"uv": [3, 9.5, 2.5, 9.5625], "texture": "#0"}
			}
		},
		{
			"from": [7.5, -3, 7.5],
			"to": [8.5, 2.7, 7.6],
			"faces": {
				"north": {"uv": [3.5, 0, 4, 2.875], "texture": "#0"},
				"east": {"uv": [7, 0, 7.0625, 2.875], "texture": "#0"},
				"south": {"uv": [3.5, 3, 4, 5.875], "texture": "#0"},
				"west": {"uv": [1, 7, 1.0625, 9.875], "texture": "#0"},
				"up": {"uv": [10, 2.5625, 9.5, 2.5], "texture": "#0"},
				"down": {"uv": [3.5, 9.5, 3, 9.5625], "texture": "#0"}
			}
		},
		{
			"from": [7.4, 0, 7.5],
			"to": [7.5, 1, 7.6],
			"faces": {
				"north": {"uv": [9.5, 3, 9.5625, 3.5], "texture": "#0"},
				"east": {"uv": [3.5, 9.5, 3.5625, 10], "texture": "#0"},
				"south": {"uv": [9.5, 3.5, 9.5625, 4], "texture": "#0"},
				"west": {"uv": [4, 9.5, 4.0625, 10], "texture": "#0"},
				"up": {"uv": [0.5625, 13.0625, 0.5, 13], "texture": "#0"},
				"down": {"uv": [13.0625, 0.5, 13, 0.5625], "texture": "#0"}
			}
		},
		{
			"from": [7.4, 0, 8.3],
			"to": [7.5, 1, 8.4],
			"faces": {
				"north": {"uv": [9.5, 4, 9.5625, 4.5], "texture": "#0"},
				"east": {"uv": [4.5, 9.5, 4.5625, 10], "texture": "#0"},
				"south": {"uv": [9.5, 4.5, 9.5625, 5], "texture": "#0"},
				"west": {"uv": [5, 9.5, 5.0625, 10], "texture": "#0"},
				"up": {"uv": [1.0625, 13.0625, 1, 13], "texture": "#0"},
				"down": {"uv": [13.0625, 1, 13, 1.0625], "texture": "#0"}
			}
		},
		{
			"from": [7.4, 1, 7.6],
			"to": [7.5, 2, 7.7],
			"faces": {
				"north": {"uv": [9.5, 5, 9.5625, 5.5], "texture": "#0"},
				"east": {"uv": [5.5, 9.5, 5.5625, 10], "texture": "#0"},
				"south": {"uv": [9.5, 5.5, 9.5625, 6], "texture": "#0"},
				"west": {"uv": [6, 9.5, 6.0625, 10], "texture": "#0"},
				"up": {"uv": [1.5625, 13.0625, 1.5, 13], "texture": "#0"},
				"down": {"uv": [13.0625, 1.5, 13, 1.5625], "texture": "#0"}
			}
		},
		{
			"from": [7.4, 2, 7.7],
			"to": [7.5, 3, 7.8],
			"faces": {
				"north": {"uv": [9.5, 6, 9.5625, 6.5], "texture": "#0"},
				"east": {"uv": [6.5, 9.5, 6.5625, 10], "texture": "#0"},
				"south": {"uv": [9.5, 6.5, 9.5625, 7], "texture": "#0"},
				"west": {"uv": [7, 9.5, 7.0625, 10], "texture": "#0"},
				"up": {"uv": [2.0625, 13.0625, 2, 13], "texture": "#0"},
				"down": {"uv": [13.0625, 2, 13, 2.0625], "texture": "#0"}
			}
		},
		{
			"from": [7.4, 3, 7.8],
			"to": [7.5, 4, 7.9],
			"faces": {
				"north": {"uv": [9.5, 7, 9.5625, 7.5], "texture": "#0"},
				"east": {"uv": [9.5, 7.5, 9.5625, 8], "texture": "#0"},
				"south": {"uv": [9.5, 8, 9.5625, 8.5], "texture": "#0"},
				"west": {"uv": [8.5, 9.5, 8.5625, 10], "texture": "#0"},
				"up": {"uv": [2.5625, 13.0625, 2.5, 13], "texture": "#0"},
				"down": {"uv": [13.0625, 2.5, 13, 2.5625], "texture": "#0"}
			}
		},
		{
			"from": [7.4, 3, 8],
			"to": [7.5, 4, 8.1],
			"faces": {
				"north": {"uv": [9.5, 8.5, 9.5625, 9], "texture": "#0"},
				"east": {"uv": [9, 9.5, 9.0625, 10], "texture": "#0"},
				"south": {"uv": [9.5, 9, 9.5625, 9.5], "texture": "#0"},
				"west": {"uv": [9.5, 9.5, 9.5625, 10], "texture": "#0"},
				"up": {"uv": [3.0625, 13.0625, 3, 13], "texture": "#0"},
				"down": {"uv": [13.0625, 3, 13, 3.0625], "texture": "#0"}
			}
		},
		{
			"from": [7.4, 2, 8.1],
			"to": [7.5, 3, 8.2],
			"faces": {
				"north": {"uv": [0, 10, 0.0625, 10.5], "texture": "#0"},
				"east": {"uv": [10, 0, 10.0625, 0.5], "texture": "#0"},
				"south": {"uv": [0.5, 10, 0.5625, 10.5], "texture": "#0"},
				"west": {"uv": [10, 0.5, 10.0625, 1], "texture": "#0"},
				"up": {"uv": [3.5625, 13.0625, 3.5, 13], "texture": "#0"},
				"down": {"uv": [13.0625, 3.5, 13, 3.5625], "texture": "#0"}
			}
		},
		{
			"from": [7.4, 1, 8.2],
			"to": [7.5, 2, 8.3],
			"faces": {
				"north": {"uv": [1, 10, 1.0625, 10.5], "texture": "#0"},
				"east": {"uv": [10, 1, 10.0625, 1.5], "texture": "#0"},
				"south": {"uv": [1.5, 10, 1.5625, 10.5], "texture": "#0"},
				"west": {"uv": [10, 1.5, 10.0625, 2], "texture": "#0"},
				"up": {"uv": [4.0625, 13.0625, 4, 13], "texture": "#0"},
				"down": {"uv": [13.0625, 4, 13, 4.0625], "texture": "#0"}
			}
		},
		{
			"from": [7.4, 4, 7.9],
			"to": [7.5, 5, 8],
			"faces": {
				"north": {"uv": [2, 10, 2.0625, 10.5], "texture": "#0"},
				"east": {"uv": [10, 2, 10.0625, 2.5], "texture": "#0"},
				"south": {"uv": [2.5, 10, 2.5625, 10.5], "texture": "#0"},
				"west": {"uv": [10, 2.5, 10.0625, 3], "texture": "#0"},
				"up": {"uv": [4.5625, 13.0625, 4.5, 13], "texture": "#0"},
				"down": {"uv": [13.0625, 4.5, 13, 4.5625], "texture": "#0"}
			}
		},
		{
			"from": [7.4, 5, 8],
			"to": [7.5, 6, 8.1],
			"faces": {
				"north": {"uv": [3, 10, 3.0625, 10.5], "texture": "#0"},
				"east": {"uv": [10, 3, 10.0625, 3.5], "texture": "#0"},
				"south": {"uv": [3.5, 10, 3.5625, 10.5], "texture": "#0"},
				"west": {"uv": [10, 3.5, 10.0625, 4], "texture": "#0"},
				"up": {"uv": [5.0625, 13.0625, 5, 13], "texture": "#0"},
				"down": {"uv": [13.0625, 5, 13, 5.0625], "texture": "#0"}
			}
		},
		{
			"from": [7.4, 6, 8.1],
			"to": [7.5, 7, 8.2],
			"faces": {
				"north": {"uv": [4, 10, 4.0625, 10.5], "texture": "#0"},
				"east": {"uv": [10, 4, 10.0625, 4.5], "texture": "#0"},
				"south": {"uv": [4.5, 10, 4.5625, 10.5], "texture": "#0"},
				"west": {"uv": [10, 4.5, 10.0625, 5], "texture": "#0"},
				"up": {"uv": [5.5625, 13.0625, 5.5, 13], "texture": "#0"},
				"down": {"uv": [13.0625, 5.5, 13, 5.5625], "texture": "#0"}
			}
		},
		{
			"from": [7.4, 7, 8.2],
			"to": [7.5, 8, 8.3],
			"faces": {
				"north": {"uv": [5, 10, 5.0625, 10.5], "texture": "#0"},
				"east": {"uv": [10, 5, 10.0625, 5.5], "texture": "#0"},
				"south": {"uv": [5.5, 10, 5.5625, 10.5], "texture": "#0"},
				"west": {"uv": [10, 5.5, 10.0625, 6], "texture": "#0"},
				"up": {"uv": [6.0625, 13.0625, 6, 13], "texture": "#0"},
				"down": {"uv": [13.0625, 6, 13, 6.0625], "texture": "#0"}
			}
		},
		{
			"from": [7.4, 7, 8],
			"to": [7.5, 8, 8.1],
			"faces": {
				"north": {"uv": [6, 10, 6.0625, 10.5], "texture": "#0"},
				"east": {"uv": [10, 6, 10.0625, 6.5], "texture": "#0"},
				"south": {"uv": [6.5, 10, 6.5625, 10.5], "texture": "#0"},
				"west": {"uv": [10, 6.5, 10.0625, 7], "texture": "#0"},
				"up": {"uv": [6.5625, 13.0625, 6.5, 13], "texture": "#0"},
				"down": {"uv": [13.0625, 6.5, 13, 6.5625], "texture": "#0"}
			}
		},
		{
			"from": [7.4, 8, 7.9],
			"to": [7.5, 9, 8],
			"faces": {
				"north": {"uv": [7, 10, 7.0625, 10.5], "texture": "#0"},
				"east": {"uv": [10, 7, 10.0625, 7.5], "texture": "#0"},
				"south": {"uv": [7.5, 10, 7.5625, 10.5], "texture": "#0"},
				"west": {"uv": [10, 7.5, 10.0625, 8], "texture": "#0"},
				"up": {"uv": [7.0625, 13.0625, 7, 13], "texture": "#0"},
				"down": {"uv": [13.0625, 7, 13, 7.0625], "texture": "#0"}
			}
		},
		{
			"from": [7.3, 12.4, 7.5],
			"to": [7.4, 13.7, 7.7],
			"faces": {
				"north": {"uv": [9, 7, 9.0625, 7.625], "texture": "#0"},
				"east": {"uv": [8, 0, 8.125, 0.625], "texture": "#0"},
				"south": {"uv": [7.5, 9, 7.5625, 9.625], "texture": "#0"},
				"west": {"uv": [8, 1, 8.125, 1.625], "texture": "#0"},
				"up": {"uv": [9.5625, 12.125, 9.5, 12], "texture": "#0"},
				"down": {"uv": [12.0625, 9.5, 12, 9.625], "texture": "#0"}
			}
		},
		{
			"from": [7.3, 11.3, 7.5],
			"to": [7.4, 12.2, 7.7],
			"faces": {
				"north": {"uv": [11.5, 3.5, 11.5625, 3.9375], "texture": "#0"},
				"east": {"uv": [9, 0.5, 9.125, 0.9375], "texture": "#0"},
				"south": {"uv": [4, 11.5, 4.0625, 11.9375], "texture": "#0"},
				"west": {"uv": [9, 1, 9.125, 1.4375], "texture": "#0"},
				"up": {"uv": [10.0625, 12.125, 10, 12], "texture": "#0"},
				"down": {"uv": [12.0625, 10, 12, 10.125], "texture": "#0"}
			}
		},
		{
			"from": [7.5, 12.6, 7.1],
			"to": [8.5, 13.6, 7.3],
			"faces": {
				"north": {"uv": [4.5, 6, 5, 6.5], "texture": "#0"},
				"east": {"uv": [2, 8.5, 2.125, 9], "texture": "#0"},
				"south": {"uv": [6, 4.5, 6.5, 5], "texture": "#0"},
				"west": {"uv": [2.5, 8.5, 2.625, 9], "texture": "#0"},
				"up": {"uv": [9, 2.625, 8.5, 2.5], "texture": "#0"},
				"down": {"uv": [3.5, 8.5, 3, 8.625], "texture": "#0"}
			}
		},
		{
			"from": [7.5, 12.6, 8.7],
			"to": [8.5, 13.6, 8.9],
			"faces": {
				"north": {"uv": [6, 5, 6.5, 5.5], "texture": "#0"},
				"east": {"uv": [8.5, 3, 8.625, 3.5], "texture": "#0"},
				"south": {"uv": [5.5, 6, 6, 6.5], "texture": "#0"},
				"west": {"uv": [8.5, 4.5, 8.625, 5], "texture": "#0"},
				"up": {"uv": [9, 5.125, 8.5, 5], "texture": "#0"},
				"down": {"uv": [9, 5.5, 8.5, 5.625], "texture": "#0"}
			}
		},
		{
			"from": [7.7, 12.8, 8.9],
			"to": [8.3, 13.4, 12.4],
			"faces": {
				"north": {"uv": [3, 7.5, 3.3125, 7.8125], "texture": "#0"},
				"east": {"uv": [5, 2, 6.75, 2.3125], "texture": "#0"},
				"south": {"uv": [7.5, 3, 7.8125, 3.3125], "texture": "#0"},
				"west": {"uv": [5, 2.5, 6.75, 2.8125], "texture": "#0"},
				"up": {"uv": [5.3125, 4.75, 5, 3], "texture": "#0"},
				"down": {"uv": [5.3125, 5, 5, 6.75], "texture": "#0"}
			}
		},
		{
			"from": [7.7, 12.8, 3.6],
			"to": [8.3, 13.4, 7.1],
			"faces": {
				"north": {"uv": [3.5, 7.5, 3.8125, 7.8125], "texture": "#0"},
				"east": {"uv": [5.5, 3, 7.25, 3.3125], "texture": "#0"},
				"south": {"uv": [7.5, 3.5, 7.8125, 3.8125], "texture": "#0"},
				"west": {"uv": [5.5, 3.5, 7.25, 3.8125], "texture": "#0"},
				"up": {"uv": [5.8125, 5.75, 5.5, 4], "texture": "#0"},
				"down": {"uv": [6.3125, 0, 6, 1.75], "texture": "#0"}
			}
		},
		{
			"from": [7.8, 10.6, 6.5],
			"to": [8.2, 11, 8.4],
			"rotation": {"angle": -22.5, "axis": "x", "origin": [0, 0, 0]},
			"faces": {
				"north": {"uv": [0, 9.5, 0.1875, 9.6875], "texture": "#0"},
				"east": {"uv": [2, 7, 2.9375, 7.1875], "texture": "#0"},
				"south": {"uv": [9.5, 0, 9.6875, 0.1875], "texture": "#0"},
				"west": {"uv": [3, 7, 3.9375, 7.1875], "texture": "#0"},
				"up": {"uv": [7.1875, 4.9375, 7, 4], "texture": "#0"},
				"down": {"uv": [5.1875, 7, 5, 7.9375], "texture": "#0"}
			}
		},
		{
			"from": [7.8, 16.7, 6.4],
			"to": [8.2, 17.1, 8.3],
			"rotation": {"angle": 22.5, "axis": "x", "origin": [0, 0, 0]},
			"faces": {
				"north": {"uv": [0.5, 9.5, 0.6875, 9.6875], "texture": "#0"},
				"east": {"uv": [7, 5, 7.9375, 5.1875], "texture": "#0"},
				"south": {"uv": [9.5, 0.5, 9.6875, 0.6875], "texture": "#0"},
				"west": {"uv": [7, 5.5, 7.9375, 5.6875], "texture": "#0"},
				"up": {"uv": [7.1875, 6.9375, 7, 6], "texture": "#0"},
				"down": {"uv": [6.6875, 7, 6.5, 7.9375], "texture": "#0"}
			}
		},
		{
			"from": [7.9, 18.7, 1.2],
			"to": [8.1, 18.9, 2.5],
			"rotation": {"angle": 45, "axis": "x", "origin": [0, 0, 0]},
			"faces": {
				"north": {"uv": [2, 12, 2.125, 12.125], "texture": "#0"},
				"east": {"uv": [8, 2, 8.625, 2.125], "texture": "#0"},
				"south": {"uv": [12, 2, 12.125, 2.125], "texture": "#0"},
				"west": {"uv": [2.5, 8, 3.125, 8.125], "texture": "#0"},
				"up": {"uv": [8.125, 3.125, 8, 2.5], "texture": "#0"},
				"down": {"uv": [3.625, 8, 3.5, 8.625], "texture": "#0"}
			}
		},
		{
			"from": [7.9, 7.4, 8.9],
			"to": [8.1, 7.6, 10.2],
			"rotation": {"angle": -45, "axis": "x", "origin": [0, 0, 0]},
			"faces": {
				"north": {"uv": [2.5, 12, 2.625, 12.125], "texture": "#0"},
				"east": {"uv": [8, 3.5, 8.625, 3.625], "texture": "#0"},
				"south": {"uv": [12, 2.5, 12.125, 2.625], "texture": "#0"},
				"west": {"uv": [8, 4, 8.625, 4.125], "texture": "#0"},
				"up": {"uv": [8.125, 5.125, 8, 4.5], "texture": "#0"},
				"down": {"uv": [5.125, 8, 5, 8.625], "texture": "#0"}
			}
		},
		{
			"from": [8.6, 11.3, 8.3],
			"to": [8.7, 12.2, 8.5],
			"faces": {
				"north": {"uv": [11.5, 4, 11.5625, 4.4375], "texture": "#0"},
				"east": {"uv": [9, 1.5, 9.125, 1.9375], "texture": "#0"},
				"south": {"uv": [4.5, 11.5, 4.5625, 11.9375], "texture": "#0"},
				"west": {"uv": [2, 9, 2.125, 9.4375], "texture": "#0"},
				"up": {"uv": [10.5625, 12.125, 10.5, 12], "texture": "#0"},
				"down": {"uv": [12.0625, 10.5, 12, 10.625], "texture": "#0"}
			}
		},
		{
			"from": [8.6, 12.4, 8.3],
			"to": [8.7, 13.7, 8.5],
			"faces": {
				"north": {"uv": [8, 9, 8.0625, 9.625], "texture": "#0"},
				"east": {"uv": [8, 5.5, 8.125, 6.125], "texture": "#0"},
				"south": {"uv": [9, 8, 9.0625, 8.625], "texture": "#0"},
				"west": {"uv": [6.5, 8, 6.625, 8.625], "texture": "#0"},
				"up": {"uv": [11.0625, 12.125, 11, 12], "texture": "#0"},
				"down": {"uv": [12.0625, 11, 12, 11.125], "texture": "#0"}
			}
		},
		{
			"from": [7.4, 8, 8.3],
			"to": [7.5, 9, 8.4],
			"faces": {
				"north": {"uv": [8, 10, 8.0625, 10.5], "texture": "#0"},
				"east": {"uv": [10, 8, 10.0625, 8.5], "texture": "#0"},
				"south": {"uv": [8.5, 10, 8.5625, 10.5], "texture": "#0"},
				"west": {"uv": [10, 8.5, 10.0625, 9], "texture": "#0"},
				"up": {"uv": [7.5625, 13.0625, 7.5, 13], "texture": "#0"},
				"down": {"uv": [13.0625, 7.5, 13, 7.5625], "texture": "#0"}
			}
		},
		{
			"from": [7.4, 9, 8.4],
			"to": [7.5, 10, 8.5],
			"faces": {
				"north": {"uv": [9, 10, 9.0625, 10.5], "texture": "#0"},
				"east": {"uv": [10, 9, 10.0625, 9.5], "texture": "#0"},
				"south": {"uv": [9.5, 10, 9.5625, 10.5], "texture": "#0"},
				"west": {"uv": [10, 9.5, 10.0625, 10], "texture": "#0"},
				"up": {"uv": [8.0625, 13.0625, 8, 13], "texture": "#0"},
				"down": {"uv": [13.0625, 8, 13, 8.0625], "texture": "#0"}
			}
		},
		{
			"from": [7.4, -1, 8.4],
			"to": [7.5, 0, 8.5],
			"faces": {
				"north": {"uv": [10, 10, 10.0625, 10.5], "texture": "#0"},
				"east": {"uv": [0, 10.5, 0.0625, 11], "texture": "#0"},
				"south": {"uv": [10.5, 0, 10.5625, 0.5], "texture": "#0"},
				"west": {"uv": [0.5, 10.5, 0.5625, 11], "texture": "#0"},
				"up": {"uv": [8.5625, 13.0625, 8.5, 13], "texture": "#0"},
				"down": {"uv": [13.0625, 8.5, 13, 8.5625], "texture": "#0"}
			}
		},
		{
			"from": [7.4, -1, 7.5],
			"to": [7.5, 0, 7.6],
			"faces": {
				"north": {"uv": [10.5, 0.5, 10.5625, 1], "texture": "#0"},
				"east": {"uv": [1, 10.5, 1.0625, 11], "texture": "#0"},
				"south": {"uv": [10.5, 1, 10.5625, 1.5], "texture": "#0"},
				"west": {"uv": [1.5, 10.5, 1.5625, 11], "texture": "#0"},
				"up": {"uv": [9.0625, 13.0625, 9, 13], "texture": "#0"},
				"down": {"uv": [13.0625, 9, 13, 9.0625], "texture": "#0"}
			}
		},
		{
			"from": [7.4, -2, 7.5],
			"to": [7.5, -1, 7.6],
			"faces": {
				"north": {"uv": [10.5, 1.5, 10.5625, 2], "texture": "#0"},
				"east": {"uv": [2, 10.5, 2.0625, 11], "texture": "#0"},
				"south": {"uv": [10.5, 2, 10.5625, 2.5], "texture": "#0"},
				"west": {"uv": [2.5, 10.5, 2.5625, 11], "texture": "#0"},
				"up": {"uv": [9.5625, 13.0625, 9.5, 13], "texture": "#0"},
				"down": {"uv": [13.0625, 9.5, 13, 9.5625], "texture": "#0"}
			}
		},
		{
			"from": [7.6, -3.6, 7.9],
			"to": [7.7, -3.2, 8.1],
			"faces": {
				"north": {"uv": [3.5, 12, 3.5625, 12.1875], "texture": "#0"},
				"east": {"uv": [11.5, 4.5, 11.625, 4.6875], "texture": "#0"},
				"south": {"uv": [12, 3.5, 12.0625, 3.6875], "texture": "#0"},
				"west": {"uv": [5, 11.5, 5.125, 11.6875], "texture": "#0"},
				"up": {"uv": [11.5625, 12.125, 11.5, 12], "texture": "#0"},
				"down": {"uv": [12.0625, 11.5, 12, 11.625], "texture": "#0"}
			}
		},
		{
			"from": [7.6, -4.3, 7.9],
			"to": [7.7, -3.9, 8.1],
			"faces": {
				"north": {"uv": [4, 12, 4.0625, 12.1875], "texture": "#0"},
				"east": {"uv": [11.5, 5, 11.625, 5.1875], "texture": "#0"},
				"south": {"uv": [12, 4, 12.0625, 4.1875], "texture": "#0"},
				"west": {"uv": [5.5, 11.5, 5.625, 11.6875], "texture": "#0"},
				"up": {"uv": [12.0625, 12.125, 12, 12], "texture": "#0"},
				"down": {"uv": [0.0625, 12.5, 0, 12.625], "texture": "#0"}
			}
		},
		{
			"from": [7.7, -5.3, 7.9],
			"to": [7.8, -4.9, 8.1],
			"faces": {
				"north": {"uv": [4.5, 12, 4.5625, 12.1875], "texture": "#0"},
				"east": {"uv": [11.5, 5.5, 11.625, 5.6875], "texture": "#0"},
				"south": {"uv": [12, 4.5, 12.0625, 4.6875], "texture": "#0"},
				"west": {"uv": [6, 11.5, 6.125, 11.6875], "texture": "#0"},
				"up": {"uv": [12.5625, 0.125, 12.5, 0], "texture": "#0"},
				"down": {"uv": [0.5625, 12.5, 0.5, 12.625], "texture": "#0"}
			}
		},
		{
			"from": [7.9, -5.8, 7.9],
			"to": [8.1, -5.7, 8.1],
			"faces": {
				"north": {"uv": [12.5, 0.5, 12.625, 0.5625], "texture": "#0"},
				"east": {"uv": [1, 12.5, 1.125, 12.5625], "texture": "#0"},
				"south": {"uv": [12.5, 1, 12.625, 1.0625], "texture": "#0"},
				"west": {"uv": [1.5, 12.5, 1.625, 12.5625], "texture": "#0"},
				"up": {"uv": [3.125, 12.125, 3, 12], "texture": "#0"},
				"down": {"uv": [12.125, 3, 12, 3.125], "texture": "#0"}
			}
		},
		{
			"from": [8.2, -5.3, 7.9],
			"to": [8.3, -4.9, 8.1],
			"faces": {
				"north": {"uv": [5, 12, 5.0625, 12.1875], "texture": "#0"},
				"east": {"uv": [11.5, 6, 11.625, 6.1875], "texture": "#0"},
				"south": {"uv": [12, 5, 12.0625, 5.1875], "texture": "#0"},
				"west": {"uv": [6.5, 11.5, 6.625, 11.6875], "texture": "#0"},
				"up": {"uv": [12.5625, 1.625, 12.5, 1.5], "texture": "#0"},
				"down": {"uv": [2.0625, 12.5, 2, 12.625], "texture": "#0"}
			}
		},
		{
			"from": [8.3, -4.3, 7.9],
			"to": [8.4, -3.9, 8.1],
			"faces": {
				"north": {"uv": [5.5, 12, 5.5625, 12.1875], "texture": "#0"},
				"east": {"uv": [11.5, 6.5, 11.625, 6.6875], "texture": "#0"},
				"south": {"uv": [12, 5.5, 12.0625, 5.6875], "texture": "#0"},
				"west": {"uv": [7, 11.5, 7.125, 11.6875], "texture": "#0"},
				"up": {"uv": [12.5625, 2.125, 12.5, 2], "texture": "#0"},
				"down": {"uv": [2.5625, 12.5, 2.5, 12.625], "texture": "#0"}
			}
		},
		{
			"from": [8.3, -3.6, 7.9],
			"to": [8.4, -3.2, 8.1],
			"faces": {
				"north": {"uv": [6, 12, 6.0625, 12.1875], "texture": "#0"},
				"east": {"uv": [11.5, 7, 11.625, 7.1875], "texture": "#0"},
				"south": {"uv": [12, 6, 12.0625, 6.1875], "texture": "#0"},
				"west": {"uv": [7.5, 11.5, 7.625, 11.6875], "texture": "#0"},
				"up": {"uv": [12.5625, 2.625, 12.5, 2.5], "texture": "#0"},
				"down": {"uv": [3.0625, 12.5, 3, 12.625], "texture": "#0"}
			}
		},
		{
			"from": [7.9, -4.3, 7.6],
			"to": [8.1, -3.9, 7.7],
			"faces": {
				"north": {"uv": [11.5, 7.5, 11.625, 7.6875], "texture": "#0"},
				"east": {"uv": [6.5, 12, 6.5625, 12.1875], "texture": "#0"},
				"south": {"uv": [8, 11.5, 8.125, 11.6875], "texture": "#0"},
				"west": {"uv": [12, 6.5, 12.0625, 6.6875], "texture": "#0"},
				"up": {"uv": [12.625, 3.0625, 12.5, 3], "texture": "#0"},
				"down": {"uv": [3.625, 12.5, 3.5, 12.5625], "texture": "#0"}
			}
		},
		{
			"from": [7.9, -5.3, 7.7],
			"to": [8.1, -4.9, 7.8],
			"faces": {
				"north": {"uv": [11.5, 8, 11.625, 8.1875], "texture": "#0"},
				"east": {"uv": [7, 12, 7.0625, 12.1875], "texture": "#0"},
				"south": {"uv": [8.5, 11.5, 8.625, 11.6875], "texture": "#0"},
				"west": {"uv": [12, 7, 12.0625, 7.1875], "texture": "#0"},
				"up": {"uv": [12.625, 3.5625, 12.5, 3.5], "texture": "#0"},
				"down": {"uv": [4.125, 12.5, 4, 12.5625], "texture": "#0"}
			}
		},
		{
			"from": [7.9, -3.6, 7.6],
			"to": [8.1, -3.2, 7.7],
			"faces": {
				"north": {"uv": [11.5, 8.5, 11.625, 8.6875], "texture": "#0"},
				"east": {"uv": [7.5, 12, 7.5625, 12.1875], "texture": "#0"},
				"south": {"uv": [9, 11.5, 9.125, 11.6875], "texture": "#0"},
				"west": {"uv": [12, 7.5, 12.0625, 7.6875], "texture": "#0"},
				"up": {"uv": [12.625, 4.0625, 12.5, 4], "texture": "#0"},
				"down": {"uv": [4.625, 12.5, 4.5, 12.5625], "texture": "#0"}
			}
		},
		{
			"from": [7.9, -4.3, 8.3],
			"to": [8.1, -3.9, 8.4],
			"faces": {
				"north": {"uv": [11.5, 9, 11.625, 9.1875], "texture": "#0"},
				"east": {"uv": [8, 12, 8.0625, 12.1875], "texture": "#0"},
				"south": {"uv": [9.5, 11.5, 9.625, 11.6875], "texture": "#0"},
				"west": {"uv": [12, 8, 12.0625, 8.1875], "texture": "#0"},
				"up": {"uv": [12.625, 4.5625, 12.5, 4.5], "texture": "#0"},
				"down": {"uv": [5.125, 12.5, 5, 12.5625], "texture": "#0"}
			}
		},
		{
			"from": [7.9, -5.3, 8.2],
			"to": [8.1, -4.9, 8.3],
			"faces": {
				"north": {"uv": [11.5, 9.5, 11.625, 9.6875], "texture": "#0"},
				"east": {"uv": [8.5, 12, 8.5625, 12.1875], "texture": "#0"},
				"south": {"uv": [10, 11.5, 10.125, 11.6875], "texture": "#0"},
				"west": {"uv": [12, 8.5, 12.0625, 8.6875], "texture": "#0"},
				"up": {"uv": [12.625, 5.0625, 12.5, 5], "texture": "#0"},
				"down": {"uv": [5.625, 12.5, 5.5, 12.5625], "texture": "#0"}
			}
		},
		{
			"from": [7.9, -3.6, 8.3],
			"to": [8.1, -3.2, 8.4],
			"faces": {
				"north": {"uv": [11.5, 10, 11.625, 10.1875], "texture": "#0"},
				"east": {"uv": [9, 12, 9.0625, 12.1875], "texture": "#0"},
				"south": {"uv": [10.5, 11.5, 10.625, 11.6875], "texture": "#0"},
				"west": {"uv": [12, 9, 12.0625, 9.1875], "texture": "#0"},
				"up": {"uv": [12.625, 5.5625, 12.5, 5.5], "texture": "#0"},
				"down": {"uv": [6.125, 12.5, 6, 12.5625], "texture": "#0"}
			}
		},
		{
			"from": [8.5, 9, 7.8],
			"to": [8.6, 10, 7.9],
			"faces": {
				"north": {"uv": [10.5, 2.5, 10.5625, 3], "texture": "#0"},
				"east": {"uv": [3, 10.5, 3.0625, 11], "texture": "#0"},
				"south": {"uv": [10.5, 3, 10.5625, 3.5], "texture": "#0"},
				"west": {"uv": [3.5, 10.5, 3.5625, 11], "texture": "#0"},
				"up": {"uv": [10.0625, 13.0625, 10, 13], "texture": "#0"},
				"down": {"uv": [13.0625, 10, 13, 10.0625], "texture": "#0"}
			}
		},
		{
			"from": [8.5, 9, 8.2],
			"to": [8.6, 10, 8.3],
			"faces": {
				"north": {"uv": [10.5, 3.5, 10.5625, 4], "texture": "#0"},
				"east": {"uv": [4, 10.5, 4.0625, 11], "texture": "#0"},
				"south": {"uv": [10.5, 4, 10.5625, 4.5], "texture": "#0"},
				"west": {"uv": [4.5, 10.5, 4.5625, 11], "texture": "#0"},
				"up": {"uv": [10.5625, 13.0625, 10.5, 13], "texture": "#0"},
				"down": {"uv": [13.0625, 10.5, 13, 10.5625], "texture": "#0"}
			}
		},
		{
			"from": [8.5, 8, 8.3],
			"to": [8.6, 9, 8.4],
			"faces": {
				"north": {"uv": [10.5, 4.5, 10.5625, 5], "texture": "#0"},
				"east": {"uv": [5, 10.5, 5.0625, 11], "texture": "#0"},
				"south": {"uv": [10.5, 5, 10.5625, 5.5], "texture": "#0"},
				"west": {"uv": [5.5, 10.5, 5.5625, 11], "texture": "#0"},
				"up": {"uv": [11.0625, 13.0625, 11, 13], "texture": "#0"},
				"down": {"uv": [13.0625, 11, 13, 11.0625], "texture": "#0"}
			}
		},
		{
			"from": [8.5, 8, 7.7],
			"to": [8.6, 9, 7.8],
			"faces": {
				"north": {"uv": [10.5, 5.5, 10.5625, 6], "texture": "#0"},
				"east": {"uv": [6, 10.5, 6.0625, 11], "texture": "#0"},
				"south": {"uv": [10.5, 6, 10.5625, 6.5], "texture": "#0"},
				"west": {"uv": [6.5, 10.5, 6.5625, 11], "texture": "#0"},
				"up": {"uv": [11.5625, 13.0625, 11.5, 13], "texture": "#0"},
				"down": {"uv": [13.0625, 11.5, 13, 11.5625], "texture": "#0"}
			}
		},
		{
			"from": [8.5, 7, 7.6],
			"to": [8.6, 8, 7.7],
			"faces": {
				"north": {"uv": [10.5, 6.5, 10.5625, 7], "texture": "#0"},
				"east": {"uv": [7, 10.5, 7.0625, 11], "texture": "#0"},
				"south": {"uv": [10.5, 7, 10.5625, 7.5], "texture": "#0"},
				"west": {"uv": [7.5, 10.5, 7.5625, 11], "texture": "#0"},
				"up": {"uv": [12.0625, 13.0625, 12, 13], "texture": "#0"},
				"down": {"uv": [13.0625, 12, 13, 12.0625], "texture": "#0"}
			}
		},
		{
			"from": [8.5, 7, 8.4],
			"to": [8.6, 8, 8.5],
			"faces": {
				"north": {"uv": [10.5, 7.5, 10.5625, 8], "texture": "#0"},
				"east": {"uv": [8, 10.5, 8.0625, 11], "texture": "#0"},
				"south": {"uv": [10.5, 8, 10.5625, 8.5], "texture": "#0"},
				"west": {"uv": [8.5, 10.5, 8.5625, 11], "texture": "#0"},
				"up": {"uv": [12.5625, 13.0625, 12.5, 13], "texture": "#0"},
				"down": {"uv": [13.0625, 12.5, 13, 12.5625], "texture": "#0"}
			}
		},
		{
			"from": [8.5, 6, 7.5],
			"to": [8.6, 7, 7.6],
			"faces": {
				"north": {"uv": [10.5, 8.5, 10.5625, 9], "texture": "#0"},
				"east": {"uv": [9, 10.5, 9.0625, 11], "texture": "#0"},
				"south": {"uv": [10.5, 9, 10.5625, 9.5], "texture": "#0"},
				"west": {"uv": [9.5, 10.5, 9.5625, 11], "texture": "#0"},
				"up": {"uv": [13.0625, 13.0625, 13, 13], "texture": "#0"},
				"down": {"uv": [0.0625, 13.5, 0, 13.5625], "texture": "#0"}
			}
		},
		{
			"from": [8.5, 5, 7.6],
			"to": [8.6, 6, 7.7],
			"faces": {
				"north": {"uv": [10.5, 9.5, 10.5625, 10], "texture": "#0"},
				"east": {"uv": [10, 10.5, 10.0625, 11], "texture": "#0"},
				"south": {"uv": [10.5, 10, 10.5625, 10.5], "texture": "#0"},
				"west": {"uv": [10.5, 10.5, 10.5625, 11], "texture": "#0"},
				"up": {"uv": [13.5625, 0.0625, 13.5, 0], "texture": "#0"},
				"down": {"uv": [0.5625, 13.5, 0.5, 13.5625], "texture": "#0"}
			}
		},
		{
			"from": [8.5, 4, 7.7],
			"to": [8.6, 5, 7.8],
			"faces": {
				"north": {"uv": [0, 11, 0.0625, 11.5], "texture": "#0"},
				"east": {"uv": [11, 0, 11.0625, 0.5], "texture": "#0"},
				"south": {"uv": [0.5, 11, 0.5625, 11.5], "texture": "#0"},
				"west": {"uv": [11, 0.5, 11.0625, 1], "texture": "#0"},
				"up": {"uv": [13.5625, 0.5625, 13.5, 0.5], "texture": "#0"},
				"down": {"uv": [1.0625, 13.5, 1, 13.5625], "texture": "#0"}
			}
		},
		{
			"from": [8.5, 3, 7.8],
			"to": [8.6, 4, 7.9],
			"faces": {
				"north": {"uv": [1, 11, 1.0625, 11.5], "texture": "#0"},
				"east": {"uv": [11, 1, 11.0625, 1.5], "texture": "#0"},
				"south": {"uv": [1.5, 11, 1.5625, 11.5], "texture": "#0"},
				"west": {"uv": [11, 1.5, 11.0625, 2], "texture": "#0"},
				"up": {"uv": [13.5625, 1.0625, 13.5, 1], "texture": "#0"},
				"down": {"uv": [1.5625, 13.5, 1.5, 13.5625], "texture": "#0"}
			}
		},
		{
			"from": [8.5, 6, 8.3],
			"to": [8.6, 7, 8.4],
			"faces": {
				"north": {"uv": [2, 11, 2.0625, 11.5], "texture": "#0"},
				"east": {"uv": [11, 2, 11.0625, 2.5], "texture": "#0"},
				"south": {"uv": [2.5, 11, 2.5625, 11.5], "texture": "#0"},
				"west": {"uv": [11, 2.5, 11.0625, 3], "texture": "#0"},
				"up": {"uv": [13.5625, 1.5625, 13.5, 1.5], "texture": "#0"},
				"down": {"uv": [2.0625, 13.5, 2, 13.5625], "texture": "#0"}
			}
		},
		{
			"from": [8.5, 2, 7.7],
			"to": [8.6, 3, 7.8],
			"faces": {
				"north": {"uv": [3, 11, 3.0625, 11.5], "texture": "#0"},
				"east": {"uv": [11, 3, 11.0625, 3.5], "texture": "#0"},
				"south": {"uv": [3.5, 11, 3.5625, 11.5], "texture": "#0"},
				"west": {"uv": [11, 3.5, 11.0625, 4], "texture": "#0"},
				"up": {"uv": [13.5625, 2.0625, 13.5, 2], "texture": "#0"},
				"down": {"uv": [2.5625, 13.5, 2.5, 13.5625], "texture": "#0"}
			}
		},
		{
			"from": [8.5, 5, 8.2],
			"to": [8.6, 6, 8.3],
			"faces": {
				"north": {"uv": [4, 11, 4.0625, 11.5], "texture": "#0"},
				"east": {"uv": [11, 4, 11.0625, 4.5], "texture": "#0"},
				"south": {"uv": [4.5, 11, 4.5625, 11.5], "texture": "#0"},
				"west": {"uv": [11, 4.5, 11.0625, 5], "texture": "#0"},
				"up": {"uv": [13.5625, 2.5625, 13.5, 2.5], "texture": "#0"},
				"down": {"uv": [3.0625, 13.5, 3, 13.5625], "texture": "#0"}
			}
		},
		{
			"from": [8.5, 4, 8.1],
			"to": [8.6, 5, 8.2],
			"faces": {
				"north": {"uv": [5, 11, 5.0625, 11.5], "texture": "#0"},
				"east": {"uv": [11, 5, 11.0625, 5.5], "texture": "#0"},
				"south": {"uv": [5.5, 11, 5.5625, 11.5], "texture": "#0"},
				"west": {"uv": [11, 5.5, 11.0625, 6], "texture": "#0"},
				"up": {"uv": [13.5625, 3.0625, 13.5, 3], "texture": "#0"},
				"down": {"uv": [3.5625, 13.5, 3.5, 13.5625], "texture": "#0"}
			}
		},
		{
			"from": [8.5, 1, 7.6],
			"to": [8.6, 2, 7.7],
			"faces": {
				"north": {"uv": [6, 11, 6.0625, 11.5], "texture": "#0"},
				"east": {"uv": [11, 6, 11.0625, 6.5], "texture": "#0"},
				"south": {"uv": [6.5, 11, 6.5625, 11.5], "texture": "#0"},
				"west": {"uv": [11, 6.5, 11.0625, 7], "texture": "#0"},
				"up": {"uv": [13.5625, 3.5625, 13.5, 3.5], "texture": "#0"},
				"down": {"uv": [4.0625, 13.5, 4, 13.5625], "texture": "#0"}
			}
		},
		{
			"from": [8.5, 0, 7.5],
			"to": [8.6, 1, 7.6],
			"faces": {
				"north": {"uv": [7, 11, 7.0625, 11.5], "texture": "#0"},
				"east": {"uv": [11, 7, 11.0625, 7.5], "texture": "#0"},
				"south": {"uv": [7.5, 11, 7.5625, 11.5], "texture": "#0"},
				"west": {"uv": [11, 7.5, 11.0625, 8], "texture": "#0"},
				"up": {"uv": [13.5625, 4.0625, 13.5, 4], "texture": "#0"},
				"down": {"uv": [4.5625, 13.5, 4.5, 13.5625], "texture": "#0"}
			}
		},
		{
			"from": [8.5, -1, 7.5],
			"to": [8.6, 0, 7.6],
			"faces": {
				"north": {"uv": [8, 11, 8.0625, 11.5], "texture": "#0"},
				"east": {"uv": [11, 8, 11.0625, 8.5], "texture": "#0"},
				"south": {"uv": [8.5, 11, 8.5625, 11.5], "texture": "#0"},
				"west": {"uv": [11, 8.5, 11.0625, 9], "texture": "#0"},
				"up": {"uv": [13.5625, 4.5625, 13.5, 4.5], "texture": "#0"},
				"down": {"uv": [5.0625, 13.5, 5, 13.5625], "texture": "#0"}
			}
		},
		{
			"from": [8.5, -2, 7.5],
			"to": [8.6, -1, 7.6],
			"faces": {
				"north": {"uv": [9, 11, 9.0625, 11.5], "texture": "#0"},
				"east": {"uv": [11, 9, 11.0625, 9.5], "texture": "#0"},
				"south": {"uv": [9.5, 11, 9.5625, 11.5], "texture": "#0"},
				"west": {"uv": [11, 9.5, 11.0625, 10], "texture": "#0"},
				"up": {"uv": [13.5625, 5.0625, 13.5, 5], "texture": "#0"},
				"down": {"uv": [5.5625, 13.5, 5.5, 13.5625], "texture": "#0"}
			}
		},
		{
			"from": [8.5, 2, 8.1],
			"to": [8.6, 3, 8.2],
			"faces": {
				"north": {"uv": [10, 11, 10.0625, 11.5], "texture": "#0"},
				"east": {"uv": [11, 10, 11.0625, 10.5], "texture": "#0"},
				"south": {"uv": [10.5, 11, 10.5625, 11.5], "texture": "#0"},
				"west": {"uv": [11, 10.5, 11.0625, 11], "texture": "#0"},
				"up": {"uv": [13.5625, 5.5625, 13.5, 5.5], "texture": "#0"},
				"down": {"uv": [6.0625, 13.5, 6, 13.5625], "texture": "#0"}
			}
		},
		{
			"from": [8.5, 3, 8],
			"to": [8.6, 4, 8.1],
			"faces": {
				"north": {"uv": [11, 11, 11.0625, 11.5], "texture": "#0"},
				"east": {"uv": [0, 11.5, 0.0625, 12], "texture": "#0"},
				"south": {"uv": [11.5, 0, 11.5625, 0.5], "texture": "#0"},
				"west": {"uv": [0.5, 11.5, 0.5625, 12], "texture": "#0"},
				"up": {"uv": [13.5625, 6.0625, 13.5, 6], "texture": "#0"},
				"down": {"uv": [6.5625, 13.5, 6.5, 13.5625], "texture": "#0"}
			}
		},
		{
			"from": [7.8, 3.1, 8.4],
			"to": [8.5, 3.9, 8.5],
			"faces": {
				"north": {"uv": [6.5, 1.5, 6.875, 1.875], "texture": "#0"},
				"east": {"uv": [11.5, 10.5, 11.5625, 10.875], "texture": "#0"},
				"south": {"uv": [7, 7, 7.375, 7.375], "texture": "#0"},
				"west": {"uv": [11, 11.5, 11.0625, 11.875], "texture": "#0"},
				"up": {"uv": [11.875, 11.0625, 11.5, 11], "texture": "#0"},
				"down": {"uv": [11.875, 11.5, 11.5, 11.5625], "texture": "#0"}
			}
		},
		{
			"from": [7.5, 3, 8.4],
			"to": [7.7, 4, 8.5],
			"faces": {
				"north": {"uv": [8.5, 6, 8.625, 6.5], "texture": "#0"},
				"east": {"uv": [11.5, 0.5, 11.5625, 1], "texture": "#0"},
				"south": {"uv": [8.5, 6.5, 8.625, 7], "texture": "#0"},
				"west": {"uv": [1, 11.5, 1.0625, 12], "texture": "#0"},
				"up": {"uv": [12.625, 6.0625, 12.5, 6], "texture": "#0"},
				"down": {"uv": [6.625, 12.5, 6.5, 12.5625], "texture": "#0"}
			}
		},
		{
			"from": [8.3, 3, 8.4],
			"to": [8.5, 3.1, 8.5],
			"faces": {
				"north": {"uv": [12.5, 6.5, 12.625, 6.5625], "texture": "#0"},
				"east": {"uv": [13.5, 6.5, 13.5625, 6.5625], "texture": "#0"},
				"south": {"uv": [7, 12.5, 7.125, 12.5625], "texture": "#0"},
				"west": {"uv": [7, 13.5, 7.0625, 13.5625], "texture": "#0"},
				"up": {"uv": [12.625, 7.0625, 12.5, 7], "texture": "#0"},
				"down": {"uv": [7.625, 12.5, 7.5, 12.5625], "texture": "#0"}
			}
		},
		{
			"from": [8.3, 3.9, 8.4],
			"to": [8.5, 4, 8.5],
			"faces": {
				"north": {"uv": [12.5, 7.5, 12.625, 7.5625], "texture": "#0"},
				"east": {"uv": [13.5, 7, 13.5625, 7.0625], "texture": "#0"},
				"south": {"uv": [8, 12.5, 8.125, 12.5625], "texture": "#0"},
				"west": {"uv": [7.5, 13.5, 7.5625, 13.5625], "texture": "#0"},
				"up": {"uv": [12.625, 8.0625, 12.5, 8], "texture": "#0"},
				"down": {"uv": [8.625, 12.5, 8.5, 12.5625], "texture": "#0"}
			}
		},
		{
			"from": [7.5, 4, 8.4],
			"to": [8.5, 4.3, 8.5],
			"faces": {
				"north": {"uv": [7, 8.5, 7.5, 8.625], "texture": "#0"},
				"east": {"uv": [12.5, 8.5, 12.5625, 8.625], "texture": "#0"},
				"south": {"uv": [8.5, 7, 9, 7.125], "texture": "#0"},
				"west": {"uv": [9, 12.5, 9.0625, 12.625], "texture": "#0"},
				"up": {"uv": [12, 1.0625, 11.5, 1], "texture": "#0"},
				"down": {"uv": [2, 11.5, 1.5, 11.5625], "texture": "#0"}
			}
		},
		{
			"from": [7.5, 2.7, 8.4],
			"to": [8.5, 3, 8.5],
			"faces": {
				"north": {"uv": [7.5, 8.5, 8, 8.625], "texture": "#0"},
				"east": {"uv": [12.5, 9, 12.5625, 9.125], "texture": "#0"},
				"south": {"uv": [8.5, 7.5, 9, 7.625], "texture": "#0"},
				"west": {"uv": [9.5, 12.5, 9.5625, 12.625], "texture": "#0"},
				"up": {"uv": [12, 1.5625, 11.5, 1.5], "texture": "#0"},
				"down": {"uv": [2.5, 11.5, 2, 11.5625], "texture": "#0"}
			}
		},
		{
			"from": [7.5, 3, 7.5],
			"to": [7.7, 3.1, 7.6],
			"faces": {
				"north": {"uv": [12.5, 9.5, 12.625, 9.5625], "texture": "#0"},
				"east": {"uv": [13.5, 7.5, 13.5625, 7.5625], "texture": "#0"},
				"south": {"uv": [10, 12.5, 10.125, 12.5625], "texture": "#0"},
				"west": {"uv": [8, 13.5, 8.0625, 13.5625], "texture": "#0"},
				"up": {"uv": [12.625, 10.0625, 12.5, 10], "texture": "#0"},
				"down": {"uv": [10.625, 12.5, 10.5, 12.5625], "texture": "#0"}
			}
		},
		{
			"from": [7.5, 3.1, 7.5],
			"to": [8.2, 3.9, 7.6],
			"faces": {
				"north": {"uv": [0, 7.5, 0.375, 7.875], "texture": "#0"},
				"east": {"uv": [0, 12, 0.0625, 12.375], "texture": "#0"},
				"south": {"uv": [7.5, 0, 7.875, 0.375], "texture": "#0"},
				"west": {"uv": [12, 0, 12.0625, 0.375], "texture": "#0"},
				"up": {"uv": [0.875, 12.0625, 0.5, 12], "texture": "#0"},
				"down": {"uv": [12.375, 0.5, 12, 0.5625], "texture": "#0"}
			}
		},
		{
			"from": [7.5, 3.9, 7.5],
			"to": [7.7, 4, 7.6],
			"faces": {
				"north": {"uv": [12.5, 10.5, 12.625, 10.5625], "texture": "#0"},
				"east": {"uv": [13.5, 8, 13.5625, 8.0625], "texture": "#0"},
				"south": {"uv": [11, 12.5, 11.125, 12.5625], "texture": "#0"},
				"west": {"uv": [8.5, 13.5, 8.5625, 13.5625], "texture": "#0"},
				"up": {"uv": [12.625, 11.0625, 12.5, 11], "texture": "#0"},
				"down": {"uv": [11.625, 12.5, 11.5, 12.5625], "texture": "#0"}
			}
		},
		{
			"from": [7.5, 4, 7.5],
			"to": [8.5, 4.3, 7.6],
			"faces": {
				"north": {"uv": [8, 8.5, 8.5, 8.625], "texture": "#0"},
				"east": {"uv": [12.5, 11.5, 12.5625, 11.625], "texture": "#0"},
				"south": {"uv": [8.5, 8, 9, 8.125], "texture": "#0"},
				"west": {"uv": [12, 12.5, 12.0625, 12.625], "texture": "#0"},
				"up": {"uv": [12, 2.0625, 11.5, 2], "texture": "#0"},
				"down": {"uv": [3, 11.5, 2.5, 11.5625], "texture": "#0"}
			}
		},
		{
			"from": [8.3, 3, 7.5],
			"to": [8.5, 4, 7.6],
			"faces": {
				"north": {"uv": [8.5, 8.5, 8.625, 9], "texture": "#0"},
				"east": {"uv": [11.5, 2.5, 11.5625, 3], "texture": "#0"},
				"south": {"uv": [0, 9, 0.125, 9.5], "texture": "#0"},
				"west": {"uv": [3, 11.5, 3.0625, 12], "texture": "#0"},
				"up": {"uv": [12.625, 12.0625, 12.5, 12], "texture": "#0"},
				"down": {"uv": [12.625, 12.5, 12.5, 12.5625], "texture": "#0"}
			}
		},
		{
			"from": [7.5, 2.7, 7.5],
			"to": [8.5, 3, 7.6],
			"faces": {
				"north": {"uv": [9, 0, 9.5, 0.125], "texture": "#0"},
				"east": {"uv": [0, 13, 0.0625, 13.125], "texture": "#0"},
				"south": {"uv": [0.5, 9, 1, 9.125], "texture": "#0"},
				"west": {"uv": [13, 0, 13.0625, 0.125], "texture": "#0"},
				"up": {"uv": [12, 3.0625, 11.5, 3], "texture": "#0"},
				"down": {"uv": [4, 11.5, 3.5, 11.5625], "texture": "#0"}
			}
		}
	],
	"display": {
		"thirdperson_righthand": {
			"translation": [0, 11.25, 1]
		},
		"thirdperson_lefthand": {
			"translation": [0, 11.25, 1]
		},
		"firstperson_righthand": {
			"rotation": [-52.5, 0, 0],
			"translation": [0, 5.5, 0]
		},
		"firstperson_lefthand": {
			"rotation": [-52.5, 0, 0],
			"translation": [-0.25, 5.5, -0.25]
		},
		"ground": {
			"translation": [0, 9.5, 0]
		},
		"gui": {
			"rotation": [90, 45, -90],
			"translation": [0.8, 0.8, 0.8]
		},
		"head": {
			"rotation": [0, 90, 0],
			"translation": [0, -1.25, 0],
			"scale": [1.25, 1.25, 1.25]
		},
		"fixed": {
			"rotation": [0, 90, 0],
			"translation": [0, 3, 0],
			"scale": [0.9, 0.9, 0.9]
		}
	},
	"groups": [
		{
			"name": "group",
			"origin": [8, 8, 8],
			"color": 0,
			"children": [
				0,
				1,
				2,
				3,
				4,
				5,
				6,
				7,
				8,
				9,
				10,
				11,
				12,
				13,
				14,
				15,
				16,
				17,
				18,
				19,
				20,
				21,
				22,
				23,
				24,
				25,
				26,
				27,
				28,
				29,
				30,
				31,
				32,
				33,
				34,
				35,
				36,
				37,
				38,
				39,
				40,
				41,
				42,
				43,
				44,
				45,
				46,
				47,
				48,
				49,
				50,
				51,
				52,
				53,
				54,
				55,
				56,
				57,
				58,
				59,
				60,
				61,
				62,
				63,
				64,
				65,
				66,
				67,
				68,
				69,
				70,
				71,
				72,
				73,
				74,
				75,
				76,
				77,
				78,
				79,
				80,
				81,
				82,
				83,
				84,
				85,
				86,
				87,
				88,
				89,
				90
			]
		}
	]
}