{
	"credit": "Made with Blockbench",
	"texture_size": [32, 32],
	"textures": {
		"0": "item/golden_sword",
		"particle": "item/golden_sword"
	},
	"elements": [
		{
			"from": [8.1, 0.7, 7.9],
			"to": [8.3, 1, 8.1],
			"faces": {
				"north": {"uv": [1.5, 3, 1.625, 3.125], "texture": "#0"},
				"east": {"uv": [3, 1.5, 3.125, 1.625], "texture": "#0"},
				"south": {"uv": [2, 3, 2.125, 3.125], "texture": "#0"},
				"west": {"uv": [3, 2, 3.125, 2.125], "texture": "#0"},
				"up": {"uv": [2.625, 3.125, 2.5, 3], "texture": "#0"},
				"down": {"uv": [3.125, 2.5, 3, 2.625], "texture": "#0"}
			}
		},
		{
			"from": [8, 1, 7.8],
			"to": [8.4, 2.1, 8.2],
			"faces": {
				"north": {"uv": [0, 0, 0.1875, 0.5625], "texture": "#0"},
				"east": {"uv": [0.5, 0, 0.6875, 0.5625], "texture": "#0"},
				"south": {"uv": [0, 1, 0.1875, 1.5625], "texture": "#0"},
				"west": {"uv": [1, 0, 1.1875, 0.5625], "texture": "#0"},
				"up": {"uv": [2.6875, 0.6875, 2.5, 0.5], "texture": "#0"},
				"down": {"uv": [1.1875, 2.5, 1, 2.6875], "texture": "#0"}
			}
		},
		{
			"from": [8, 3, 7.8],
			"to": [8.4, 3.4, 8.2],
			"faces": {
				"north": {"uv": [2.5, 1, 2.6875, 1.1875], "texture": "#0"},
				"east": {"uv": [1.5, 2.5, 1.6875, 2.6875], "texture": "#0"},
				"south": {"uv": [2.5, 1.5, 2.6875, 1.6875], "texture": "#0"},
				"west": {"uv": [2, 2.5, 2.1875, 2.6875], "texture": "#0"},
				"up": {"uv": [2.6875, 2.1875, 2.5, 2], "texture": "#0"},
				"down": {"uv": [2.6875, 2.5, 2.5, 2.6875], "texture": "#0"}
			}
		},
		{
			"from": [8, 5.2, 7.8],
			"to": [8.4, 5.6, 8.2],
			"faces": {
				"north": {"uv": [0, 3, 0.1875, 3.1875], "texture": "#0"},
				"east": {"uv": [3, 0, 3.1875, 0.1875], "texture": "#0"},
				"south": {"uv": [0.5, 3, 0.6875, 3.1875], "texture": "#0"},
				"west": {"uv": [3, 0.5, 3.1875, 0.6875], "texture": "#0"},
				"up": {"uv": [1.1875, 3.1875, 1, 3], "texture": "#0"},
				"down": {"uv": [3.1875, 1, 3, 1.1875], "texture": "#0"}
			}
		},
		{
			"from": [8.1, 2.2, 7.9],
			"to": [8.3, 2.9, 8.1],
			"faces": {
				"north": {"uv": [1.5, 0.5, 1.625, 0.875], "texture": "#0"},
				"east": {"uv": [1, 1.5, 1.125, 1.875], "texture": "#0"},
				"south": {"uv": [1.5, 1, 1.625, 1.375], "texture": "#0"},
				"west": {"uv": [1.5, 1.5, 1.625, 1.875], "texture": "#0"},
				"up": {"uv": [3.125, 3.125, 3, 3], "texture": "#0"},
				"down": {"uv": [0.125, 3.5, 0, 3.625], "texture": "#0"}
			}
		},
		{
			"from": [8.1, 5.7, 7.9],
			"to": [8.3, 6.6, 8.1],
			"faces": {
				"north": {"uv": [0.5, 1, 0.625, 1.4375], "texture": "#0"},
				"east": {"uv": [1, 1, 1.125, 1.4375], "texture": "#0"},
				"south": {"uv": [1.5, 0, 1.625, 0.4375], "texture": "#0"},
				"west": {"uv": [0.5, 1.5, 0.625, 1.9375], "texture": "#0"},
				"up": {"uv": [3.625, 0.125, 3.5, 0], "texture": "#0"},
				"down": {"uv": [0.625, 3.5, 0.5, 3.625], "texture": "#0"}
			}
		},
		{
			"from": [8.1, 7.2, 7.9],
			"to": [8.3, 7.9, 8.1],
			"faces": {
				"north": {"uv": [0, 2, 0.125, 2.375], "texture": "#0"},
				"east": {"uv": [2, 0, 2.125, 0.375], "texture": "#0"},
				"south": {"uv": [0.5, 2, 0.625, 2.375], "texture": "#0"},
				"west": {"uv": [2, 0.5, 2.125, 0.875], "texture": "#0"},
				"up": {"uv": [3.625, 0.625, 3.5, 0.5], "texture": "#0"},
				"down": {"uv": [1.125, 3.5, 1, 3.625], "texture": "#0"}
			}
		},
		{
			"from": [8.1, 4.4, 7.9],
			"to": [8.3, 5.1, 8.1],
			"faces": {
				"north": {"uv": [1, 2, 1.125, 2.375], "texture": "#0"},
				"east": {"uv": [2, 1, 2.125, 1.375], "texture": "#0"},
				"south": {"uv": [1.5, 2, 1.625, 2.375], "texture": "#0"},
				"west": {"uv": [2, 1.5, 2.125, 1.875], "texture": "#0"},
				"up": {"uv": [3.625, 1.125, 3.5, 1], "texture": "#0"},
				"down": {"uv": [1.625, 3.5, 1.5, 3.625], "texture": "#0"}
			}
		},
		{
			"from": [8.1, 3.5, 7.9],
			"to": [8.3, 3.6, 8.1],
			"faces": {
				"north": {"uv": [5.5, 1, 5.625, 1.0625], "texture": "#0"},
				"east": {"uv": [1.5, 5.5, 1.625, 5.5625], "texture": "#0"},
				"south": {"uv": [5.5, 1.5, 5.625, 1.5625], "texture": "#0"},
				"west": {"uv": [2, 5.5, 2.125, 5.5625], "texture": "#0"},
				"up": {"uv": [3.625, 1.625, 3.5, 1.5], "texture": "#0"},
				"down": {"uv": [2.125, 3.5, 2, 3.625], "texture": "#0"}
			}
		},
		{
			"from": [8.1, 3.6, 8],
			"to": [8.3, 3.7, 8.2],
			"faces": {
				"north": {"uv": [5.5, 2, 5.625, 2.0625], "texture": "#0"},
				"east": {"uv": [2.5, 5.5, 2.625, 5.5625], "texture": "#0"},
				"south": {"uv": [5.5, 2.5, 5.625, 2.5625], "texture": "#0"},
				"west": {"uv": [3, 5.5, 3.125, 5.5625], "texture": "#0"},
				"up": {"uv": [3.625, 2.125, 3.5, 2], "texture": "#0"},
				"down": {"uv": [2.625, 3.5, 2.5, 3.625], "texture": "#0"}
			}
		},
		{
			"from": [8.1, 3.6, 7.8],
			"to": [8.3, 3.7, 8],
			"faces": {
				"north": {"uv": [5.5, 3, 5.625, 3.0625], "texture": "#0"},
				"east": {"uv": [3.5, 5.5, 3.625, 5.5625], "texture": "#0"},
				"south": {"uv": [5.5, 3.5, 5.625, 3.5625], "texture": "#0"},
				"west": {"uv": [4, 5.5, 4.125, 5.5625], "texture": "#0"},
				"up": {"uv": [3.625, 2.625, 3.5, 2.5], "texture": "#0"},
				"down": {"uv": [3.125, 3.5, 3, 3.625], "texture": "#0"}
			}
		},
		{
			"from": [8.1, 3.7, 7.9],
			"to": [8.3, 3.8, 8.1],
			"faces": {
				"north": {"uv": [5.5, 4, 5.625, 4.0625], "texture": "#0"},
				"east": {"uv": [4.5, 5.5, 4.625, 5.5625], "texture": "#0"},
				"south": {"uv": [5.5, 4.5, 5.625, 4.5625], "texture": "#0"},
				"west": {"uv": [5, 5.5, 5.125, 5.5625], "texture": "#0"},
				"up": {"uv": [3.625, 3.125, 3.5, 3], "texture": "#0"},
				"down": {"uv": [3.625, 3.5, 3.5, 3.625], "texture": "#0"}
			}
		},
		{
			"from": [8.1, 3.8, 7.9],
			"to": [8.3, 3.9, 8.1],
			"faces": {
				"north": {"uv": [0.5, 6, 0.625, 6.0625], "texture": "#0"},
				"east": {"uv": [6, 0.5, 6.125, 0.5625], "texture": "#0"},
				"south": {"uv": [1, 6, 1.125, 6.0625], "texture": "#0"},
				"west": {"uv": [6, 1, 6.125, 1.0625], "texture": "#0"},
				"up": {"uv": [0.625, 4.125, 0.5, 4], "texture": "#0"},
				"down": {"uv": [4.125, 0.5, 4, 0.625], "texture": "#0"}
			}
		},
		{
			"from": [8.1, 3.5, 7.7],
			"to": [8.3, 3.6, 7.9],
			"faces": {
				"north": {"uv": [1.5, 6, 1.625, 6.0625], "texture": "#0"},
				"east": {"uv": [6, 1.5, 6.125, 1.5625], "texture": "#0"},
				"south": {"uv": [2, 6, 2.125, 6.0625], "texture": "#0"},
				"west": {"uv": [6, 2, 6.125, 2.0625], "texture": "#0"},
				"up": {"uv": [1.125, 4.125, 1, 4], "texture": "#0"},
				"down": {"uv": [4.125, 1, 4, 1.125], "texture": "#0"}
			}
		},
		{
			"from": [8.1, 3.9, 7.4],
			"to": [8.3, 4, 7.6],
			"faces": {
				"north": {"uv": [2.5, 6, 2.625, 6.0625], "texture": "#0"},
				"east": {"uv": [6, 2.5, 6.125, 2.5625], "texture": "#0"},
				"south": {"uv": [3, 6, 3.125, 6.0625], "texture": "#0"},
				"west": {"uv": [6, 3, 6.125, 3.0625], "texture": "#0"},
				"up": {"uv": [1.625, 4.125, 1.5, 4], "texture": "#0"},
				"down": {"uv": [4.125, 1.5, 4, 1.625], "texture": "#0"}
			}
		},
		{
			"from": [8.1, 3.9, 8.4],
			"to": [8.3, 4, 8.6],
			"faces": {
				"north": {"uv": [3.5, 6, 3.625, 6.0625], "texture": "#0"},
				"east": {"uv": [6, 3.5, 6.125, 3.5625], "texture": "#0"},
				"south": {"uv": [4, 6, 4.125, 6.0625], "texture": "#0"},
				"west": {"uv": [6, 4, 6.125, 4.0625], "texture": "#0"},
				"up": {"uv": [2.125, 4.125, 2, 4], "texture": "#0"},
				"down": {"uv": [4.125, 2, 4, 2.125], "texture": "#0"}
			}
		},
		{
			"from": [8.1, 3.8, 8.1],
			"to": [8.3, 3.9, 8.3],
			"faces": {
				"north": {"uv": [4.5, 6, 4.625, 6.0625], "texture": "#0"},
				"east": {"uv": [6, 4.5, 6.125, 4.5625], "texture": "#0"},
				"south": {"uv": [5, 6, 5.125, 6.0625], "texture": "#0"},
				"west": {"uv": [6, 5, 6.125, 5.0625], "texture": "#0"},
				"up": {"uv": [2.625, 4.125, 2.5, 4], "texture": "#0"},
				"down": {"uv": [4.125, 2.5, 4, 2.625], "texture": "#0"}
			}
		},
		{
			"from": [8.1, 3.8, 7.7],
			"to": [8.3, 3.9, 7.9],
			"faces": {
				"north": {"uv": [5.5, 6, 5.625, 6.0625], "texture": "#0"},
				"east": {"uv": [6, 5.5, 6.125, 5.5625], "texture": "#0"},
				"south": {"uv": [6, 6, 6.125, 6.0625], "texture": "#0"},
				"west": {"uv": [0, 6.5, 0.125, 6.5625], "texture": "#0"},
				"up": {"uv": [3.125, 4.125, 3, 4], "texture": "#0"},
				"down": {"uv": [4.125, 3, 4, 3.125], "texture": "#0"}
			}
		},
		{
			"from": [8.1, 3.8, 8.6],
			"to": [8.3, 3.9, 8.8],
			"faces": {
				"north": {"uv": [6.5, 0, 6.625, 0.0625], "texture": "#0"},
				"east": {"uv": [0.5, 6.5, 0.625, 6.5625], "texture": "#0"},
				"south": {"uv": [6.5, 0.5, 6.625, 0.5625], "texture": "#0"},
				"west": {"uv": [1, 6.5, 1.125, 6.5625], "texture": "#0"},
				"up": {"uv": [3.625, 4.125, 3.5, 4], "texture": "#0"},
				"down": {"uv": [4.125, 3.5, 4, 3.625], "texture": "#0"}
			}
		},
		{
			"from": [8.1, 3.7, 8.8],
			"to": [8.3, 3.8, 9],
			"faces": {
				"north": {"uv": [6.5, 1, 6.625, 1.0625], "texture": "#0"},
				"east": {"uv": [1.5, 6.5, 1.625, 6.5625], "texture": "#0"},
				"south": {"uv": [6.5, 1.5, 6.625, 1.5625], "texture": "#0"},
				"west": {"uv": [2, 6.5, 2.125, 6.5625], "texture": "#0"},
				"up": {"uv": [4.125, 4.125, 4, 4], "texture": "#0"},
				"down": {"uv": [0.125, 4.5, 0, 4.625], "texture": "#0"}
			}
		},
		{
			"from": [8.1, 3.6, 9],
			"to": [8.3, 3.7, 9.2],
			"faces": {
				"north": {"uv": [6.5, 2, 6.625, 2.0625], "texture": "#0"},
				"east": {"uv": [2.5, 6.5, 2.625, 6.5625], "texture": "#0"},
				"south": {"uv": [6.5, 2.5, 6.625, 2.5625], "texture": "#0"},
				"west": {"uv": [3, 6.5, 3.125, 6.5625], "texture": "#0"},
				"up": {"uv": [4.625, 0.125, 4.5, 0], "texture": "#0"},
				"down": {"uv": [0.625, 4.5, 0.5, 4.625], "texture": "#0"}
			}
		},
		{
			"from": [8.1, 3.5, 9.2],
			"to": [8.3, 3.6, 9.4],
			"faces": {
				"north": {"uv": [6.5, 3, 6.625, 3.0625], "texture": "#0"},
				"east": {"uv": [3.5, 6.5, 3.625, 6.5625], "texture": "#0"},
				"south": {"uv": [6.5, 3.5, 6.625, 3.5625], "texture": "#0"},
				"west": {"uv": [4, 6.5, 4.125, 6.5625], "texture": "#0"},
				"up": {"uv": [4.625, 0.625, 4.5, 0.5], "texture": "#0"},
				"down": {"uv": [1.125, 4.5, 1, 4.625], "texture": "#0"}
			}
		},
		{
			"from": [8.1, 3.8, 7.2],
			"to": [8.3, 3.9, 7.4],
			"faces": {
				"north": {"uv": [6.5, 4, 6.625, 4.0625], "texture": "#0"},
				"east": {"uv": [4.5, 6.5, 4.625, 6.5625], "texture": "#0"},
				"south": {"uv": [6.5, 4.5, 6.625, 4.5625], "texture": "#0"},
				"west": {"uv": [5, 6.5, 5.125, 6.5625], "texture": "#0"},
				"up": {"uv": [4.625, 1.125, 4.5, 1], "texture": "#0"},
				"down": {"uv": [1.625, 4.5, 1.5, 4.625], "texture": "#0"}
			}
		},
		{
			"from": [8.1, 3.7, 7],
			"to": [8.3, 3.8, 7.2],
			"faces": {
				"north": {"uv": [6.5, 5, 6.625, 5.0625], "texture": "#0"},
				"east": {"uv": [5.5, 6.5, 5.625, 6.5625], "texture": "#0"},
				"south": {"uv": [6.5, 5.5, 6.625, 5.5625], "texture": "#0"},
				"west": {"uv": [6, 6.5, 6.125, 6.5625], "texture": "#0"},
				"up": {"uv": [4.625, 1.625, 4.5, 1.5], "texture": "#0"},
				"down": {"uv": [2.125, 4.5, 2, 4.625], "texture": "#0"}
			}
		},
		{
			"from": [8.1, 3.6, 6.8],
			"to": [8.3, 3.7, 7],
			"faces": {
				"north": {"uv": [6.5, 6, 6.625, 6.0625], "texture": "#0"},
				"east": {"uv": [6.5, 6.5, 6.625, 6.5625], "texture": "#0"},
				"south": {"uv": [0, 7, 0.125, 7.0625], "texture": "#0"},
				"west": {"uv": [7, 0, 7.125, 0.0625], "texture": "#0"},
				"up": {"uv": [4.625, 2.125, 4.5, 2], "texture": "#0"},
				"down": {"uv": [2.625, 4.5, 2.5, 4.625], "texture": "#0"}
			}
		},
		{
			"from": [8.1, 3.5, 6.6],
			"to": [8.3, 3.6, 6.8],
			"faces": {
				"north": {"uv": [0.5, 7, 0.625, 7.0625], "texture": "#0"},
				"east": {"uv": [7, 0.5, 7.125, 0.5625], "texture": "#0"},
				"south": {"uv": [1, 7, 1.125, 7.0625], "texture": "#0"},
				"west": {"uv": [7, 1, 7.125, 1.0625], "texture": "#0"},
				"up": {"uv": [4.625, 2.625, 4.5, 2.5], "texture": "#0"},
				"down": {"uv": [3.125, 4.5, 3, 4.625], "texture": "#0"}
			}
		},
		{
			"from": [8.1, 3.5, 8.1],
			"to": [8.3, 3.6, 8.3],
			"faces": {
				"north": {"uv": [1.5, 7, 1.625, 7.0625], "texture": "#0"},
				"east": {"uv": [7, 1.5, 7.125, 1.5625], "texture": "#0"},
				"south": {"uv": [2, 7, 2.125, 7.0625], "texture": "#0"},
				"west": {"uv": [7, 2, 7.125, 2.0625], "texture": "#0"},
				"up": {"uv": [4.625, 3.125, 4.5, 3], "texture": "#0"},
				"down": {"uv": [3.625, 4.5, 3.5, 4.625], "texture": "#0"}
			}
		},
		{
			"from": [8.1, 3.4, 8.3],
			"to": [8.3, 3.5, 8.4],
			"faces": {
				"north": {"uv": [2.5, 7, 2.625, 7.0625], "texture": "#0"},
				"east": {"uv": [8.5, 2, 8.5625, 2.0625], "texture": "#0"},
				"south": {"uv": [7, 2.5, 7.125, 2.5625], "texture": "#0"},
				"west": {"uv": [2.5, 8.5, 2.5625, 8.5625], "texture": "#0"},
				"up": {"uv": [3.125, 7.0625, 3, 7], "texture": "#0"},
				"down": {"uv": [7.125, 3, 7, 3.0625], "texture": "#0"}
			}
		},
		{
			"from": [8.1, 3.3, 8.4],
			"to": [8.3, 3.4, 8.5],
			"faces": {
				"north": {"uv": [3.5, 7, 3.625, 7.0625], "texture": "#0"},
				"east": {"uv": [8.5, 2.5, 8.5625, 2.5625], "texture": "#0"},
				"south": {"uv": [7, 3.5, 7.125, 3.5625], "texture": "#0"},
				"west": {"uv": [3, 8.5, 3.0625, 8.5625], "texture": "#0"},
				"up": {"uv": [4.125, 7.0625, 4, 7], "texture": "#0"},
				"down": {"uv": [7.125, 4, 7, 4.0625], "texture": "#0"}
			}
		},
		{
			"from": [8.1, 3.3, 8.5],
			"to": [8.3, 3.4, 8.6],
			"faces": {
				"north": {"uv": [4.5, 7, 4.625, 7.0625], "texture": "#0"},
				"east": {"uv": [8.5, 3, 8.5625, 3.0625], "texture": "#0"},
				"south": {"uv": [7, 4.5, 7.125, 4.5625], "texture": "#0"},
				"west": {"uv": [3.5, 8.5, 3.5625, 8.5625], "texture": "#0"},
				"up": {"uv": [5.125, 7.0625, 5, 7], "texture": "#0"},
				"down": {"uv": [7.125, 5, 7, 5.0625], "texture": "#0"}
			}
		},
		{
			"from": [8.15, 3.3, 8.6],
			"to": [8.25, 3.4, 8.7],
			"faces": {
				"north": {"uv": [8.5, 3.5, 8.5625, 3.5625], "texture": "#0"},
				"east": {"uv": [4, 8.5, 4.0625, 8.5625], "texture": "#0"},
				"south": {"uv": [8.5, 4, 8.5625, 4.0625], "texture": "#0"},
				"west": {"uv": [4.5, 8.5, 4.5625, 8.5625], "texture": "#0"},
				"up": {"uv": [8.5625, 4.5625, 8.5, 4.5], "texture": "#0"},
				"down": {"uv": [5.0625, 8.5, 5, 8.5625], "texture": "#0"}
			}
		},
		{
			"from": [8.15, 3.2, 8.7],
			"to": [8.25, 3.3, 8.8],
			"faces": {
				"north": {"uv": [8.5, 5, 8.5625, 5.0625], "texture": "#0"},
				"east": {"uv": [5.5, 8.5, 5.5625, 8.5625], "texture": "#0"},
				"south": {"uv": [8.5, 5.5, 8.5625, 5.5625], "texture": "#0"},
				"west": {"uv": [6, 8.5, 6.0625, 8.5625], "texture": "#0"},
				"up": {"uv": [8.5625, 6.0625, 8.5, 6], "texture": "#0"},
				"down": {"uv": [6.5625, 8.5, 6.5, 8.5625], "texture": "#0"}
			}
		},
		{
			"from": [8.15, 3.1, 8.8],
			"to": [8.25, 3.2, 8.9],
			"faces": {
				"north": {"uv": [8.5, 6.5, 8.5625, 6.5625], "texture": "#0"},
				"east": {"uv": [7, 8.5, 7.0625, 8.5625], "texture": "#0"},
				"south": {"uv": [8.5, 7, 8.5625, 7.0625], "texture": "#0"},
				"west": {"uv": [7.5, 8.5, 7.5625, 8.5625], "texture": "#0"},
				"up": {"uv": [8.5625, 7.5625, 8.5, 7.5], "texture": "#0"},
				"down": {"uv": [8.0625, 8.5, 8, 8.5625], "texture": "#0"}
			}
		},
		{
			"from": [8.1, 3.4, 7.6],
			"to": [8.3, 3.5, 7.7],
			"faces": {
				"north": {"uv": [5.5, 7, 5.625, 7.0625], "texture": "#0"},
				"east": {"uv": [8.5, 8, 8.5625, 8.0625], "texture": "#0"},
				"south": {"uv": [7, 5.5, 7.125, 5.5625], "texture": "#0"},
				"west": {"uv": [8.5, 8.5, 8.5625, 8.5625], "texture": "#0"},
				"up": {"uv": [6.125, 7.0625, 6, 7], "texture": "#0"},
				"down": {"uv": [7.125, 6, 7, 6.0625], "texture": "#0"}
			}
		},
		{
			"from": [8.1, 3.5, 7.5],
			"to": [8.3, 3.6, 7.6],
			"faces": {
				"north": {"uv": [6.5, 7, 6.625, 7.0625], "texture": "#0"},
				"east": {"uv": [0, 9, 0.0625, 9.0625], "texture": "#0"},
				"south": {"uv": [7, 6.5, 7.125, 6.5625], "texture": "#0"},
				"west": {"uv": [9, 0, 9.0625, 0.0625], "texture": "#0"},
				"up": {"uv": [7.125, 7.0625, 7, 7], "texture": "#0"},
				"down": {"uv": [0.125, 7.5, 0, 7.5625], "texture": "#0"}
			}
		},
		{
			"from": [8.15, 3.4, 7.2],
			"to": [8.25, 3.5, 7.3],
			"faces": {
				"north": {"uv": [0.5, 9, 0.5625, 9.0625], "texture": "#0"},
				"east": {"uv": [9, 0.5, 9.0625, 0.5625], "texture": "#0"},
				"south": {"uv": [1, 9, 1.0625, 9.0625], "texture": "#0"},
				"west": {"uv": [9, 1, 9.0625, 1.0625], "texture": "#0"},
				"up": {"uv": [1.5625, 9.0625, 1.5, 9], "texture": "#0"},
				"down": {"uv": [9.0625, 1.5, 9, 1.5625], "texture": "#0"}
			}
		},
		{
			"from": [8.15, 3.5, 7.3],
			"to": [8.25, 3.6, 7.4],
			"faces": {
				"north": {"uv": [2, 9, 2.0625, 9.0625], "texture": "#0"},
				"east": {"uv": [9, 2, 9.0625, 2.0625], "texture": "#0"},
				"south": {"uv": [2.5, 9, 2.5625, 9.0625], "texture": "#0"},
				"west": {"uv": [9, 2.5, 9.0625, 2.5625], "texture": "#0"},
				"up": {"uv": [3.0625, 9.0625, 3, 9], "texture": "#0"},
				"down": {"uv": [9.0625, 3, 9, 3.0625], "texture": "#0"}
			}
		},
		{
			"from": [8.15, 3.6, 7.4],
			"to": [8.25, 3.7, 7.5],
			"faces": {
				"north": {"uv": [3.5, 9, 3.5625, 9.0625], "texture": "#0"},
				"east": {"uv": [9, 3.5, 9.0625, 3.5625], "texture": "#0"},
				"south": {"uv": [4, 9, 4.0625, 9.0625], "texture": "#0"},
				"west": {"uv": [9, 4, 9.0625, 4.0625], "texture": "#0"},
				"up": {"uv": [4.5625, 9.0625, 4.5, 9], "texture": "#0"},
				"down": {"uv": [9.0625, 4.5, 9, 4.5625], "texture": "#0"}
			}
		},
		{
			"from": [8.15, 3.7, 7.5],
			"to": [8.25, 3.8, 7.6],
			"faces": {
				"north": {"uv": [5, 9, 5.0625, 9.0625], "texture": "#0"},
				"east": {"uv": [9, 5, 9.0625, 5.0625], "texture": "#0"},
				"south": {"uv": [5.5, 9, 5.5625, 9.0625], "texture": "#0"},
				"west": {"uv": [9, 5.5, 9.0625, 5.5625], "texture": "#0"},
				"up": {"uv": [6.0625, 9.0625, 6, 9], "texture": "#0"},
				"down": {"uv": [9.0625, 6, 9, 6.0625], "texture": "#0"}
			}
		},
		{
			"from": [8.15, 3.8, 7.6],
			"to": [8.25, 3.9, 7.7],
			"faces": {
				"north": {"uv": [6.5, 9, 6.5625, 9.0625], "texture": "#0"},
				"east": {"uv": [9, 6.5, 9.0625, 6.5625], "texture": "#0"},
				"south": {"uv": [7, 9, 7.0625, 9.0625], "texture": "#0"},
				"west": {"uv": [9, 7, 9.0625, 7.0625], "texture": "#0"},
				"up": {"uv": [7.5625, 9.0625, 7.5, 9], "texture": "#0"},
				"down": {"uv": [9.0625, 7.5, 9, 7.5625], "texture": "#0"}
			}
		},
		{
			"from": [8.15, 3.8, 8.3],
			"to": [8.25, 3.9, 8.4],
			"faces": {
				"north": {"uv": [8, 9, 8.0625, 9.0625], "texture": "#0"},
				"east": {"uv": [9, 8, 9.0625, 8.0625], "texture": "#0"},
				"south": {"uv": [8.5, 9, 8.5625, 9.0625], "texture": "#0"},
				"west": {"uv": [9, 8.5, 9.0625, 8.5625], "texture": "#0"},
				"up": {"uv": [9.0625, 9.0625, 9, 9], "texture": "#0"},
				"down": {"uv": [0.0625, 9.5, 0, 9.5625], "texture": "#0"}
			}
		},
		{
			"from": [8.15, 4, 7.95],
			"to": [8.25, 4.1, 8.05],
			"faces": {
				"north": {"uv": [9.5, 0, 9.5625, 0.0625], "texture": "#0"},
				"east": {"uv": [0.5, 9.5, 0.5625, 9.5625], "texture": "#0"},
				"south": {"uv": [9.5, 0.5, 9.5625, 0.5625], "texture": "#0"},
				"west": {"uv": [1, 9.5, 1.0625, 9.5625], "texture": "#0"},
				"up": {"uv": [9.5625, 1.0625, 9.5, 1], "texture": "#0"},
				"down": {"uv": [1.5625, 9.5, 1.5, 9.5625], "texture": "#0"}
			}
		},
		{
			"from": [8.15, 7.9, 7.95],
			"to": [8.25, 8.1, 8.05],
			"faces": {
				"north": {"uv": [7.5, 0, 7.5625, 0.125], "texture": "#0"},
				"east": {"uv": [0.5, 7.5, 0.5625, 7.625], "texture": "#0"},
				"south": {"uv": [7.5, 0.5, 7.5625, 0.625], "texture": "#0"},
				"west": {"uv": [1, 7.5, 1.0625, 7.625], "texture": "#0"},
				"up": {"uv": [9.5625, 3.0625, 9.5, 3], "texture": "#0"},
				"down": {"uv": [3.5625, 9.5, 3.5, 9.5625], "texture": "#0"}
			}
		},
		{
			"from": [8.15, 3.7, 8.4],
			"to": [8.25, 3.8, 8.5],
			"faces": {
				"north": {"uv": [9.5, 5, 9.5625, 5.0625], "texture": "#0"},
				"east": {"uv": [5.5, 9.5, 5.5625, 9.5625], "texture": "#0"},
				"south": {"uv": [9.5, 5.5, 9.5625, 5.5625], "texture": "#0"},
				"west": {"uv": [6, 9.5, 6.0625, 9.5625], "texture": "#0"},
				"up": {"uv": [9.5625, 6.0625, 9.5, 6], "texture": "#0"},
				"down": {"uv": [6.5625, 9.5, 6.5, 9.5625], "texture": "#0"}
			}
		},
		{
			"from": [8.15, 4, 8.3],
			"to": [8.25, 4.1, 8.4],
			"faces": {
				"north": {"uv": [9.5, 6.5, 9.5625, 6.5625], "texture": "#0"},
				"east": {"uv": [7, 9.5, 7.0625, 9.5625], "texture": "#0"},
				"south": {"uv": [9.5, 7, 9.5625, 7.0625], "texture": "#0"},
				"west": {"uv": [7.5, 9.5, 7.5625, 9.5625], "texture": "#0"},
				"up": {"uv": [9.5625, 7.5625, 9.5, 7.5], "texture": "#0"},
				"down": {"uv": [8.0625, 9.5, 8, 9.5625], "texture": "#0"}
			}
		},
		{
			"from": [8.15, 4, 7.6],
			"to": [8.25, 4.1, 7.7],
			"faces": {
				"north": {"uv": [9.5, 8, 9.5625, 8.0625], "texture": "#0"},
				"east": {"uv": [8.5, 9.5, 8.5625, 9.5625], "texture": "#0"},
				"south": {"uv": [9.5, 8.5, 9.5625, 8.5625], "texture": "#0"},
				"west": {"uv": [9, 9.5, 9.0625, 9.5625], "texture": "#0"},
				"up": {"uv": [9.5625, 9.0625, 9.5, 9], "texture": "#0"},
				"down": {"uv": [9.5625, 9.5, 9.5, 9.5625], "texture": "#0"}
			}
		},
		{
			"from": [8.15, 4.1, 8.2],
			"to": [8.25, 4.2, 8.3],
			"faces": {
				"north": {"uv": [0, 10, 0.0625, 10.0625], "texture": "#0"},
				"east": {"uv": [10, 0, 10.0625, 0.0625], "texture": "#0"},
				"south": {"uv": [0.5, 10, 0.5625, 10.0625], "texture": "#0"},
				"west": {"uv": [10, 0.5, 10.0625, 0.5625], "texture": "#0"},
				"up": {"uv": [1.0625, 10.0625, 1, 10], "texture": "#0"},
				"down": {"uv": [10.0625, 1, 10, 1.0625], "texture": "#0"}
			}
		},
		{
			"from": [8.15, 4.1, 7.7],
			"to": [8.25, 4.2, 7.8],
			"faces": {
				"north": {"uv": [1.5, 10, 1.5625, 10.0625], "texture": "#0"},
				"east": {"uv": [10, 1.5, 10.0625, 1.5625], "texture": "#0"},
				"south": {"uv": [2, 10, 2.0625, 10.0625], "texture": "#0"},
				"west": {"uv": [10, 2, 10.0625, 2.0625], "texture": "#0"},
				"up": {"uv": [2.5625, 10.0625, 2.5, 10], "texture": "#0"},
				"down": {"uv": [10.0625, 2.5, 10, 2.5625], "texture": "#0"}
			}
		},
		{
			"from": [8.1, 5.1, 7.2],
			"to": [8.3, 5.2, 7.4],
			"faces": {
				"north": {"uv": [7.5, 1, 7.625, 1.0625], "texture": "#0"},
				"east": {"uv": [1.5, 7.5, 1.625, 7.5625], "texture": "#0"},
				"south": {"uv": [7.5, 1.5, 7.625, 1.5625], "texture": "#0"},
				"west": {"uv": [2, 7.5, 2.125, 7.5625], "texture": "#0"},
				"up": {"uv": [4.625, 3.625, 4.5, 3.5], "texture": "#0"},
				"down": {"uv": [4.125, 4.5, 4, 4.625], "texture": "#0"}
			}
		},
		{
			"from": [8.1, 5.2, 7.4],
			"to": [8.3, 5.3, 7.6],
			"faces": {
				"north": {"uv": [7.5, 2, 7.625, 2.0625], "texture": "#0"},
				"east": {"uv": [2.5, 7.5, 2.625, 7.5625], "texture": "#0"},
				"south": {"uv": [7.5, 2.5, 7.625, 2.5625], "texture": "#0"},
				"west": {"uv": [3, 7.5, 3.125, 7.5625], "texture": "#0"},
				"up": {"uv": [4.625, 4.125, 4.5, 4], "texture": "#0"},
				"down": {"uv": [4.625, 4.5, 4.5, 4.625], "texture": "#0"}
			}
		},
		{
			"from": [8.15, 5.3, 7.6],
			"to": [8.25, 5.4, 7.7],
			"faces": {
				"north": {"uv": [3, 10, 3.0625, 10.0625], "texture": "#0"},
				"east": {"uv": [10, 3, 10.0625, 3.0625], "texture": "#0"},
				"south": {"uv": [3.5, 10, 3.5625, 10.0625], "texture": "#0"},
				"west": {"uv": [10, 3.5, 10.0625, 3.5625], "texture": "#0"},
				"up": {"uv": [4.0625, 10.0625, 4, 10], "texture": "#0"},
				"down": {"uv": [10.0625, 4, 10, 4.0625], "texture": "#0"}
			}
		},
		{
			"from": [8.15, 5.4, 7.7],
			"to": [8.25, 5.5, 7.8],
			"faces": {
				"north": {"uv": [4.5, 10, 4.5625, 10.0625], "texture": "#0"},
				"east": {"uv": [10, 4.5, 10.0625, 4.5625], "texture": "#0"},
				"south": {"uv": [5, 10, 5.0625, 10.0625], "texture": "#0"},
				"west": {"uv": [10, 5, 10.0625, 5.0625], "texture": "#0"},
				"up": {"uv": [5.5625, 10.0625, 5.5, 10], "texture": "#0"},
				"down": {"uv": [10.0625, 5.5, 10, 5.5625], "texture": "#0"}
			}
		},
		{
			"from": [8.15, 5.4, 8.2],
			"to": [8.25, 5.5, 8.3],
			"faces": {
				"north": {"uv": [6, 10, 6.0625, 10.0625], "texture": "#0"},
				"east": {"uv": [10, 6, 10.0625, 6.0625], "texture": "#0"},
				"south": {"uv": [6.5, 10, 6.5625, 10.0625], "texture": "#0"},
				"west": {"uv": [10, 6.5, 10.0625, 6.5625], "texture": "#0"},
				"up": {"uv": [7.0625, 10.0625, 7, 10], "texture": "#0"},
				"down": {"uv": [10.0625, 7, 10, 7.0625], "texture": "#0"}
			}
		},
		{
			"from": [8.15, 5.3, 8.3],
			"to": [8.25, 5.4, 8.4],
			"faces": {
				"north": {"uv": [7.5, 10, 7.5625, 10.0625], "texture": "#0"},
				"east": {"uv": [10, 7.5, 10.0625, 7.5625], "texture": "#0"},
				"south": {"uv": [8, 10, 8.0625, 10.0625], "texture": "#0"},
				"west": {"uv": [10, 8, 10.0625, 8.0625], "texture": "#0"},
				"up": {"uv": [8.5625, 10.0625, 8.5, 10], "texture": "#0"},
				"down": {"uv": [10.0625, 8.5, 10, 8.5625], "texture": "#0"}
			}
		},
		{
			"from": [8.1, 5.2, 8.4],
			"to": [8.3, 5.3, 8.6],
			"faces": {
				"north": {"uv": [7.5, 3, 7.625, 3.0625], "texture": "#0"},
				"east": {"uv": [3.5, 7.5, 3.625, 7.5625], "texture": "#0"},
				"south": {"uv": [7.5, 3.5, 7.625, 3.5625], "texture": "#0"},
				"west": {"uv": [4, 7.5, 4.125, 7.5625], "texture": "#0"},
				"up": {"uv": [0.125, 5.125, 0, 5], "texture": "#0"},
				"down": {"uv": [5.125, 0, 5, 0.125], "texture": "#0"}
			}
		},
		{
			"from": [8.1, 5.1, 8.6],
			"to": [8.3, 5.2, 8.8],
			"faces": {
				"north": {"uv": [7.5, 4, 7.625, 4.0625], "texture": "#0"},
				"east": {"uv": [4.5, 7.5, 4.625, 7.5625], "texture": "#0"},
				"south": {"uv": [7.5, 4.5, 7.625, 4.5625], "texture": "#0"},
				"west": {"uv": [5, 7.5, 5.125, 7.5625], "texture": "#0"},
				"up": {"uv": [0.625, 5.125, 0.5, 5], "texture": "#0"},
				"down": {"uv": [5.125, 0.5, 5, 0.625], "texture": "#0"}
			}
		},
		{
			"from": [8.1, 6.6, 7.3],
			"to": [8.3, 6.7, 7.5],
			"faces": {
				"north": {"uv": [7.5, 5, 7.625, 5.0625], "texture": "#0"},
				"east": {"uv": [5.5, 7.5, 5.625, 7.5625], "texture": "#0"},
				"south": {"uv": [7.5, 5.5, 7.625, 5.5625], "texture": "#0"},
				"west": {"uv": [6, 7.5, 6.125, 7.5625], "texture": "#0"},
				"up": {"uv": [1.125, 5.125, 1, 5], "texture": "#0"},
				"down": {"uv": [5.125, 1, 5, 1.125], "texture": "#0"}
			}
		},
		{
			"from": [8.1, 6.7, 7.5],
			"to": [8.3, 6.8, 7.7],
			"faces": {
				"north": {"uv": [7.5, 6, 7.625, 6.0625], "texture": "#0"},
				"east": {"uv": [6.5, 7.5, 6.625, 7.5625], "texture": "#0"},
				"south": {"uv": [7.5, 6.5, 7.625, 6.5625], "texture": "#0"},
				"west": {"uv": [7, 7.5, 7.125, 7.5625], "texture": "#0"},
				"up": {"uv": [1.625, 5.125, 1.5, 5], "texture": "#0"},
				"down": {"uv": [5.125, 1.5, 5, 1.625], "texture": "#0"}
			}
		},
		{
			"from": [8.15, 6.8, 7.7],
			"to": [8.25, 6.9, 7.8],
			"faces": {
				"north": {"uv": [9, 10, 9.0625, 10.0625], "texture": "#0"},
				"east": {"uv": [10, 9, 10.0625, 9.0625], "texture": "#0"},
				"south": {"uv": [9.5, 10, 9.5625, 10.0625], "texture": "#0"},
				"west": {"uv": [10, 9.5, 10.0625, 9.5625], "texture": "#0"},
				"up": {"uv": [10.0625, 10.0625, 10, 10], "texture": "#0"},
				"down": {"uv": [0.0625, 10.5, 0, 10.5625], "texture": "#0"}
			}
		},
		{
			"from": [8.15, 6.9, 7.8],
			"to": [8.25, 7, 7.9],
			"faces": {
				"north": {"uv": [10.5, 0, 10.5625, 0.0625], "texture": "#0"},
				"east": {"uv": [0.5, 10.5, 0.5625, 10.5625], "texture": "#0"},
				"south": {"uv": [10.5, 0.5, 10.5625, 0.5625], "texture": "#0"},
				"west": {"uv": [1, 10.5, 1.0625, 10.5625], "texture": "#0"},
				"up": {"uv": [10.5625, 1.0625, 10.5, 1], "texture": "#0"},
				"down": {"uv": [1.5625, 10.5, 1.5, 10.5625], "texture": "#0"}
			}
		},
		{
			"from": [8.15, 6.9, 8.1],
			"to": [8.25, 7, 8.2],
			"faces": {
				"north": {"uv": [10.5, 1.5, 10.5625, 1.5625], "texture": "#0"},
				"east": {"uv": [2, 10.5, 2.0625, 10.5625], "texture": "#0"},
				"south": {"uv": [10.5, 2, 10.5625, 2.0625], "texture": "#0"},
				"west": {"uv": [2.5, 10.5, 2.5625, 10.5625], "texture": "#0"},
				"up": {"uv": [10.5625, 2.5625, 10.5, 2.5], "texture": "#0"},
				"down": {"uv": [3.0625, 10.5, 3, 10.5625], "texture": "#0"}
			}
		},
		{
			"from": [8.15, 6.8, 8.2],
			"to": [8.25, 6.9, 8.3],
			"faces": {
				"north": {"uv": [10.5, 3, 10.5625, 3.0625], "texture": "#0"},
				"east": {"uv": [3.5, 10.5, 3.5625, 10.5625], "texture": "#0"},
				"south": {"uv": [10.5, 3.5, 10.5625, 3.5625], "texture": "#0"},
				"west": {"uv": [4, 10.5, 4.0625, 10.5625], "texture": "#0"},
				"up": {"uv": [10.5625, 4.0625, 10.5, 4], "texture": "#0"},
				"down": {"uv": [4.5625, 10.5, 4.5, 10.5625], "texture": "#0"}
			}
		},
		{
			"from": [8.1, 6.7, 8.3],
			"to": [8.3, 6.8, 8.5],
			"faces": {
				"north": {"uv": [7.5, 7, 7.625, 7.0625], "texture": "#0"},
				"east": {"uv": [7.5, 7.5, 7.625, 7.5625], "texture": "#0"},
				"south": {"uv": [0, 8, 0.125, 8.0625], "texture": "#0"},
				"west": {"uv": [8, 0, 8.125, 0.0625], "texture": "#0"},
				"up": {"uv": [2.125, 5.125, 2, 5], "texture": "#0"},
				"down": {"uv": [5.125, 2, 5, 2.125], "texture": "#0"}
			}
		},
		{
			"from": [8.1, 6.6, 8.5],
			"to": [8.3, 6.7, 8.7],
			"faces": {
				"north": {"uv": [0.5, 8, 0.625, 8.0625], "texture": "#0"},
				"east": {"uv": [8, 0.5, 8.125, 0.5625], "texture": "#0"},
				"south": {"uv": [1, 8, 1.125, 8.0625], "texture": "#0"},
				"west": {"uv": [8, 1, 8.125, 1.0625], "texture": "#0"},
				"up": {"uv": [2.625, 5.125, 2.5, 5], "texture": "#0"},
				"down": {"uv": [5.125, 2.5, 5, 2.625], "texture": "#0"}
			}
		},
		{
			"from": [8.15, 4.2, 8.1],
			"to": [8.25, 4.3, 8.2],
			"faces": {
				"north": {"uv": [10.5, 4.5, 10.5625, 4.5625], "texture": "#0"},
				"east": {"uv": [5, 10.5, 5.0625, 10.5625], "texture": "#0"},
				"south": {"uv": [10.5, 5, 10.5625, 5.0625], "texture": "#0"},
				"west": {"uv": [5.5, 10.5, 5.5625, 10.5625], "texture": "#0"},
				"up": {"uv": [10.5625, 5.5625, 10.5, 5.5], "texture": "#0"},
				"down": {"uv": [6.0625, 10.5, 6, 10.5625], "texture": "#0"}
			}
		},
		{
			"from": [8.15, 4.2, 7.9],
			"to": [8.25, 4.3, 8],
			"faces": {
				"north": {"uv": [10.5, 6, 10.5625, 6.0625], "texture": "#0"},
				"east": {"uv": [6.5, 10.5, 6.5625, 10.5625], "texture": "#0"},
				"south": {"uv": [10.5, 6.5, 10.5625, 6.5625], "texture": "#0"},
				"west": {"uv": [7, 10.5, 7.0625, 10.5625], "texture": "#0"},
				"up": {"uv": [10.5625, 7.0625, 10.5, 7], "texture": "#0"},
				"down": {"uv": [7.5625, 10.5, 7.5, 10.5625], "texture": "#0"}
			}
		},
		{
			"from": [8.15, 4.2, 8],
			"to": [8.25, 4.3, 8.1],
			"faces": {
				"north": {"uv": [10.5, 7.5, 10.5625, 7.5625], "texture": "#0"},
				"east": {"uv": [8, 10.5, 8.0625, 10.5625], "texture": "#0"},
				"south": {"uv": [10.5, 8, 10.5625, 8.0625], "texture": "#0"},
				"west": {"uv": [8.5, 10.5, 8.5625, 10.5625], "texture": "#0"},
				"up": {"uv": [10.5625, 8.5625, 10.5, 8.5], "texture": "#0"},
				"down": {"uv": [9.0625, 10.5, 9, 10.5625], "texture": "#0"}
			}
		},
		{
			"from": [8.15, 4.2, 7.8],
			"to": [8.25, 4.3, 7.9],
			"faces": {
				"north": {"uv": [10.5, 9, 10.5625, 9.0625], "texture": "#0"},
				"east": {"uv": [9.5, 10.5, 9.5625, 10.5625], "texture": "#0"},
				"south": {"uv": [10.5, 9.5, 10.5625, 9.5625], "texture": "#0"},
				"west": {"uv": [10, 10.5, 10.0625, 10.5625], "texture": "#0"},
				"up": {"uv": [10.5625, 10.0625, 10.5, 10], "texture": "#0"},
				"down": {"uv": [10.5625, 10.5, 10.5, 10.5625], "texture": "#0"}
			}
		},
		{
			"from": [8.15, 3.6, 8.5],
			"to": [8.25, 3.7, 8.6],
			"faces": {
				"north": {"uv": [0, 11, 0.0625, 11.0625], "texture": "#0"},
				"east": {"uv": [11, 0, 11.0625, 0.0625], "texture": "#0"},
				"south": {"uv": [0.5, 11, 0.5625, 11.0625], "texture": "#0"},
				"west": {"uv": [11, 0.5, 11.0625, 0.5625], "texture": "#0"},
				"up": {"uv": [1.0625, 11.0625, 1, 11], "texture": "#0"},
				"down": {"uv": [11.0625, 1, 11, 1.0625], "texture": "#0"}
			}
		},
		{
			"from": [8.1, 3.5, 8.4],
			"to": [8.3, 3.6, 8.5],
			"faces": {
				"north": {"uv": [1.5, 8, 1.625, 8.0625], "texture": "#0"},
				"east": {"uv": [1.5, 11, 1.5625, 11.0625], "texture": "#0"},
				"south": {"uv": [8, 1.5, 8.125, 1.5625], "texture": "#0"},
				"west": {"uv": [11, 1.5, 11.0625, 1.5625], "texture": "#0"},
				"up": {"uv": [2.125, 8.0625, 2, 8], "texture": "#0"},
				"down": {"uv": [8.125, 2, 8, 2.0625], "texture": "#0"}
			}
		},
		{
			"from": [8.15, 3.5, 8.6],
			"to": [8.25, 3.6, 8.7],
			"faces": {
				"north": {"uv": [2, 11, 2.0625, 11.0625], "texture": "#0"},
				"east": {"uv": [11, 2, 11.0625, 2.0625], "texture": "#0"},
				"south": {"uv": [2.5, 11, 2.5625, 11.0625], "texture": "#0"},
				"west": {"uv": [11, 2.5, 11.0625, 2.5625], "texture": "#0"},
				"up": {"uv": [3.0625, 11.0625, 3, 11], "texture": "#0"},
				"down": {"uv": [11.0625, 3, 11, 3.0625], "texture": "#0"}
			}
		},
		{
			"from": [8.15, 3.4, 8.7],
			"to": [8.25, 3.5, 8.8],
			"faces": {
				"north": {"uv": [3.5, 11, 3.5625, 11.0625], "texture": "#0"},
				"east": {"uv": [11, 3.5, 11.0625, 3.5625], "texture": "#0"},
				"south": {"uv": [4, 11, 4.0625, 11.0625], "texture": "#0"},
				"west": {"uv": [11, 4, 11.0625, 4.0625], "texture": "#0"},
				"up": {"uv": [4.5625, 11.0625, 4.5, 11], "texture": "#0"},
				"down": {"uv": [11.0625, 4.5, 11, 4.5625], "texture": "#0"}
			}
		},
		{
			"from": [8.1, 3.3, 7.5],
			"to": [8.3, 3.4, 7.6],
			"faces": {
				"north": {"uv": [2.5, 8, 2.625, 8.0625], "texture": "#0"},
				"east": {"uv": [5, 11, 5.0625, 11.0625], "texture": "#0"},
				"south": {"uv": [8, 2.5, 8.125, 2.5625], "texture": "#0"},
				"west": {"uv": [11, 5, 11.0625, 5.0625], "texture": "#0"},
				"up": {"uv": [3.125, 8.0625, 3, 8], "texture": "#0"},
				"down": {"uv": [8.125, 3, 8, 3.0625], "texture": "#0"}
			}
		},
		{
			"from": [8.1, 3.3, 7.4],
			"to": [8.3, 3.4, 7.5],
			"faces": {
				"north": {"uv": [3.5, 8, 3.625, 8.0625], "texture": "#0"},
				"east": {"uv": [5.5, 11, 5.5625, 11.0625], "texture": "#0"},
				"south": {"uv": [8, 3.5, 8.125, 3.5625], "texture": "#0"},
				"west": {"uv": [11, 5.5, 11.0625, 5.5625], "texture": "#0"},
				"up": {"uv": [4.125, 8.0625, 4, 8], "texture": "#0"},
				"down": {"uv": [8.125, 4, 8, 4.0625], "texture": "#0"}
			}
		},
		{
			"from": [8.15, 3.3, 7.3],
			"to": [8.25, 3.4, 7.4],
			"faces": {
				"north": {"uv": [6, 11, 6.0625, 11.0625], "texture": "#0"},
				"east": {"uv": [11, 6, 11.0625, 6.0625], "texture": "#0"},
				"south": {"uv": [6.5, 11, 6.5625, 11.0625], "texture": "#0"},
				"west": {"uv": [11, 6.5, 11.0625, 6.5625], "texture": "#0"},
				"up": {"uv": [7.0625, 11.0625, 7, 11], "texture": "#0"},
				"down": {"uv": [11.0625, 7, 11, 7.0625], "texture": "#0"}
			}
		},
		{
			"from": [8.15, 3.2, 7.2],
			"to": [8.25, 3.3, 7.3],
			"faces": {
				"north": {"uv": [7.5, 11, 7.5625, 11.0625], "texture": "#0"},
				"east": {"uv": [11, 7.5, 11.0625, 7.5625], "texture": "#0"},
				"south": {"uv": [8, 11, 8.0625, 11.0625], "texture": "#0"},
				"west": {"uv": [11, 8, 11.0625, 8.0625], "texture": "#0"},
				"up": {"uv": [8.5625, 11.0625, 8.5, 11], "texture": "#0"},
				"down": {"uv": [11.0625, 8.5, 11, 8.5625], "texture": "#0"}
			}
		},
		{
			"from": [8.15, 3.1, 7.1],
			"to": [8.25, 3.2, 7.2],
			"faces": {
				"north": {"uv": [9, 11, 9.0625, 11.0625], "texture": "#0"},
				"east": {"uv": [11, 9, 11.0625, 9.0625], "texture": "#0"},
				"south": {"uv": [9.5, 11, 9.5625, 11.0625], "texture": "#0"},
				"west": {"uv": [11, 9.5, 11.0625, 9.5625], "texture": "#0"},
				"up": {"uv": [10.0625, 11.0625, 10, 11], "texture": "#0"},
				"down": {"uv": [11.0625, 10, 11, 10.0625], "texture": "#0"}
			}
		},
		{
			"from": [8.05, 2.1, 7.85],
			"to": [8.35, 2.2, 8.15],
			"faces": {
				"north": {"uv": [4.5, 8, 4.625, 8.0625], "texture": "#0"},
				"east": {"uv": [8, 4.5, 8.125, 4.5625], "texture": "#0"},
				"south": {"uv": [5, 8, 5.125, 8.0625], "texture": "#0"},
				"west": {"uv": [8, 5, 8.125, 5.0625], "texture": "#0"},
				"up": {"uv": [3.125, 5.125, 3, 5], "texture": "#0"},
				"down": {"uv": [5.125, 3, 5, 3.125], "texture": "#0"}
			}
		},
		{
			"from": [8.05, 2.9, 7.85],
			"to": [8.35, 3, 8.15],
			"faces": {
				"north": {"uv": [5.5, 8, 5.625, 8.0625], "texture": "#0"},
				"east": {"uv": [8, 5.5, 8.125, 5.5625], "texture": "#0"},
				"south": {"uv": [6, 8, 6.125, 8.0625], "texture": "#0"},
				"west": {"uv": [8, 6, 8.125, 6.0625], "texture": "#0"},
				"up": {"uv": [3.625, 5.125, 3.5, 5], "texture": "#0"},
				"down": {"uv": [5.125, 3.5, 5, 3.625], "texture": "#0"}
			}
		},
		{
			"from": [8.05, 4.3, 7.85],
			"to": [8.35, 4.4, 8.15],
			"faces": {
				"north": {"uv": [6.5, 8, 6.625, 8.0625], "texture": "#0"},
				"east": {"uv": [8, 6.5, 8.125, 6.5625], "texture": "#0"},
				"south": {"uv": [7, 8, 7.125, 8.0625], "texture": "#0"},
				"west": {"uv": [8, 7, 8.125, 7.0625], "texture": "#0"},
				"up": {"uv": [4.125, 5.125, 4, 5], "texture": "#0"},
				"down": {"uv": [5.125, 4, 5, 4.125], "texture": "#0"}
			}
		},
		{
			"from": [8.05, 5.1, 7.85],
			"to": [8.35, 5.2, 8.15],
			"faces": {
				"north": {"uv": [7.5, 8, 7.625, 8.0625], "texture": "#0"},
				"east": {"uv": [8, 7.5, 8.125, 7.5625], "texture": "#0"},
				"south": {"uv": [8, 8, 8.125, 8.0625], "texture": "#0"},
				"west": {"uv": [0, 8.5, 0.125, 8.5625], "texture": "#0"},
				"up": {"uv": [4.625, 5.125, 4.5, 5], "texture": "#0"},
				"down": {"uv": [5.125, 4.5, 5, 4.625], "texture": "#0"}
			}
		},
		{
			"from": [8.05, 6.6, 7.85],
			"to": [8.35, 7.2, 8.15],
			"faces": {
				"north": {"uv": [2, 2, 2.125, 2.3125], "texture": "#0"},
				"east": {"uv": [0, 2.5, 0.125, 2.8125], "texture": "#0"},
				"south": {"uv": [2.5, 0, 2.625, 0.3125], "texture": "#0"},
				"west": {"uv": [0.5, 2.5, 0.625, 2.8125], "texture": "#0"},
				"up": {"uv": [5.125, 5.125, 5, 5], "texture": "#0"},
				"down": {"uv": [0.125, 5.5, 0, 5.625], "texture": "#0"}
			}
		},
		{
			"from": [8.05, 5.6, 7.85],
			"to": [8.35, 5.7, 8.15],
			"faces": {
				"north": {"uv": [8.5, 0, 8.625, 0.0625], "texture": "#0"},
				"east": {"uv": [0.5, 8.5, 0.625, 8.5625], "texture": "#0"},
				"south": {"uv": [8.5, 0.5, 8.625, 0.5625], "texture": "#0"},
				"west": {"uv": [1, 8.5, 1.125, 8.5625], "texture": "#0"},
				"up": {"uv": [5.625, 0.125, 5.5, 0], "texture": "#0"},
				"down": {"uv": [0.625, 5.5, 0.5, 5.625], "texture": "#0"}
			}
		},
		{
			"from": [8.05, 3.4, 7.85],
			"to": [8.35, 3.5, 8.15],
			"faces": {
				"north": {"uv": [8.5, 1, 8.625, 1.0625], "texture": "#0"},
				"east": {"uv": [1.5, 8.5, 1.625, 8.5625], "texture": "#0"},
				"south": {"uv": [8.5, 1.5, 8.625, 1.5625], "texture": "#0"},
				"west": {"uv": [2, 8.5, 2.125, 8.5625], "texture": "#0"},
				"up": {"uv": [5.625, 0.625, 5.5, 0.5], "texture": "#0"},
				"down": {"uv": [1.125, 5.5, 1, 5.625], "texture": "#0"}
			}
		}
	],
	"display": {
		"thirdperson_righthand": {
			"translation": [0, 14.5, 0.5],
			"scale": [2, 2, 2]
		},
		"thirdperson_lefthand": {
			"translation": [0, 14.5, 0.5],
			"scale": [2, 2, 2]
		},
		"firstperson_righthand": {
			"rotation": [-61.78, 6.63, 4.9],
			"translation": [-4.75, 10.5, -2],
			"scale": [2, 2, 2]
		},
		"firstperson_lefthand": {
			"rotation": [-61.78, 6.63, 4.9],
			"translation": [-4.75, 10.5, -2],
			"scale": [2, 2, 2]
		},
		"ground": {
			"translation": [0, 18.5, 0],
			"scale": [3, 3, 3]
		},
		"gui": {
			"rotation": [90, 45, -90],
			"translation": [5, 5, 0],
			"scale": [2, 2, 2]
		},
		"head": {
			"rotation": [-9.42, 17.31, -137.9],
			"translation": [-3.75, 4.5, 0],
			"scale": [4, 3, 3]
		},
		"fixed": {
			"rotation": [0, 90, 0],
			"translation": [0, 9.25, 0],
			"scale": [2.5, 2.5, 2.5]
		}
	},
	"groups": [
		{
			"name": "group",
			"origin": [8, 8, 8],
			"color": 0,
			"children": [
				0,
				1,
				2,
				3,
				4,
				5,
				6,
				7,
				8,
				9,
				10,
				11,
				12,
				13,
				14,
				15,
				16,
				17,
				18,
				19,
				20,
				21,
				22,
				23,
				24,
				25,
				26,
				27,
				28,
				29,
				30,
				31,
				32,
				33,
				34,
				35,
				36,
				37,
				38,
				39,
				40,
				41,
				42,
				43,
				44,
				45,
				46,
				47,
				48,
				49,
				50,
				51,
				52,
				53,
				54,
				55,
				56,
				57,
				58,
				59,
				60,
				61,
				62,
				63,
				64,
				65,
				66,
				67,
				68,
				69,
				70,
				71,
				72,
				73,
				74,
				75,
				76,
				77,
				78,
				79,
				80,
				81,
				82,
				83
			]
		}
	]
}