{
	"credit": "Made with Blockbench",
	"texture_size": [32, 32],
	"textures": {
		"0": "item/iron_pickaxe",
		"particle": "item/iron_pickaxe"
	},
	"elements": [
		{
			"from": [9, 0.2, 7.7],
			"to": [9.6, 1.2, 8.3],
			"faces": {
				"north": {"uv": [5.5, 0, 5.8125, 0.5], "texture": "#0"},
				"east": {"uv": [5.5, 0.5, 5.8125, 1], "texture": "#0"},
				"south": {"uv": [5.5, 1, 5.8125, 1.5], "texture": "#0"},
				"west": {"uv": [5.5, 1.5, 5.8125, 2], "texture": "#0"},
				"up": {"uv": [2.8125, 6.3125, 2.5, 6], "texture": "#0"},
				"down": {"uv": [3.8125, 6, 3.5, 6.3125], "texture": "#0"}
			}
		},
		{
			"from": [6.4, 0.2, 7.7],
			"to": [7, 1.2, 8.3],
			"faces": {
				"north": {"uv": [5.5, 2, 5.8125, 2.5], "texture": "#0"},
				"east": {"uv": [5.5, 2.5, 5.8125, 3], "texture": "#0"},
				"south": {"uv": [5.5, 3, 5.8125, 3.5], "texture": "#0"},
				"west": {"uv": [5.5, 3.5, 5.8125, 4], "texture": "#0"},
				"up": {"uv": [6.3125, 3.8125, 6, 3.5], "texture": "#0"},
				"down": {"uv": [4.3125, 6, 4, 6.3125], "texture": "#0"}
			}
		},
		{
			"from": [7.7, 0.2, 7.7],
			"to": [8.3, 1.6, 8.3],
			"faces": {
				"north": {"uv": [2, 2, 2.3125, 2.6875], "texture": "#0"},
				"east": {"uv": [2.5, 2, 2.8125, 2.6875], "texture": "#0"},
				"south": {"uv": [0, 3, 0.3125, 3.6875], "texture": "#0"},
				"west": {"uv": [0.5, 3, 0.8125, 3.6875], "texture": "#0"},
				"up": {"uv": [4.8125, 6.3125, 4.5, 6], "texture": "#0"},
				"down": {"uv": [5.3125, 6, 5, 6.3125], "texture": "#0"}
			}
		},
		{
			"from": [7.8, 1.6, 7.8],
			"to": [8.2, 1.8, 8.2],
			"faces": {
				"north": {"uv": [9.5, 5.5, 9.6875, 5.625], "texture": "#0"},
				"east": {"uv": [6, 9.5, 6.1875, 9.625], "texture": "#0"},
				"south": {"uv": [9.5, 6, 9.6875, 6.125], "texture": "#0"},
				"west": {"uv": [6.5, 9.5, 6.6875, 9.625], "texture": "#0"},
				"up": {"uv": [1.1875, 7.6875, 1, 7.5], "texture": "#0"},
				"down": {"uv": [7.6875, 1, 7.5, 1.1875], "texture": "#0"}
			}
		},
		{
			"from": [7.8, 0, 7.8],
			"to": [8.2, 0.2, 8.2],
			"faces": {
				"north": {"uv": [9.5, 6.5, 9.6875, 6.625], "texture": "#0"},
				"east": {"uv": [7, 9.5, 7.1875, 9.625], "texture": "#0"},
				"south": {"uv": [9.5, 7, 9.6875, 7.125], "texture": "#0"},
				"west": {"uv": [7.5, 9.5, 7.6875, 9.625], "texture": "#0"},
				"up": {"uv": [1.6875, 7.6875, 1.5, 7.5], "texture": "#0"},
				"down": {"uv": [7.6875, 1.5, 7.5, 1.6875], "texture": "#0"}
			}
		},
		{
			"from": [9.1, 0, 7.8],
			"to": [9.5, 0.2, 8.2],
			"faces": {
				"north": {"uv": [9.5, 7.5, 9.6875, 7.625], "texture": "#0"},
				"east": {"uv": [8, 9.5, 8.1875, 9.625], "texture": "#0"},
				"south": {"uv": [9.5, 8, 9.6875, 8.125], "texture": "#0"},
				"west": {"uv": [8.5, 9.5, 8.6875, 9.625], "texture": "#0"},
				"up": {"uv": [2.1875, 7.6875, 2, 7.5], "texture": "#0"},
				"down": {"uv": [7.6875, 2, 7.5, 2.1875], "texture": "#0"}
			}
		},
		{
			"from": [6.5, 0, 7.8],
			"to": [6.9, 0.2, 8.2],
			"faces": {
				"north": {"uv": [9.5, 8.5, 9.6875, 8.625], "texture": "#0"},
				"east": {"uv": [9, 9.5, 9.1875, 9.625], "texture": "#0"},
				"south": {"uv": [9.5, 9, 9.6875, 9.125], "texture": "#0"},
				"west": {"uv": [9.5, 9.5, 9.6875, 9.625], "texture": "#0"},
				"up": {"uv": [2.6875, 7.6875, 2.5, 7.5], "texture": "#0"},
				"down": {"uv": [7.6875, 2.5, 7.5, 2.6875], "texture": "#0"}
			}
		},
		{
			"from": [6.5, 1.2, 7.8],
			"to": [6.9, 1.4, 8.2],
			"faces": {
				"north": {"uv": [0, 10, 0.1875, 10.125], "texture": "#0"},
				"east": {"uv": [10, 0, 10.1875, 0.125], "texture": "#0"},
				"south": {"uv": [0.5, 10, 0.6875, 10.125], "texture": "#0"},
				"west": {"uv": [10, 0.5, 10.1875, 0.625], "texture": "#0"},
				"up": {"uv": [7.6875, 3.1875, 7.5, 3], "texture": "#0"},
				"down": {"uv": [3.6875, 7.5, 3.5, 7.6875], "texture": "#0"}
			}
		},
		{
			"from": [9.1, 1.2, 7.8],
			"to": [9.5, 1.4, 8.2],
			"faces": {
				"north": {"uv": [1, 10, 1.1875, 10.125], "texture": "#0"},
				"east": {"uv": [10, 1, 10.1875, 1.125], "texture": "#0"},
				"south": {"uv": [1.5, 10, 1.6875, 10.125], "texture": "#0"},
				"west": {"uv": [10, 1.5, 10.1875, 1.625], "texture": "#0"},
				"up": {"uv": [7.6875, 3.6875, 7.5, 3.5], "texture": "#0"},
				"down": {"uv": [4.1875, 7.5, 4, 7.6875], "texture": "#0"}
			}
		},
		{
			"from": [9.2, -0.2, 7.9],
			"to": [9.4, 0, 8.1],
			"faces": {
				"north": {"uv": [11, 11, 11.125, 11.125], "texture": "#0"},
				"east": {"uv": [0, 11.5, 0.125, 11.625], "texture": "#0"},
				"south": {"uv": [11.5, 0, 11.625, 0.125], "texture": "#0"},
				"west": {"uv": [0.5, 11.5, 0.625, 11.625], "texture": "#0"},
				"up": {"uv": [11.625, 0.625, 11.5, 0.5], "texture": "#0"},
				"down": {"uv": [1.125, 11.5, 1, 11.625], "texture": "#0"}
			}
		},
		{
			"from": [7.9, -0.2, 7.9],
			"to": [8.1, 0, 8.1],
			"faces": {
				"north": {"uv": [11.5, 1, 11.625, 1.125], "texture": "#0"},
				"east": {"uv": [1.5, 11.5, 1.625, 11.625], "texture": "#0"},
				"south": {"uv": [11.5, 1.5, 11.625, 1.625], "texture": "#0"},
				"west": {"uv": [2, 11.5, 2.125, 11.625], "texture": "#0"},
				"up": {"uv": [11.625, 2.125, 11.5, 2], "texture": "#0"},
				"down": {"uv": [2.625, 11.5, 2.5, 11.625], "texture": "#0"}
			}
		},
		{
			"from": [6.6, -0.2, 7.9],
			"to": [6.8, 0, 8.1],
			"faces": {
				"north": {"uv": [11.5, 2.5, 11.625, 2.625], "texture": "#0"},
				"east": {"uv": [3, 11.5, 3.125, 11.625], "texture": "#0"},
				"south": {"uv": [11.5, 3, 11.625, 3.125], "texture": "#0"},
				"west": {"uv": [3.5, 11.5, 3.625, 11.625], "texture": "#0"},
				"up": {"uv": [11.625, 3.625, 11.5, 3.5], "texture": "#0"},
				"down": {"uv": [4.125, 11.5, 4, 11.625], "texture": "#0"}
			}
		},
		{
			"from": [6.7, 1.4, 7.9],
			"to": [6.9, 1.6, 8.1],
			"faces": {
				"north": {"uv": [11.5, 4, 11.625, 4.125], "texture": "#0"},
				"east": {"uv": [4.5, 11.5, 4.625, 11.625], "texture": "#0"},
				"south": {"uv": [11.5, 4.5, 11.625, 4.625], "texture": "#0"},
				"west": {"uv": [5, 11.5, 5.125, 11.625], "texture": "#0"},
				"up": {"uv": [11.625, 5.125, 11.5, 5], "texture": "#0"},
				"down": {"uv": [5.625, 11.5, 5.5, 11.625], "texture": "#0"}
			}
		},
		{
			"from": [7.9, 1.8, 7.9],
			"to": [8.1, 2, 8.1],
			"faces": {
				"north": {"uv": [11.5, 7, 11.625, 7.125], "texture": "#0"},
				"east": {"uv": [7.5, 11.5, 7.625, 11.625], "texture": "#0"},
				"south": {"uv": [11.5, 7.5, 11.625, 7.625], "texture": "#0"},
				"west": {"uv": [8, 11.5, 8.125, 11.625], "texture": "#0"},
				"up": {"uv": [11.625, 8.125, 11.5, 8], "texture": "#0"},
				"down": {"uv": [8.625, 11.5, 8.5, 11.625], "texture": "#0"}
			}
		},
		{
			"from": [7.3, 2, 7.9],
			"to": [8.7, 2.2, 8.1],
			"faces": {
				"north": {"uv": [6.5, 6.5, 7.1875, 6.625], "texture": "#0"},
				"east": {"uv": [3, 12, 3.125, 12.125], "texture": "#0"},
				"south": {"uv": [0, 7, 0.6875, 7.125], "texture": "#0"},
				"west": {"uv": [12, 3, 12.125, 3.125], "texture": "#0"},
				"up": {"uv": [1.6875, 7.125, 1, 7], "texture": "#0"},
				"down": {"uv": [2.6875, 7, 2, 7.125], "texture": "#0"}
			}
		},
		{
			"from": [7.7, 2.2, 7.9],
			"to": [8.3, 2.4, 8.1],
			"faces": {
				"north": {"uv": [0, 7.5, 0.3125, 7.625], "texture": "#0"},
				"east": {"uv": [3.5, 12, 3.625, 12.125], "texture": "#0"},
				"south": {"uv": [7.5, 0, 7.8125, 0.125], "texture": "#0"},
				"west": {"uv": [12, 3.5, 12.125, 3.625], "texture": "#0"},
				"up": {"uv": [0.8125, 7.625, 0.5, 7.5], "texture": "#0"},
				"down": {"uv": [7.8125, 0.5, 7.5, 0.625], "texture": "#0"}
			}
		},
		{
			"from": [7.8, 2.4, 7.8],
			"to": [8.2, 2.6, 8.2],
			"faces": {
				"north": {"uv": [2, 10, 2.1875, 10.125], "texture": "#0"},
				"east": {"uv": [10, 2, 10.1875, 2.125], "texture": "#0"},
				"south": {"uv": [2.5, 10, 2.6875, 10.125], "texture": "#0"},
				"west": {"uv": [10, 2.5, 10.1875, 2.625], "texture": "#0"},
				"up": {"uv": [4.6875, 7.6875, 4.5, 7.5], "texture": "#0"},
				"down": {"uv": [5.1875, 7.5, 5, 7.6875], "texture": "#0"}
			}
		},
		{
			"from": [7.8, 3.1, 7.8],
			"to": [8.2, 3.3, 8.2],
			"faces": {
				"north": {"uv": [3, 10, 3.1875, 10.125], "texture": "#0"},
				"east": {"uv": [10, 3, 10.1875, 3.125], "texture": "#0"},
				"south": {"uv": [3.5, 10, 3.6875, 10.125], "texture": "#0"},
				"west": {"uv": [10, 3.5, 10.1875, 3.625], "texture": "#0"},
				"up": {"uv": [5.6875, 7.6875, 5.5, 7.5], "texture": "#0"},
				"down": {"uv": [6.1875, 7.5, 6, 7.6875], "texture": "#0"}
			}
		},
		{
			"from": [7.9, 2.6, 7.9],
			"to": [8.1, 3.1, 8.1],
			"faces": {
				"north": {"uv": [8.5, 4.5, 8.625, 4.75], "texture": "#0"},
				"east": {"uv": [5, 8.5, 5.125, 8.75], "texture": "#0"},
				"south": {"uv": [8.5, 5, 8.625, 5.25], "texture": "#0"},
				"west": {"uv": [5.5, 8.5, 5.625, 8.75], "texture": "#0"},
				"up": {"uv": [4.125, 12.125, 4, 12], "texture": "#0"},
				"down": {"uv": [12.125, 4, 12, 4.125], "texture": "#0"}
			}
		},
		{
			"from": [7.9, 3.3, 7.9],
			"to": [8.1, 3.8, 8.1],
			"faces": {
				"north": {"uv": [8.5, 5.5, 8.625, 5.75], "texture": "#0"},
				"east": {"uv": [6, 8.5, 6.125, 8.75], "texture": "#0"},
				"south": {"uv": [8.5, 6, 8.625, 6.25], "texture": "#0"},
				"west": {"uv": [6.5, 8.5, 6.625, 8.75], "texture": "#0"},
				"up": {"uv": [4.625, 12.125, 4.5, 12], "texture": "#0"},
				"down": {"uv": [12.125, 4.5, 12, 4.625], "texture": "#0"}
			}
		},
		{
			"from": [7.8, 3.8, 7.8],
			"to": [8.2, 4, 8.2],
			"faces": {
				"north": {"uv": [4, 10, 4.1875, 10.125], "texture": "#0"},
				"east": {"uv": [10, 4, 10.1875, 4.125], "texture": "#0"},
				"south": {"uv": [4.5, 10, 4.6875, 10.125], "texture": "#0"},
				"west": {"uv": [10, 4.5, 10.1875, 4.625], "texture": "#0"},
				"up": {"uv": [7.6875, 6.1875, 7.5, 6], "texture": "#0"},
				"down": {"uv": [6.6875, 7.5, 6.5, 7.6875], "texture": "#0"}
			}
		},
		{
			"from": [7.9, 4, 7.9],
			"to": [8.1, 4.5, 8.1],
			"faces": {
				"north": {"uv": [8.5, 6.5, 8.625, 6.75], "texture": "#0"},
				"east": {"uv": [7, 8.5, 7.125, 8.75], "texture": "#0"},
				"south": {"uv": [8.5, 7, 8.625, 7.25], "texture": "#0"},
				"west": {"uv": [7.5, 8.5, 7.625, 8.75], "texture": "#0"},
				"up": {"uv": [5.125, 12.125, 5, 12], "texture": "#0"},
				"down": {"uv": [12.125, 5, 12, 5.125], "texture": "#0"}
			}
		},
		{
			"from": [7.8, 4.5, 7.8],
			"to": [8.2, 4.7, 8.2],
			"faces": {
				"north": {"uv": [5, 10, 5.1875, 10.125], "texture": "#0"},
				"east": {"uv": [10, 5, 10.1875, 5.125], "texture": "#0"},
				"south": {"uv": [5.5, 10, 5.6875, 10.125], "texture": "#0"},
				"west": {"uv": [10, 5.5, 10.1875, 5.625], "texture": "#0"},
				"up": {"uv": [7.6875, 6.6875, 7.5, 6.5], "texture": "#0"},
				"down": {"uv": [7.1875, 7.5, 7, 7.6875], "texture": "#0"}
			}
		},
		{
			"from": [7.9, 4.7, 7.9],
			"to": [8.1, 5.2, 8.1],
			"faces": {
				"north": {"uv": [8.5, 7.5, 8.625, 7.75], "texture": "#0"},
				"east": {"uv": [8, 8.5, 8.125, 8.75], "texture": "#0"},
				"south": {"uv": [8.5, 8, 8.625, 8.25], "texture": "#0"},
				"west": {"uv": [8.5, 8.5, 8.625, 8.75], "texture": "#0"},
				"up": {"uv": [5.625, 12.125, 5.5, 12], "texture": "#0"},
				"down": {"uv": [12.125, 5.5, 12, 5.625], "texture": "#0"}
			}
		},
		{
			"from": [7.8, 5.2, 7.8],
			"to": [8.2, 5.4, 8.2],
			"faces": {
				"north": {"uv": [6, 10, 6.1875, 10.125], "texture": "#0"},
				"east": {"uv": [10, 6, 10.1875, 6.125], "texture": "#0"},
				"south": {"uv": [6.5, 10, 6.6875, 10.125], "texture": "#0"},
				"west": {"uv": [10, 6.5, 10.1875, 6.625], "texture": "#0"},
				"up": {"uv": [7.6875, 7.1875, 7.5, 7], "texture": "#0"},
				"down": {"uv": [7.6875, 7.5, 7.5, 7.6875], "texture": "#0"}
			}
		},
		{
			"from": [7.9, 5.4, 7.9],
			"to": [8.1, 5.9, 8.1],
			"faces": {
				"north": {"uv": [0, 9, 0.125, 9.25], "texture": "#0"},
				"east": {"uv": [9, 0, 9.125, 0.25], "texture": "#0"},
				"south": {"uv": [0.5, 9, 0.625, 9.25], "texture": "#0"},
				"west": {"uv": [9, 0.5, 9.125, 0.75], "texture": "#0"},
				"up": {"uv": [6.125, 12.125, 6, 12], "texture": "#0"},
				"down": {"uv": [12.125, 6, 12, 6.125], "texture": "#0"}
			}
		},
		{
			"from": [7.9, 6.1, 7.9],
			"to": [8.1, 6.6, 8.1],
			"faces": {
				"north": {"uv": [9.5, 3.5, 9.625, 3.75], "texture": "#0"},
				"east": {"uv": [4, 9.5, 4.125, 9.75], "texture": "#0"},
				"south": {"uv": [9.5, 4, 9.625, 4.25], "texture": "#0"},
				"west": {"uv": [4.5, 9.5, 4.625, 9.75], "texture": "#0"},
				"up": {"uv": [12.625, 0.125, 12.5, 0], "texture": "#0"},
				"down": {"uv": [0.625, 12.5, 0.5, 12.625], "texture": "#0"}
			}
		},
		{
			"from": [7.8, 5.9, 7.8],
			"to": [8.2, 6.1, 8.2],
			"faces": {
				"north": {"uv": [7, 10, 7.1875, 10.125], "texture": "#0"},
				"east": {"uv": [10, 7, 10.1875, 7.125], "texture": "#0"},
				"south": {"uv": [7.5, 10, 7.6875, 10.125], "texture": "#0"},
				"west": {"uv": [10, 7.5, 10.1875, 7.625], "texture": "#0"},
				"up": {"uv": [0.1875, 8.1875, 0, 8], "texture": "#0"},
				"down": {"uv": [8.1875, 0, 8, 0.1875], "texture": "#0"}
			}
		},
		{
			"from": [7.8, 6.6, 7.8],
			"to": [8.2, 12, 8.2],
			"faces": {
				"north": {"uv": [0, 0, 0.1875, 2.6875], "texture": "#0"},
				"east": {"uv": [0.5, 0, 0.6875, 2.6875], "texture": "#0"},
				"south": {"uv": [1, 0, 1.1875, 2.6875], "texture": "#0"},
				"west": {"uv": [1.5, 0, 1.6875, 2.6875], "texture": "#0"},
				"up": {"uv": [8.6875, 4.1875, 8.5, 4], "texture": "#0"},
				"down": {"uv": [4.6875, 8.5, 4.5, 8.6875], "texture": "#0"}
			}
		},
		{
			"from": [7.9, 12, 7.9],
			"to": [8.1, 12.1, 8.1],
			"faces": {
				"north": {"uv": [12.5, 2, 12.625, 2.0625], "texture": "#0"},
				"east": {"uv": [2.5, 12.5, 2.625, 12.5625], "texture": "#0"},
				"south": {"uv": [12.5, 2.5, 12.625, 2.5625], "texture": "#0"},
				"west": {"uv": [3, 12.5, 3.125, 12.5625], "texture": "#0"},
				"up": {"uv": [12.625, 0.625, 12.5, 0.5], "texture": "#0"},
				"down": {"uv": [1.125, 12.5, 1, 12.625], "texture": "#0"}
			}
		},
		{
			"from": [5.5, 11.4, 7.9],
			"to": [7.8, 11.9, 8.1],
			"faces": {
				"north": {"uv": [2, 0, 3.125, 0.25], "texture": "#0"},
				"east": {"uv": [9.5, 4.5, 9.625, 4.75], "texture": "#0"},
				"south": {"uv": [2, 0.5, 3.125, 0.75], "texture": "#0"},
				"west": {"uv": [5, 9.5, 5.125, 9.75], "texture": "#0"},
				"up": {"uv": [6.625, 4.125, 5.5, 4], "texture": "#0"},
				"down": {"uv": [6.625, 4.5, 5.5, 4.625], "texture": "#0"}
			}
		},
		{
			"from": [7.2, 8.5, 7.9],
			"to": [9.5, 8.8, 8.1],
			"rotation": {"angle": 22.5, "axis": "z", "origin": [0, 0, 0]},
			"faces": {
				"north": {"uv": [6, 0, 7.125, 0.125], "texture": "#0"},
				"east": {"uv": [12.5, 1, 12.625, 1.125], "texture": "#0"},
				"south": {"uv": [6, 0.5, 7.125, 0.625], "texture": "#0"},
				"west": {"uv": [1.5, 12.5, 1.625, 12.625], "texture": "#0"},
				"up": {"uv": [2.125, 6.125, 1, 6], "texture": "#0"},
				"down": {"uv": [7.125, 1, 6, 1.125], "texture": "#0"}
			}
		},
		{
			"from": [5.3, 14.6, 7.9],
			"to": [7.6, 14.9, 8.1],
			"rotation": {"angle": -22.5, "axis": "z", "origin": [0, 0, 0]},
			"faces": {
				"north": {"uv": [6, 1.5, 7.125, 1.625], "texture": "#0"},
				"east": {"uv": [12.5, 1.5, 12.625, 1.625], "texture": "#0"},
				"south": {"uv": [6, 2, 7.125, 2.125], "texture": "#0"},
				"west": {"uv": [2, 12.5, 2.125, 12.625], "texture": "#0"},
				"up": {"uv": [7.125, 2.625, 6, 2.5], "texture": "#0"},
				"down": {"uv": [7.125, 3, 6, 3.125], "texture": "#0"}
			}
		},
		{
			"from": [8.2, 11.4, 7.9],
			"to": [10.5, 11.9, 8.1],
			"faces": {
				"north": {"uv": [2, 1, 3.125, 1.25], "texture": "#0"},
				"east": {"uv": [9.5, 5, 9.625, 5.25], "texture": "#0"},
				"south": {"uv": [2, 1.5, 3.125, 1.75], "texture": "#0"},
				"west": {"uv": [5.5, 9.5, 5.625, 9.75], "texture": "#0"},
				"up": {"uv": [6.625, 5.125, 5.5, 5], "texture": "#0"},
				"down": {"uv": [6.625, 5.5, 5.5, 5.625], "texture": "#0"}
			}
		},
		{
			"from": [8.6, 11.5, 7.8],
			"to": [10.1, 11.8, 7.9],
			"faces": {
				"north": {"uv": [5.5, 6, 6.25, 6.125], "texture": "#0"},
				"east": {"uv": [12.5, 3, 12.5625, 3.125], "texture": "#0"},
				"south": {"uv": [1, 6.5, 1.75, 6.625], "texture": "#0"},
				"west": {"uv": [3.5, 12.5, 3.5625, 12.625], "texture": "#0"},
				"up": {"uv": [4.25, 7.0625, 3.5, 7], "texture": "#0"},
				"down": {"uv": [7.75, 4, 7, 4.0625], "texture": "#0"}
			}
		},
		{
			"from": [5.9, 11.5, 7.8],
			"to": [7.4, 11.8, 7.9],
			"faces": {
				"north": {"uv": [2, 6.5, 2.75, 6.625], "texture": "#0"},
				"east": {"uv": [12.5, 3.5, 12.5625, 3.625], "texture": "#0"},
				"south": {"uv": [3.5, 6.5, 4.25, 6.625], "texture": "#0"},
				"west": {"uv": [4, 12.5, 4.0625, 12.625], "texture": "#0"},
				"up": {"uv": [5.25, 7.0625, 4.5, 7], "texture": "#0"},
				"down": {"uv": [7.75, 4.5, 7, 4.5625], "texture": "#0"}
			}
		},
		{
			"from": [8.6, 11.5, 8.1],
			"to": [10.1, 11.8, 8.2],
			"faces": {
				"north": {"uv": [5.5, 6.5, 6.25, 6.625], "texture": "#0"},
				"east": {"uv": [12.5, 4.5, 12.5625, 4.625], "texture": "#0"},
				"south": {"uv": [6.5, 6, 7.25, 6.125], "texture": "#0"},
				"west": {"uv": [5, 12.5, 5.0625, 12.625], "texture": "#0"},
				"up": {"uv": [7.75, 5.5625, 7, 5.5], "texture": "#0"},
				"down": {"uv": [7.25, 7, 6.5, 7.0625], "texture": "#0"}
			}
		},
		{
			"from": [5.9, 11.5, 8.1],
			"to": [7.4, 11.8, 8.2],
			"faces": {
				"north": {"uv": [6.5, 3.5, 7.25, 3.625], "texture": "#0"},
				"east": {"uv": [12.5, 4, 12.5625, 4.125], "texture": "#0"},
				"south": {"uv": [4.5, 6.5, 5.25, 6.625], "texture": "#0"},
				"west": {"uv": [4.5, 12.5, 4.5625, 12.625], "texture": "#0"},
				"up": {"uv": [7.75, 5.0625, 7, 5], "texture": "#0"},
				"down": {"uv": [6.25, 7, 5.5, 7.0625], "texture": "#0"}
			}
		},
		{
			"from": [8.1, 12, 7.8],
			"to": [8.2, 12.1, 7.9],
			"faces": {
				"north": {"uv": [13.5, 11, 13.5625, 11.0625], "texture": "#0"},
				"east": {"uv": [11.5, 13.5, 11.5625, 13.5625], "texture": "#0"},
				"south": {"uv": [13.5, 11.5, 13.5625, 11.5625], "texture": "#0"},
				"west": {"uv": [12, 13.5, 12.0625, 13.5625], "texture": "#0"},
				"up": {"uv": [13.5625, 12.0625, 13.5, 12], "texture": "#0"},
				"down": {"uv": [12.5625, 13.5, 12.5, 13.5625], "texture": "#0"}
			}
		},
		{
			"from": [7.8, 12, 7.8],
			"to": [7.9, 12.1, 7.9],
			"faces": {
				"north": {"uv": [13.5, 12.5, 13.5625, 12.5625], "texture": "#0"},
				"east": {"uv": [13, 13.5, 13.0625, 13.5625], "texture": "#0"},
				"south": {"uv": [13.5, 13, 13.5625, 13.0625], "texture": "#0"},
				"west": {"uv": [13.5, 13.5, 13.5625, 13.5625], "texture": "#0"},
				"up": {"uv": [0.0625, 14.0625, 0, 14], "texture": "#0"},
				"down": {"uv": [14.0625, 0, 14, 0.0625], "texture": "#0"}
			}
		},
		{
			"from": [7.8, 12, 8.1],
			"to": [7.9, 12.1, 8.2],
			"faces": {
				"north": {"uv": [0.5, 14, 0.5625, 14.0625], "texture": "#0"},
				"east": {"uv": [14, 0.5, 14.0625, 0.5625], "texture": "#0"},
				"south": {"uv": [1, 14, 1.0625, 14.0625], "texture": "#0"},
				"west": {"uv": [14, 1, 14.0625, 1.0625], "texture": "#0"},
				"up": {"uv": [1.5625, 14.0625, 1.5, 14], "texture": "#0"},
				"down": {"uv": [14.0625, 1.5, 14, 1.5625], "texture": "#0"}
			}
		},
		{
			"from": [8.1, 12, 8.1],
			"to": [8.2, 12.1, 8.2],
			"faces": {
				"north": {"uv": [2, 14, 2.0625, 14.0625], "texture": "#0"},
				"east": {"uv": [14, 2, 14.0625, 2.0625], "texture": "#0"},
				"south": {"uv": [2.5, 14, 2.5625, 14.0625], "texture": "#0"},
				"west": {"uv": [14, 2.5, 14.0625, 2.5625], "texture": "#0"},
				"up": {"uv": [3.0625, 14.0625, 3, 14], "texture": "#0"},
				"down": {"uv": [14.0625, 3, 14, 3.0625], "texture": "#0"}
			}
		},
		{
			"from": [7.7, 6.5, 7.7],
			"to": [7.8, 12, 7.8],
			"faces": {
				"north": {"uv": [1, 3, 1.0625, 5.75], "texture": "#0"},
				"east": {"uv": [1.5, 3, 1.5625, 5.75], "texture": "#0"},
				"south": {"uv": [2, 3, 2.0625, 5.75], "texture": "#0"},
				"west": {"uv": [3, 2, 3.0625, 4.75], "texture": "#0"},
				"up": {"uv": [13.5625, 9.0625, 13.5, 9], "texture": "#0"},
				"down": {"uv": [9.5625, 13.5, 9.5, 13.5625], "texture": "#0"}
			}
		},
		{
			"from": [7.7, 6.5, 8.2],
			"to": [7.8, 12, 8.3],
			"faces": {
				"north": {"uv": [2.5, 3, 2.5625, 5.75], "texture": "#0"},
				"east": {"uv": [3.5, 0, 3.5625, 2.75], "texture": "#0"},
				"south": {"uv": [3.5, 3, 3.5625, 5.75], "texture": "#0"},
				"west": {"uv": [0, 4, 0.0625, 6.75], "texture": "#0"},
				"up": {"uv": [13.5625, 9.5625, 13.5, 9.5], "texture": "#0"},
				"down": {"uv": [10.0625, 13.5, 10, 13.5625], "texture": "#0"}
			}
		},
		{
			"from": [8.2, 6.5, 8.2],
			"to": [8.3, 12, 8.3],
			"faces": {
				"north": {"uv": [4, 0, 4.0625, 2.75], "texture": "#0"},
				"east": {"uv": [0.5, 4, 0.5625, 6.75], "texture": "#0"},
				"south": {"uv": [4, 3, 4.0625, 5.75], "texture": "#0"},
				"west": {"uv": [4.5, 0, 4.5625, 2.75], "texture": "#0"},
				"up": {"uv": [13.5625, 10.0625, 13.5, 10], "texture": "#0"},
				"down": {"uv": [10.5625, 13.5, 10.5, 13.5625], "texture": "#0"}
			}
		},
		{
			"from": [8.2, 6.5, 7.7],
			"to": [8.3, 12, 7.8],
			"faces": {
				"north": {"uv": [4.5, 3, 4.5625, 5.75], "texture": "#0"},
				"east": {"uv": [5, 0, 5.0625, 2.75], "texture": "#0"},
				"south": {"uv": [3, 5, 3.0625, 7.75], "texture": "#0"},
				"west": {"uv": [5, 3, 5.0625, 5.75], "texture": "#0"},
				"up": {"uv": [13.5625, 10.5625, 13.5, 10.5], "texture": "#0"},
				"down": {"uv": [11.0625, 13.5, 11, 13.5625], "texture": "#0"}
			}
		},
		{
			"from": [7.4, 5.9, 7.4],
			"to": [7.8, 6.1, 7.8],
			"faces": {
				"north": {"uv": [8, 10, 8.1875, 10.125], "texture": "#0"},
				"east": {"uv": [10, 8, 10.1875, 8.125], "texture": "#0"},
				"south": {"uv": [8.5, 10, 8.6875, 10.125], "texture": "#0"},
				"west": {"uv": [10, 8.5, 10.1875, 8.625], "texture": "#0"},
				"up": {"uv": [0.6875, 8.1875, 0.5, 8], "texture": "#0"},
				"down": {"uv": [8.1875, 0.5, 8, 0.6875], "texture": "#0"}
			}
		},
		{
			"from": [7.4, 6.1, 7.4],
			"to": [7.5, 6.2, 7.5],
			"faces": {
				"north": {"uv": [12.5, 5, 12.5625, 5.0625], "texture": "#0"},
				"east": {"uv": [5.5, 12.5, 5.5625, 12.5625], "texture": "#0"},
				"south": {"uv": [12.5, 5.5, 12.5625, 5.5625], "texture": "#0"},
				"west": {"uv": [6, 12.5, 6.0625, 12.5625], "texture": "#0"},
				"up": {"uv": [12.5625, 6.0625, 12.5, 6], "texture": "#0"},
				"down": {"uv": [6.5625, 12.5, 6.5, 12.5625], "texture": "#0"}
			}
		},
		{
			"from": [8.5, 6.1, 7.4],
			"to": [8.6, 6.2, 7.5],
			"faces": {
				"north": {"uv": [12.5, 11, 12.5625, 11.0625], "texture": "#0"},
				"east": {"uv": [11.5, 12.5, 11.5625, 12.5625], "texture": "#0"},
				"south": {"uv": [12.5, 11.5, 12.5625, 11.5625], "texture": "#0"},
				"west": {"uv": [12, 12.5, 12.0625, 12.5625], "texture": "#0"},
				"up": {"uv": [12.5625, 12.0625, 12.5, 12], "texture": "#0"},
				"down": {"uv": [12.5625, 12.5, 12.5, 12.5625], "texture": "#0"}
			}
		},
		{
			"from": [8.5, 6.1, 8.5],
			"to": [8.6, 6.2, 8.6],
			"faces": {
				"north": {"uv": [10.5, 13, 10.5625, 13.0625], "texture": "#0"},
				"east": {"uv": [13, 10.5, 13.0625, 10.5625], "texture": "#0"},
				"south": {"uv": [11, 13, 11.0625, 13.0625], "texture": "#0"},
				"west": {"uv": [13, 11, 13.0625, 11.0625], "texture": "#0"},
				"up": {"uv": [11.5625, 13.0625, 11.5, 13], "texture": "#0"},
				"down": {"uv": [13.0625, 11.5, 13, 11.5625], "texture": "#0"}
			}
		},
		{
			"from": [7.4, 6.1, 8.5],
			"to": [7.5, 6.2, 8.6],
			"faces": {
				"north": {"uv": [13.5, 1.5, 13.5625, 1.5625], "texture": "#0"},
				"east": {"uv": [2, 13.5, 2.0625, 13.5625], "texture": "#0"},
				"south": {"uv": [13.5, 2, 13.5625, 2.0625], "texture": "#0"},
				"west": {"uv": [2.5, 13.5, 2.5625, 13.5625], "texture": "#0"},
				"up": {"uv": [13.5625, 2.5625, 13.5, 2.5], "texture": "#0"},
				"down": {"uv": [3.0625, 13.5, 3, 13.5625], "texture": "#0"}
			}
		},
		{
			"from": [7.5, 6.2, 7.5],
			"to": [7.6, 6.3, 7.6],
			"faces": {
				"north": {"uv": [12.5, 6.5, 12.5625, 6.5625], "texture": "#0"},
				"east": {"uv": [7, 12.5, 7.0625, 12.5625], "texture": "#0"},
				"south": {"uv": [12.5, 7, 12.5625, 7.0625], "texture": "#0"},
				"west": {"uv": [7.5, 12.5, 7.5625, 12.5625], "texture": "#0"},
				"up": {"uv": [12.5625, 7.5625, 12.5, 7.5], "texture": "#0"},
				"down": {"uv": [8.0625, 12.5, 8, 12.5625], "texture": "#0"}
			}
		},
		{
			"from": [8.4, 6.2, 8.4],
			"to": [8.5, 6.3, 8.5],
			"faces": {
				"north": {"uv": [0, 13, 0.0625, 13.0625], "texture": "#0"},
				"east": {"uv": [13, 0, 13.0625, 0.0625], "texture": "#0"},
				"south": {"uv": [0.5, 13, 0.5625, 13.0625], "texture": "#0"},
				"west": {"uv": [13, 0.5, 13.0625, 0.5625], "texture": "#0"},
				"up": {"uv": [1.0625, 13.0625, 1, 13], "texture": "#0"},
				"down": {"uv": [13.0625, 1, 13, 1.0625], "texture": "#0"}
			}
		},
		{
			"from": [7.5, 6.2, 8.4],
			"to": [7.6, 6.3, 8.5],
			"faces": {
				"north": {"uv": [13.5, 0, 13.5625, 0.0625], "texture": "#0"},
				"east": {"uv": [0.5, 13.5, 0.5625, 13.5625], "texture": "#0"},
				"south": {"uv": [13.5, 0.5, 13.5625, 0.5625], "texture": "#0"},
				"west": {"uv": [1, 13.5, 1.0625, 13.5625], "texture": "#0"},
				"up": {"uv": [13.5625, 1.0625, 13.5, 1], "texture": "#0"},
				"down": {"uv": [1.5625, 13.5, 1.5, 13.5625], "texture": "#0"}
			}
		},
		{
			"from": [8.4, 6.2, 7.5],
			"to": [8.5, 6.3, 7.6],
			"faces": {
				"north": {"uv": [9, 13, 9.0625, 13.0625], "texture": "#0"},
				"east": {"uv": [13, 9, 13.0625, 9.0625], "texture": "#0"},
				"south": {"uv": [9.5, 13, 9.5625, 13.0625], "texture": "#0"},
				"west": {"uv": [13, 9.5, 13.0625, 9.5625], "texture": "#0"},
				"up": {"uv": [10.0625, 13.0625, 10, 13], "texture": "#0"},
				"down": {"uv": [13.0625, 10, 13, 10.0625], "texture": "#0"}
			}
		},
		{
			"from": [7.6, 6.3, 7.6],
			"to": [7.7, 6.4, 7.7],
			"faces": {
				"north": {"uv": [12.5, 8, 12.5625, 8.0625], "texture": "#0"},
				"east": {"uv": [8.5, 12.5, 8.5625, 12.5625], "texture": "#0"},
				"south": {"uv": [12.5, 8.5, 12.5625, 8.5625], "texture": "#0"},
				"west": {"uv": [9, 12.5, 9.0625, 12.5625], "texture": "#0"},
				"up": {"uv": [12.5625, 9.0625, 12.5, 9], "texture": "#0"},
				"down": {"uv": [9.5625, 12.5, 9.5, 12.5625], "texture": "#0"}
			}
		},
		{
			"from": [8.3, 6.3, 7.6],
			"to": [8.4, 6.4, 7.7],
			"faces": {
				"north": {"uv": [1.5, 13, 1.5625, 13.0625], "texture": "#0"},
				"east": {"uv": [13, 1.5, 13.0625, 1.5625], "texture": "#0"},
				"south": {"uv": [2, 13, 2.0625, 13.0625], "texture": "#0"},
				"west": {"uv": [13, 2, 13.0625, 2.0625], "texture": "#0"},
				"up": {"uv": [2.5625, 13.0625, 2.5, 13], "texture": "#0"},
				"down": {"uv": [13.0625, 2.5, 13, 2.5625], "texture": "#0"}
			}
		},
		{
			"from": [8.3, 6.3, 8.3],
			"to": [8.4, 6.4, 8.4],
			"faces": {
				"north": {"uv": [7.5, 13, 7.5625, 13.0625], "texture": "#0"},
				"east": {"uv": [13, 7.5, 13.0625, 7.5625], "texture": "#0"},
				"south": {"uv": [8, 13, 8.0625, 13.0625], "texture": "#0"},
				"west": {"uv": [13, 8, 13.0625, 8.0625], "texture": "#0"},
				"up": {"uv": [8.5625, 13.0625, 8.5, 13], "texture": "#0"},
				"down": {"uv": [13.0625, 8.5, 13, 8.5625], "texture": "#0"}
			}
		},
		{
			"from": [7.6, 6.3, 8.3],
			"to": [7.7, 6.4, 8.4],
			"faces": {
				"north": {"uv": [12, 13, 12.0625, 13.0625], "texture": "#0"},
				"east": {"uv": [13, 12, 13.0625, 12.0625], "texture": "#0"},
				"south": {"uv": [12.5, 13, 12.5625, 13.0625], "texture": "#0"},
				"west": {"uv": [13, 12.5, 13.0625, 12.5625], "texture": "#0"},
				"up": {"uv": [13.0625, 13.0625, 13, 13], "texture": "#0"},
				"down": {"uv": [0.0625, 13.5, 0, 13.5625], "texture": "#0"}
			}
		},
		{
			"from": [7.7, 6.4, 7.7],
			"to": [7.8, 6.5, 7.8],
			"faces": {
				"north": {"uv": [12.5, 9.5, 12.5625, 9.5625], "texture": "#0"},
				"east": {"uv": [10, 12.5, 10.0625, 12.5625], "texture": "#0"},
				"south": {"uv": [12.5, 10, 12.5625, 10.0625], "texture": "#0"},
				"west": {"uv": [10.5, 12.5, 10.5625, 12.5625], "texture": "#0"},
				"up": {"uv": [12.5625, 10.5625, 12.5, 10.5], "texture": "#0"},
				"down": {"uv": [11.0625, 12.5, 11, 12.5625], "texture": "#0"}
			}
		},
		{
			"from": [8.2, 6.4, 7.7],
			"to": [8.3, 6.5, 7.8],
			"faces": {
				"north": {"uv": [3, 13, 3.0625, 13.0625], "texture": "#0"},
				"east": {"uv": [13, 3, 13.0625, 3.0625], "texture": "#0"},
				"south": {"uv": [3.5, 13, 3.5625, 13.0625], "texture": "#0"},
				"west": {"uv": [13, 3.5, 13.0625, 3.5625], "texture": "#0"},
				"up": {"uv": [4.0625, 13.0625, 4, 13], "texture": "#0"},
				"down": {"uv": [13.0625, 4, 13, 4.0625], "texture": "#0"}
			}
		},
		{
			"from": [8.1, 6.5, 7.8],
			"to": [8.2, 6.6, 7.9],
			"faces": {
				"north": {"uv": [13.5, 3, 13.5625, 3.0625], "texture": "#0"},
				"east": {"uv": [3.5, 13.5, 3.5625, 13.5625], "texture": "#0"},
				"south": {"uv": [13.5, 3.5, 13.5625, 3.5625], "texture": "#0"},
				"west": {"uv": [4, 13.5, 4.0625, 13.5625], "texture": "#0"},
				"up": {"uv": [13.5625, 4.0625, 13.5, 4], "texture": "#0"},
				"down": {"uv": [4.5625, 13.5, 4.5, 13.5625], "texture": "#0"}
			}
		},
		{
			"from": [8.1, 6.5, 8.1],
			"to": [8.2, 6.6, 8.2],
			"faces": {
				"north": {"uv": [13.5, 4.5, 13.5625, 4.5625], "texture": "#0"},
				"east": {"uv": [5, 13.5, 5.0625, 13.5625], "texture": "#0"},
				"south": {"uv": [13.5, 5, 13.5625, 5.0625], "texture": "#0"},
				"west": {"uv": [5.5, 13.5, 5.5625, 13.5625], "texture": "#0"},
				"up": {"uv": [13.5625, 5.5625, 13.5, 5.5], "texture": "#0"},
				"down": {"uv": [6.0625, 13.5, 6, 13.5625], "texture": "#0"}
			}
		},
		{
			"from": [7.8, 6.5, 8.1],
			"to": [7.9, 6.6, 8.2],
			"faces": {
				"north": {"uv": [13.5, 6, 13.5625, 6.0625], "texture": "#0"},
				"east": {"uv": [6.5, 13.5, 6.5625, 13.5625], "texture": "#0"},
				"south": {"uv": [13.5, 6.5, 13.5625, 6.5625], "texture": "#0"},
				"west": {"uv": [7, 13.5, 7.0625, 13.5625], "texture": "#0"},
				"up": {"uv": [13.5625, 7.0625, 13.5, 7], "texture": "#0"},
				"down": {"uv": [7.5625, 13.5, 7.5, 13.5625], "texture": "#0"}
			}
		},
		{
			"from": [7.8, 6.5, 7.8],
			"to": [7.9, 6.6, 7.9],
			"faces": {
				"north": {"uv": [13.5, 7.5, 13.5625, 7.5625], "texture": "#0"},
				"east": {"uv": [8, 13.5, 8.0625, 13.5625], "texture": "#0"},
				"south": {"uv": [13.5, 8, 13.5625, 8.0625], "texture": "#0"},
				"west": {"uv": [8.5, 13.5, 8.5625, 13.5625], "texture": "#0"},
				"up": {"uv": [13.5625, 8.5625, 13.5, 8.5], "texture": "#0"},
				"down": {"uv": [9.0625, 13.5, 9, 13.5625], "texture": "#0"}
			}
		},
		{
			"from": [8.2, 6.4, 8.2],
			"to": [8.3, 6.5, 8.3],
			"faces": {
				"north": {"uv": [4.5, 13, 4.5625, 13.0625], "texture": "#0"},
				"east": {"uv": [13, 4.5, 13.0625, 4.5625], "texture": "#0"},
				"south": {"uv": [5, 13, 5.0625, 13.0625], "texture": "#0"},
				"west": {"uv": [13, 5, 13.0625, 5.0625], "texture": "#0"},
				"up": {"uv": [5.5625, 13.0625, 5.5, 13], "texture": "#0"},
				"down": {"uv": [13.0625, 5.5, 13, 5.5625], "texture": "#0"}
			}
		},
		{
			"from": [7.7, 6.4, 8.2],
			"to": [7.8, 6.5, 8.3],
			"faces": {
				"north": {"uv": [6, 13, 6.0625, 13.0625], "texture": "#0"},
				"east": {"uv": [13, 6, 13.0625, 6.0625], "texture": "#0"},
				"south": {"uv": [6.5, 13, 6.5625, 13.0625], "texture": "#0"},
				"west": {"uv": [13, 6.5, 13.0625, 6.5625], "texture": "#0"},
				"up": {"uv": [7.0625, 13.0625, 7, 13], "texture": "#0"},
				"down": {"uv": [13.0625, 7, 13, 7.0625], "texture": "#0"}
			}
		},
		{
			"from": [7.5, 4.7, 7.5],
			"to": [7.7, 5.2, 7.7],
			"faces": {
				"north": {"uv": [1, 9, 1.125, 9.25], "texture": "#0"},
				"east": {"uv": [9, 1, 9.125, 1.25], "texture": "#0"},
				"south": {"uv": [1.5, 9, 1.625, 9.25], "texture": "#0"},
				"west": {"uv": [9, 1.5, 9.125, 1.75], "texture": "#0"},
				"up": {"uv": [6.625, 12.125, 6.5, 12], "texture": "#0"},
				"down": {"uv": [12.125, 6.5, 12, 6.625], "texture": "#0"}
			}
		},
		{
			"from": [7.4, 5.2, 7.4],
			"to": [7.8, 5.4, 7.8],
			"faces": {
				"north": {"uv": [9, 10, 9.1875, 10.125], "texture": "#0"},
				"east": {"uv": [10, 9, 10.1875, 9.125], "texture": "#0"},
				"south": {"uv": [9.5, 10, 9.6875, 10.125], "texture": "#0"},
				"west": {"uv": [10, 9.5, 10.1875, 9.625], "texture": "#0"},
				"up": {"uv": [1.1875, 8.1875, 1, 8], "texture": "#0"},
				"down": {"uv": [8.1875, 1, 8, 1.1875], "texture": "#0"}
			}
		},
		{
			"from": [7.4, 4.5, 7.4],
			"to": [7.8, 4.7, 7.8],
			"faces": {
				"north": {"uv": [10, 10, 10.1875, 10.125], "texture": "#0"},
				"east": {"uv": [0, 10.5, 0.1875, 10.625], "texture": "#0"},
				"south": {"uv": [10.5, 0, 10.6875, 0.125], "texture": "#0"},
				"west": {"uv": [0.5, 10.5, 0.6875, 10.625], "texture": "#0"},
				"up": {"uv": [1.6875, 8.1875, 1.5, 8], "texture": "#0"},
				"down": {"uv": [8.1875, 1.5, 8, 1.6875], "texture": "#0"}
			}
		},
		{
			"from": [7.5, 3.3, 7.5],
			"to": [7.7, 3.8, 7.7],
			"faces": {
				"north": {"uv": [2, 9, 2.125, 9.25], "texture": "#0"},
				"east": {"uv": [9, 2, 9.125, 2.25], "texture": "#0"},
				"south": {"uv": [2.5, 9, 2.625, 9.25], "texture": "#0"},
				"west": {"uv": [9, 2.5, 9.125, 2.75], "texture": "#0"},
				"up": {"uv": [7.125, 12.125, 7, 12], "texture": "#0"},
				"down": {"uv": [12.125, 7, 12, 7.125], "texture": "#0"}
			}
		},
		{
			"from": [7.4, 3.8, 7.4],
			"to": [7.8, 4, 7.8],
			"faces": {
				"north": {"uv": [10.5, 0.5, 10.6875, 0.625], "texture": "#0"},
				"east": {"uv": [1, 10.5, 1.1875, 10.625], "texture": "#0"},
				"south": {"uv": [10.5, 1, 10.6875, 1.125], "texture": "#0"},
				"west": {"uv": [1.5, 10.5, 1.6875, 10.625], "texture": "#0"},
				"up": {"uv": [2.1875, 8.1875, 2, 8], "texture": "#0"},
				"down": {"uv": [8.1875, 2, 8, 2.1875], "texture": "#0"}
			}
		},
		{
			"from": [7.5, 2.6, 7.5],
			"to": [7.7, 3.1, 7.7],
			"faces": {
				"north": {"uv": [3, 9, 3.125, 9.25], "texture": "#0"},
				"east": {"uv": [9, 3, 9.125, 3.25], "texture": "#0"},
				"south": {"uv": [3.5, 9, 3.625, 9.25], "texture": "#0"},
				"west": {"uv": [9, 3.5, 9.125, 3.75], "texture": "#0"},
				"up": {"uv": [7.625, 12.125, 7.5, 12], "texture": "#0"},
				"down": {"uv": [12.125, 7.5, 12, 7.625], "texture": "#0"}
			}
		},
		{
			"from": [7.4, 3.1, 7.4],
			"to": [7.8, 3.3, 7.8],
			"faces": {
				"north": {"uv": [10.5, 1.5, 10.6875, 1.625], "texture": "#0"},
				"east": {"uv": [2, 10.5, 2.1875, 10.625], "texture": "#0"},
				"south": {"uv": [10.5, 2, 10.6875, 2.125], "texture": "#0"},
				"west": {"uv": [2.5, 10.5, 2.6875, 10.625], "texture": "#0"},
				"up": {"uv": [2.6875, 8.1875, 2.5, 8], "texture": "#0"},
				"down": {"uv": [8.1875, 2.5, 8, 2.6875], "texture": "#0"}
			}
		},
		{
			"from": [7.4, 2.4, 7.4],
			"to": [7.8, 2.6, 7.8],
			"faces": {
				"north": {"uv": [10.5, 2.5, 10.6875, 2.625], "texture": "#0"},
				"east": {"uv": [3, 10.5, 3.1875, 10.625], "texture": "#0"},
				"south": {"uv": [10.5, 3, 10.6875, 3.125], "texture": "#0"},
				"west": {"uv": [3.5, 10.5, 3.6875, 10.625], "texture": "#0"},
				"up": {"uv": [3.1875, 8.1875, 3, 8], "texture": "#0"},
				"down": {"uv": [8.1875, 3, 8, 3.1875], "texture": "#0"}
			}
		},
		{
			"from": [7.4, 2.4, 8.2],
			"to": [7.8, 2.6, 8.6],
			"faces": {
				"north": {"uv": [10.5, 8.5, 10.6875, 8.625], "texture": "#0"},
				"east": {"uv": [9, 10.5, 9.1875, 10.625], "texture": "#0"},
				"south": {"uv": [10.5, 9, 10.6875, 9.125], "texture": "#0"},
				"west": {"uv": [9.5, 10.5, 9.6875, 10.625], "texture": "#0"},
				"up": {"uv": [6.1875, 8.1875, 6, 8], "texture": "#0"},
				"down": {"uv": [8.1875, 6, 8, 6.1875], "texture": "#0"}
			}
		},
		{
			"from": [7.5, 2.6, 8.3],
			"to": [7.7, 3.1, 8.5],
			"faces": {
				"north": {"uv": [6, 9, 6.125, 9.25], "texture": "#0"},
				"east": {"uv": [9, 6, 9.125, 6.25], "texture": "#0"},
				"south": {"uv": [6.5, 9, 6.625, 9.25], "texture": "#0"},
				"west": {"uv": [9, 6.5, 9.125, 6.75], "texture": "#0"},
				"up": {"uv": [9.125, 12.125, 9, 12], "texture": "#0"},
				"down": {"uv": [12.125, 9, 12, 9.125], "texture": "#0"}
			}
		},
		{
			"from": [7.4, 3.1, 8.2],
			"to": [7.8, 3.3, 8.6],
			"faces": {
				"north": {"uv": [10.5, 7.5, 10.6875, 7.625], "texture": "#0"},
				"east": {"uv": [8, 10.5, 8.1875, 10.625], "texture": "#0"},
				"south": {"uv": [10.5, 8, 10.6875, 8.125], "texture": "#0"},
				"west": {"uv": [8.5, 10.5, 8.6875, 10.625], "texture": "#0"},
				"up": {"uv": [5.6875, 8.1875, 5.5, 8], "texture": "#0"},
				"down": {"uv": [8.1875, 5.5, 8, 5.6875], "texture": "#0"}
			}
		},
		{
			"from": [7.5, 3.3, 8.3],
			"to": [7.7, 3.8, 8.5],
			"faces": {
				"north": {"uv": [5, 9, 5.125, 9.25], "texture": "#0"},
				"east": {"uv": [9, 5, 9.125, 5.25], "texture": "#0"},
				"south": {"uv": [5.5, 9, 5.625, 9.25], "texture": "#0"},
				"west": {"uv": [9, 5.5, 9.125, 5.75], "texture": "#0"},
				"up": {"uv": [8.625, 12.125, 8.5, 12], "texture": "#0"},
				"down": {"uv": [12.125, 8.5, 12, 8.625], "texture": "#0"}
			}
		},
		{
			"from": [7.4, 3.8, 8.2],
			"to": [7.8, 4, 8.6],
			"faces": {
				"north": {"uv": [10.5, 6.5, 10.6875, 6.625], "texture": "#0"},
				"east": {"uv": [7, 10.5, 7.1875, 10.625], "texture": "#0"},
				"south": {"uv": [10.5, 7, 10.6875, 7.125], "texture": "#0"},
				"west": {"uv": [7.5, 10.5, 7.6875, 10.625], "texture": "#0"},
				"up": {"uv": [5.1875, 8.1875, 5, 8], "texture": "#0"},
				"down": {"uv": [8.1875, 5, 8, 5.1875], "texture": "#0"}
			}
		},
		{
			"from": [7.5, 4.7, 8.3],
			"to": [7.7, 5.2, 8.5],
			"faces": {
				"north": {"uv": [4, 9, 4.125, 9.25], "texture": "#0"},
				"east": {"uv": [9, 4, 9.125, 4.25], "texture": "#0"},
				"south": {"uv": [4.5, 9, 4.625, 9.25], "texture": "#0"},
				"west": {"uv": [9, 4.5, 9.125, 4.75], "texture": "#0"},
				"up": {"uv": [8.125, 12.125, 8, 12], "texture": "#0"},
				"down": {"uv": [12.125, 8, 12, 8.125], "texture": "#0"}
			}
		},
		{
			"from": [7.4, 4.5, 8.2],
			"to": [7.8, 4.7, 8.6],
			"faces": {
				"north": {"uv": [10.5, 5.5, 10.6875, 5.625], "texture": "#0"},
				"east": {"uv": [6, 10.5, 6.1875, 10.625], "texture": "#0"},
				"south": {"uv": [10.5, 6, 10.6875, 6.125], "texture": "#0"},
				"west": {"uv": [6.5, 10.5, 6.6875, 10.625], "texture": "#0"},
				"up": {"uv": [4.6875, 8.1875, 4.5, 8], "texture": "#0"},
				"down": {"uv": [8.1875, 4.5, 8, 4.6875], "texture": "#0"}
			}
		},
		{
			"from": [7.4, 5.2, 8.2],
			"to": [7.8, 5.4, 8.6],
			"faces": {
				"north": {"uv": [10.5, 4.5, 10.6875, 4.625], "texture": "#0"},
				"east": {"uv": [5, 10.5, 5.1875, 10.625], "texture": "#0"},
				"south": {"uv": [10.5, 5, 10.6875, 5.125], "texture": "#0"},
				"west": {"uv": [5.5, 10.5, 5.6875, 10.625], "texture": "#0"},
				"up": {"uv": [4.1875, 8.1875, 4, 8], "texture": "#0"},
				"down": {"uv": [8.1875, 4, 8, 4.1875], "texture": "#0"}
			}
		},
		{
			"from": [7.4, 5.9, 8.2],
			"to": [7.8, 6.1, 8.6],
			"faces": {
				"north": {"uv": [10.5, 3.5, 10.6875, 3.625], "texture": "#0"},
				"east": {"uv": [4, 10.5, 4.1875, 10.625], "texture": "#0"},
				"south": {"uv": [10.5, 4, 10.6875, 4.125], "texture": "#0"},
				"west": {"uv": [4.5, 10.5, 4.6875, 10.625], "texture": "#0"},
				"up": {"uv": [3.6875, 8.1875, 3.5, 8], "texture": "#0"},
				"down": {"uv": [8.1875, 3.5, 8, 3.6875], "texture": "#0"}
			}
		},
		{
			"from": [8.2, 2.4, 8.2],
			"to": [8.6, 2.6, 8.6],
			"faces": {
				"north": {"uv": [4, 11, 4.1875, 11.125], "texture": "#0"},
				"east": {"uv": [11, 4, 11.1875, 4.125], "texture": "#0"},
				"south": {"uv": [4.5, 11, 4.6875, 11.125], "texture": "#0"},
				"west": {"uv": [11, 4.5, 11.1875, 4.625], "texture": "#0"},
				"up": {"uv": [8.6875, 0.6875, 8.5, 0.5], "texture": "#0"},
				"down": {"uv": [1.1875, 8.5, 1, 8.6875], "texture": "#0"}
			}
		},
		{
			"from": [8.3, 2.6, 8.3],
			"to": [8.5, 3.1, 8.5],
			"faces": {
				"north": {"uv": [9, 9, 9.125, 9.25], "texture": "#0"},
				"east": {"uv": [0, 9.5, 0.125, 9.75], "texture": "#0"},
				"south": {"uv": [9.5, 0, 9.625, 0.25], "texture": "#0"},
				"west": {"uv": [0.5, 9.5, 0.625, 9.75], "texture": "#0"},
				"up": {"uv": [10.625, 12.125, 10.5, 12], "texture": "#0"},
				"down": {"uv": [12.125, 10.5, 12, 10.625], "texture": "#0"}
			}
		},
		{
			"from": [8.2, 3.1, 8.2],
			"to": [8.6, 3.3, 8.6],
			"faces": {
				"north": {"uv": [3, 11, 3.1875, 11.125], "texture": "#0"},
				"east": {"uv": [11, 3, 11.1875, 3.125], "texture": "#0"},
				"south": {"uv": [3.5, 11, 3.6875, 11.125], "texture": "#0"},
				"west": {"uv": [11, 3.5, 11.1875, 3.625], "texture": "#0"},
				"up": {"uv": [8.6875, 0.1875, 8.5, 0], "texture": "#0"},
				"down": {"uv": [0.6875, 8.5, 0.5, 8.6875], "texture": "#0"}
			}
		},
		{
			"from": [8.3, 3.3, 8.3],
			"to": [8.5, 3.8, 8.5],
			"faces": {
				"north": {"uv": [8, 9, 8.125, 9.25], "texture": "#0"},
				"east": {"uv": [9, 8, 9.125, 8.25], "texture": "#0"},
				"south": {"uv": [8.5, 9, 8.625, 9.25], "texture": "#0"},
				"west": {"uv": [9, 8.5, 9.125, 8.75], "texture": "#0"},
				"up": {"uv": [10.125, 12.125, 10, 12], "texture": "#0"},
				"down": {"uv": [12.125, 10, 12, 10.125], "texture": "#0"}
			}
		},
		{
			"from": [8.2, 3.8, 8.2],
			"to": [8.6, 4, 8.6],
			"faces": {
				"north": {"uv": [2, 11, 2.1875, 11.125], "texture": "#0"},
				"east": {"uv": [11, 2, 11.1875, 2.125], "texture": "#0"},
				"south": {"uv": [2.5, 11, 2.6875, 11.125], "texture": "#0"},
				"west": {"uv": [11, 2.5, 11.1875, 2.625], "texture": "#0"},
				"up": {"uv": [8.1875, 8.1875, 8, 8], "texture": "#0"},
				"down": {"uv": [0.1875, 8.5, 0, 8.6875], "texture": "#0"}
			}
		},
		{
			"from": [8.3, 4.7, 8.3],
			"to": [8.5, 5.2, 8.5],
			"faces": {
				"north": {"uv": [7, 9, 7.125, 9.25], "texture": "#0"},
				"east": {"uv": [9, 7, 9.125, 7.25], "texture": "#0"},
				"south": {"uv": [7.5, 9, 7.625, 9.25], "texture": "#0"},
				"west": {"uv": [9, 7.5, 9.125, 7.75], "texture": "#0"},
				"up": {"uv": [9.625, 12.125, 9.5, 12], "texture": "#0"},
				"down": {"uv": [12.125, 9.5, 12, 9.625], "texture": "#0"}
			}
		},
		{
			"from": [8.2, 4.5, 8.2],
			"to": [8.6, 4.7, 8.6],
			"faces": {
				"north": {"uv": [1, 11, 1.1875, 11.125], "texture": "#0"},
				"east": {"uv": [11, 1, 11.1875, 1.125], "texture": "#0"},
				"south": {"uv": [1.5, 11, 1.6875, 11.125], "texture": "#0"},
				"west": {"uv": [11, 1.5, 11.1875, 1.625], "texture": "#0"},
				"up": {"uv": [7.6875, 8.1875, 7.5, 8], "texture": "#0"},
				"down": {"uv": [8.1875, 7.5, 8, 7.6875], "texture": "#0"}
			}
		},
		{
			"from": [8.2, 5.2, 8.2],
			"to": [8.6, 5.4, 8.6],
			"faces": {
				"north": {"uv": [0, 11, 0.1875, 11.125], "texture": "#0"},
				"east": {"uv": [11, 0, 11.1875, 0.125], "texture": "#0"},
				"south": {"uv": [0.5, 11, 0.6875, 11.125], "texture": "#0"},
				"west": {"uv": [11, 0.5, 11.1875, 0.625], "texture": "#0"},
				"up": {"uv": [7.1875, 8.1875, 7, 8], "texture": "#0"},
				"down": {"uv": [8.1875, 7, 8, 7.1875], "texture": "#0"}
			}
		},
		{
			"from": [8.2, 5.9, 8.2],
			"to": [8.6, 6.1, 8.6],
			"faces": {
				"north": {"uv": [10.5, 9.5, 10.6875, 9.625], "texture": "#0"},
				"east": {"uv": [10, 10.5, 10.1875, 10.625], "texture": "#0"},
				"south": {"uv": [10.5, 10, 10.6875, 10.125], "texture": "#0"},
				"west": {"uv": [10.5, 10.5, 10.6875, 10.625], "texture": "#0"},
				"up": {"uv": [6.6875, 8.1875, 6.5, 8], "texture": "#0"},
				"down": {"uv": [8.1875, 6.5, 8, 6.6875], "texture": "#0"}
			}
		},
		{
			"from": [8.2, 2.4, 7.4],
			"to": [8.6, 2.6, 7.8],
			"faces": {
				"north": {"uv": [10, 11, 10.1875, 11.125], "texture": "#0"},
				"east": {"uv": [11, 10, 11.1875, 10.125], "texture": "#0"},
				"south": {"uv": [10.5, 11, 10.6875, 11.125], "texture": "#0"},
				"west": {"uv": [11, 10.5, 11.1875, 10.625], "texture": "#0"},
				"up": {"uv": [8.6875, 3.6875, 8.5, 3.5], "texture": "#0"},
				"down": {"uv": [4.1875, 8.5, 4, 8.6875], "texture": "#0"}
			}
		},
		{
			"from": [8.3, 2.6, 7.5],
			"to": [8.5, 3.1, 7.7],
			"faces": {
				"north": {"uv": [9.5, 2.5, 9.625, 2.75], "texture": "#0"},
				"east": {"uv": [3, 9.5, 3.125, 9.75], "texture": "#0"},
				"south": {"uv": [9.5, 3, 9.625, 3.25], "texture": "#0"},
				"west": {"uv": [3.5, 9.5, 3.625, 9.75], "texture": "#0"},
				"up": {"uv": [12.125, 12.125, 12, 12], "texture": "#0"},
				"down": {"uv": [0.125, 12.5, 0, 12.625], "texture": "#0"}
			}
		},
		{
			"from": [8.2, 3.1, 7.4],
			"to": [8.6, 3.3, 7.8],
			"faces": {
				"north": {"uv": [9, 11, 9.1875, 11.125], "texture": "#0"},
				"east": {"uv": [11, 9, 11.1875, 9.125], "texture": "#0"},
				"south": {"uv": [9.5, 11, 9.6875, 11.125], "texture": "#0"},
				"west": {"uv": [11, 9.5, 11.1875, 9.625], "texture": "#0"},
				"up": {"uv": [8.6875, 3.1875, 8.5, 3], "texture": "#0"},
				"down": {"uv": [3.6875, 8.5, 3.5, 8.6875], "texture": "#0"}
			}
		},
		{
			"from": [8.3, 3.3, 7.5],
			"to": [8.5, 3.8, 7.7],
			"faces": {
				"north": {"uv": [9.5, 1.5, 9.625, 1.75], "texture": "#0"},
				"east": {"uv": [2, 9.5, 2.125, 9.75], "texture": "#0"},
				"south": {"uv": [9.5, 2, 9.625, 2.25], "texture": "#0"},
				"west": {"uv": [2.5, 9.5, 2.625, 9.75], "texture": "#0"},
				"up": {"uv": [11.625, 12.125, 11.5, 12], "texture": "#0"},
				"down": {"uv": [12.125, 11.5, 12, 11.625], "texture": "#0"}
			}
		},
		{
			"from": [8.2, 3.8, 7.4],
			"to": [8.6, 4, 7.8],
			"faces": {
				"north": {"uv": [8, 11, 8.1875, 11.125], "texture": "#0"},
				"east": {"uv": [11, 8, 11.1875, 8.125], "texture": "#0"},
				"south": {"uv": [8.5, 11, 8.6875, 11.125], "texture": "#0"},
				"west": {"uv": [11, 8.5, 11.1875, 8.625], "texture": "#0"},
				"up": {"uv": [8.6875, 2.6875, 8.5, 2.5], "texture": "#0"},
				"down": {"uv": [3.1875, 8.5, 3, 8.6875], "texture": "#0"}
			}
		},
		{
			"from": [8.3, 4.7, 7.5],
			"to": [8.5, 5.2, 7.7],
			"faces": {
				"north": {"uv": [9.5, 0.5, 9.625, 0.75], "texture": "#0"},
				"east": {"uv": [1, 9.5, 1.125, 9.75], "texture": "#0"},
				"south": {"uv": [9.5, 1, 9.625, 1.25], "texture": "#0"},
				"west": {"uv": [1.5, 9.5, 1.625, 9.75], "texture": "#0"},
				"up": {"uv": [11.125, 12.125, 11, 12], "texture": "#0"},
				"down": {"uv": [12.125, 11, 12, 11.125], "texture": "#0"}
			}
		},
		{
			"from": [8.2, 4.5, 7.4],
			"to": [8.6, 4.7, 7.8],
			"faces": {
				"north": {"uv": [7, 11, 7.1875, 11.125], "texture": "#0"},
				"east": {"uv": [11, 7, 11.1875, 7.125], "texture": "#0"},
				"south": {"uv": [7.5, 11, 7.6875, 11.125], "texture": "#0"},
				"west": {"uv": [11, 7.5, 11.1875, 7.625], "texture": "#0"},
				"up": {"uv": [8.6875, 2.1875, 8.5, 2], "texture": "#0"},
				"down": {"uv": [2.6875, 8.5, 2.5, 8.6875], "texture": "#0"}
			}
		},
		{
			"from": [8.2, 5.2, 7.4],
			"to": [8.6, 5.4, 7.8],
			"faces": {
				"north": {"uv": [6, 11, 6.1875, 11.125], "texture": "#0"},
				"east": {"uv": [11, 6, 11.1875, 6.125], "texture": "#0"},
				"south": {"uv": [6.5, 11, 6.6875, 11.125], "texture": "#0"},
				"west": {"uv": [11, 6.5, 11.1875, 6.625], "texture": "#0"},
				"up": {"uv": [8.6875, 1.6875, 8.5, 1.5], "texture": "#0"},
				"down": {"uv": [2.1875, 8.5, 2, 8.6875], "texture": "#0"}
			}
		},
		{
			"from": [8.2, 5.9, 7.4],
			"to": [8.6, 6.1, 7.8],
			"faces": {
				"north": {"uv": [5, 11, 5.1875, 11.125], "texture": "#0"},
				"east": {"uv": [11, 5, 11.1875, 5.125], "texture": "#0"},
				"south": {"uv": [5.5, 11, 5.6875, 11.125], "texture": "#0"},
				"west": {"uv": [11, 5.5, 11.1875, 5.625], "texture": "#0"},
				"up": {"uv": [8.6875, 1.1875, 8.5, 1], "texture": "#0"},
				"down": {"uv": [1.6875, 8.5, 1.5, 8.6875], "texture": "#0"}
			}
		},
		{
			"from": [9.1, 1.4, 7.9],
			"to": [9.3, 1.6, 8.1],
			"faces": {
				"north": {"uv": [11.5, 5.5, 11.625, 5.625], "texture": "#0"},
				"east": {"uv": [6, 11.5, 6.125, 11.625], "texture": "#0"},
				"south": {"uv": [11.5, 6, 11.625, 6.125], "texture": "#0"},
				"west": {"uv": [6.5, 11.5, 6.625, 11.625], "texture": "#0"},
				"up": {"uv": [11.625, 6.625, 11.5, 6.5], "texture": "#0"},
				"down": {"uv": [7.125, 11.5, 7, 11.625], "texture": "#0"}
			}
		},
		{
			"from": [8.9, 1.6, 7.9],
			"to": [9.1, 1.8, 8.1],
			"faces": {
				"north": {"uv": [11.5, 8.5, 11.625, 8.625], "texture": "#0"},
				"east": {"uv": [9, 11.5, 9.125, 11.625], "texture": "#0"},
				"south": {"uv": [11.5, 9, 11.625, 9.125], "texture": "#0"},
				"west": {"uv": [9.5, 11.5, 9.625, 11.625], "texture": "#0"},
				"up": {"uv": [11.625, 9.625, 11.5, 9.5], "texture": "#0"},
				"down": {"uv": [10.125, 11.5, 10, 11.625], "texture": "#0"}
			}
		},
		{
			"from": [8.7, 1.8, 7.9],
			"to": [8.9, 2, 8.1],
			"faces": {
				"north": {"uv": [11.5, 10, 11.625, 10.125], "texture": "#0"},
				"east": {"uv": [10.5, 11.5, 10.625, 11.625], "texture": "#0"},
				"south": {"uv": [11.5, 10.5, 11.625, 10.625], "texture": "#0"},
				"west": {"uv": [11, 11.5, 11.125, 11.625], "texture": "#0"},
				"up": {"uv": [11.625, 11.125, 11.5, 11], "texture": "#0"},
				"down": {"uv": [11.625, 11.5, 11.5, 11.625], "texture": "#0"}
			}
		},
		{
			"from": [7.1, 1.8, 7.9],
			"to": [7.3, 2, 8.1],
			"faces": {
				"north": {"uv": [0, 12, 0.125, 12.125], "texture": "#0"},
				"east": {"uv": [12, 0, 12.125, 0.125], "texture": "#0"},
				"south": {"uv": [0.5, 12, 0.625, 12.125], "texture": "#0"},
				"west": {"uv": [12, 0.5, 12.125, 0.625], "texture": "#0"},
				"up": {"uv": [1.125, 12.125, 1, 12], "texture": "#0"},
				"down": {"uv": [12.125, 1, 12, 1.125], "texture": "#0"}
			}
		},
		{
			"from": [6.9, 1.6, 7.9],
			"to": [7.1, 1.8, 8.1],
			"faces": {
				"north": {"uv": [1.5, 12, 1.625, 12.125], "texture": "#0"},
				"east": {"uv": [12, 1.5, 12.125, 1.625], "texture": "#0"},
				"south": {"uv": [2, 12, 2.125, 12.125], "texture": "#0"},
				"west": {"uv": [12, 2, 12.125, 2.125], "texture": "#0"},
				"up": {"uv": [2.625, 12.125, 2.5, 12], "texture": "#0"},
				"down": {"uv": [12.125, 2.5, 12, 2.625], "texture": "#0"}
			}
		}
	],
	"display": {
		"thirdperson_righthand": {
			"rotation": [0, -90, 0],
			"translation": [0, 11.5, 2.5],
			"scale": [1.5, 1.5, 1.5]
		},
		"thirdperson_lefthand": {
			"rotation": [0, 90, 0],
			"translation": [0, 11.5, 2.5],
			"scale": [1.5, 1.5, 1.5]
		},
		"firstperson_righthand": {
			"rotation": [-29.25, 90, 0],
			"translation": [0.25, 6, 0],
			"scale": [1.5, 1.5, 1.5]
		},
		"firstperson_lefthand": {
			"rotation": [-29.25, 90, 0],
			"translation": [0.25, 6, 0],
			"scale": [1.5, 1.5, 1.5]
		},
		"ground": {
			"translation": [0, 9.75, 0],
			"scale": [1.5, 1.5, 1.5]
		},
		"gui": {
			"rotation": [0, 0, -45],
			"translation": [1, 0.5, 0],
			"scale": [1.2, 1.2, 1.2]
		},
		"head": {
			"rotation": [150.25, 0, 0],
			"translation": [0, 5, -3],
			"scale": [1.7, 1.7, 1.7]
		},
		"fixed": {
			"translation": [0, 2.5, 0],
			"scale": [1.5, 1.5, 1.5]
		}
	}
}