{
	"credit": "Made with Blockbench",
	"texture_size": [64, 64],
	"textures": {
		"0": "item/iron_sword",
		"particle": "item/iron_sword"
	},
	"elements": [
		{
			"from": [9, 0.7, 7.7],
			"to": [9.6, 1.7, 8.3],
			"faces": {
				"north": {"uv": [2, 0.75, 2.15625, 1], "texture": "#0"},
				"east": {"uv": [1, 2, 1.15625, 2.25], "texture": "#0"},
				"south": {"uv": [2, 1, 2.15625, 1.25], "texture": "#0"},
				"west": {"uv": [1.25, 2, 1.40625, 2.25], "texture": "#0"},
				"up": {"uv": [2.65625, 0.90625, 2.5, 0.75], "texture": "#0"},
				"down": {"uv": [2.65625, 1, 2.5, 1.15625], "texture": "#0"}
			}
		},
		{
			"from": [6.4, 0.7, 7.7],
			"to": [7, 1.7, 8.3],
			"faces": {
				"north": {"uv": [2, 1.25, 2.15625, 1.5], "texture": "#0"},
				"east": {"uv": [1.5, 2, 1.65625, 2.25], "texture": "#0"},
				"south": {"uv": [2, 1.5, 2.15625, 1.75], "texture": "#0"},
				"west": {"uv": [2, 1.75, 2.15625, 2], "texture": "#0"},
				"up": {"uv": [1.40625, 2.65625, 1.25, 2.5], "texture": "#0"},
				"down": {"uv": [2.65625, 1.25, 2.5, 1.40625], "texture": "#0"}
			}
		},
		{
			"from": [6.5, 1.7, 7.8],
			"to": [6.9, 1.9, 8.2],
			"faces": {
				"north": {"uv": [5.25, 0.75, 5.34375, 0.8125], "texture": "#0"},
				"east": {"uv": [1, 5.25, 1.09375, 5.3125], "texture": "#0"},
				"south": {"uv": [5.25, 1, 5.34375, 1.0625], "texture": "#0"},
				"west": {"uv": [1.25, 5.25, 1.34375, 5.3125], "texture": "#0"},
				"up": {"uv": [4.34375, 3.34375, 4.25, 3.25], "texture": "#0"},
				"down": {"uv": [3.59375, 4.25, 3.5, 4.34375], "texture": "#0"}
			}
		},
		{
			"from": [9.1, 1.7, 7.8],
			"to": [9.5, 1.9, 8.2],
			"faces": {
				"north": {"uv": [5.25, 1.25, 5.34375, 1.3125], "texture": "#0"},
				"east": {"uv": [1.5, 5.25, 1.59375, 5.3125], "texture": "#0"},
				"south": {"uv": [5.25, 1.5, 5.34375, 1.5625], "texture": "#0"},
				"west": {"uv": [1.75, 5.25, 1.84375, 5.3125], "texture": "#0"},
				"up": {"uv": [4.34375, 3.59375, 4.25, 3.5], "texture": "#0"},
				"down": {"uv": [3.84375, 4.25, 3.75, 4.34375], "texture": "#0"}
			}
		},
		{
			"from": [7.8, 2.1, 7.8],
			"to": [8.2, 2.3, 8.2],
			"faces": {
				"north": {"uv": [5.25, 1.75, 5.34375, 1.8125], "texture": "#0"},
				"east": {"uv": [2, 5.25, 2.09375, 5.3125], "texture": "#0"},
				"south": {"uv": [5.25, 2, 5.34375, 2.0625], "texture": "#0"},
				"west": {"uv": [2.25, 5.25, 2.34375, 5.3125], "texture": "#0"},
				"up": {"uv": [4.34375, 3.84375, 4.25, 3.75], "texture": "#0"},
				"down": {"uv": [4.09375, 4.25, 4, 4.34375], "texture": "#0"}
			}
		},
		{
			"from": [7.8, 0.5, 7.8],
			"to": [8.2, 0.7, 8.2],
			"faces": {
				"north": {"uv": [5.25, 2.25, 5.34375, 2.3125], "texture": "#0"},
				"east": {"uv": [2.5, 5.25, 2.59375, 5.3125], "texture": "#0"},
				"south": {"uv": [5.25, 2.5, 5.34375, 2.5625], "texture": "#0"},
				"west": {"uv": [2.75, 5.25, 2.84375, 5.3125], "texture": "#0"},
				"up": {"uv": [4.34375, 4.09375, 4.25, 4], "texture": "#0"},
				"down": {"uv": [4.34375, 4.25, 4.25, 4.34375], "texture": "#0"}
			}
		},
		{
			"from": [6.5, 0.5, 7.8],
			"to": [6.9, 0.7, 8.2],
			"faces": {
				"north": {"uv": [5.25, 2.75, 5.34375, 2.8125], "texture": "#0"},
				"east": {"uv": [3, 5.25, 3.09375, 5.3125], "texture": "#0"},
				"south": {"uv": [5.25, 3, 5.34375, 3.0625], "texture": "#0"},
				"west": {"uv": [3.25, 5.25, 3.34375, 5.3125], "texture": "#0"},
				"up": {"uv": [0.09375, 4.59375, 0, 4.5], "texture": "#0"},
				"down": {"uv": [4.59375, 0, 4.5, 0.09375], "texture": "#0"}
			}
		},
		{
			"from": [9.1, 0.5, 7.8],
			"to": [9.5, 0.7, 8.2],
			"faces": {
				"north": {"uv": [5.25, 3.25, 5.34375, 3.3125], "texture": "#0"},
				"east": {"uv": [3.5, 5.25, 3.59375, 5.3125], "texture": "#0"},
				"south": {"uv": [5.25, 3.5, 5.34375, 3.5625], "texture": "#0"},
				"west": {"uv": [3.75, 5.25, 3.84375, 5.3125], "texture": "#0"},
				"up": {"uv": [0.34375, 4.59375, 0.25, 4.5], "texture": "#0"},
				"down": {"uv": [4.59375, 0.25, 4.5, 0.34375], "texture": "#0"}
			}
		},
		{
			"from": [9.2, 0.3, 7.9],
			"to": [9.4, 0.5, 8.1],
			"faces": {
				"north": {"uv": [6.75, 3, 6.8125, 3.0625], "texture": "#0"},
				"east": {"uv": [3.25, 6.75, 3.3125, 6.8125], "texture": "#0"},
				"south": {"uv": [6.75, 3.25, 6.8125, 3.3125], "texture": "#0"},
				"west": {"uv": [3.5, 6.75, 3.5625, 6.8125], "texture": "#0"},
				"up": {"uv": [6.8125, 3.5625, 6.75, 3.5], "texture": "#0"},
				"down": {"uv": [3.8125, 6.75, 3.75, 6.8125], "texture": "#0"}
			}
		},
		{
			"from": [7.9, 0.3, 7.9],
			"to": [8.1, 0.5, 8.1],
			"faces": {
				"north": {"uv": [6.75, 3.75, 6.8125, 3.8125], "texture": "#0"},
				"east": {"uv": [4, 6.75, 4.0625, 6.8125], "texture": "#0"},
				"south": {"uv": [6.75, 4, 6.8125, 4.0625], "texture": "#0"},
				"west": {"uv": [4.25, 6.75, 4.3125, 6.8125], "texture": "#0"},
				"up": {"uv": [6.8125, 4.3125, 6.75, 4.25], "texture": "#0"},
				"down": {"uv": [4.5625, 6.75, 4.5, 6.8125], "texture": "#0"}
			}
		},
		{
			"from": [6.6, 0.3, 7.9],
			"to": [6.8, 0.5, 8.1],
			"faces": {
				"north": {"uv": [6.75, 4.5, 6.8125, 4.5625], "texture": "#0"},
				"east": {"uv": [4.75, 6.75, 4.8125, 6.8125], "texture": "#0"},
				"south": {"uv": [6.75, 4.75, 6.8125, 4.8125], "texture": "#0"},
				"west": {"uv": [5, 6.75, 5.0625, 6.8125], "texture": "#0"},
				"up": {"uv": [6.8125, 5.0625, 6.75, 5], "texture": "#0"},
				"down": {"uv": [5.3125, 6.75, 5.25, 6.8125], "texture": "#0"}
			}
		},
		{
			"from": [6.7, 1.9, 7.9],
			"to": [6.9, 2.1, 8.1],
			"faces": {
				"north": {"uv": [6.75, 5.25, 6.8125, 5.3125], "texture": "#0"},
				"east": {"uv": [5.5, 6.75, 5.5625, 6.8125], "texture": "#0"},
				"south": {"uv": [6.75, 5.5, 6.8125, 5.5625], "texture": "#0"},
				"west": {"uv": [5.75, 6.75, 5.8125, 6.8125], "texture": "#0"},
				"up": {"uv": [6.8125, 5.8125, 6.75, 5.75], "texture": "#0"},
				"down": {"uv": [6.0625, 6.75, 6, 6.8125], "texture": "#0"}
			}
		},
		{
			"from": [6.9, 2.1, 7.9],
			"to": [7.1, 2.3, 8.1],
			"faces": {
				"north": {"uv": [6.75, 6, 6.8125, 6.0625], "texture": "#0"},
				"east": {"uv": [6.25, 6.75, 6.3125, 6.8125], "texture": "#0"},
				"south": {"uv": [6.75, 6.25, 6.8125, 6.3125], "texture": "#0"},
				"west": {"uv": [6.5, 6.75, 6.5625, 6.8125], "texture": "#0"},
				"up": {"uv": [6.8125, 6.5625, 6.75, 6.5], "texture": "#0"},
				"down": {"uv": [6.8125, 6.75, 6.75, 6.8125], "texture": "#0"}
			}
		},
		{
			"from": [7.1, 2.3, 7.9],
			"to": [7.3, 2.5, 8.1],
			"faces": {
				"north": {"uv": [0, 7, 0.0625, 7.0625], "texture": "#0"},
				"east": {"uv": [7, 0, 7.0625, 0.0625], "texture": "#0"},
				"south": {"uv": [0.25, 7, 0.3125, 7.0625], "texture": "#0"},
				"west": {"uv": [7, 0.25, 7.0625, 0.3125], "texture": "#0"},
				"up": {"uv": [0.5625, 7.0625, 0.5, 7], "texture": "#0"},
				"down": {"uv": [7.0625, 0.5, 7, 0.5625], "texture": "#0"}
			}
		},
		{
			"from": [7.3, 2.5, 7.9],
			"to": [7.7, 2.7, 8.1],
			"faces": {
				"north": {"uv": [5.25, 3.75, 5.34375, 3.8125], "texture": "#0"},
				"east": {"uv": [0.75, 7, 0.8125, 7.0625], "texture": "#0"},
				"south": {"uv": [4, 5.25, 4.09375, 5.3125], "texture": "#0"},
				"west": {"uv": [7, 0.75, 7.0625, 0.8125], "texture": "#0"},
				"up": {"uv": [5.34375, 4.0625, 5.25, 4], "texture": "#0"},
				"down": {"uv": [4.34375, 5.25, 4.25, 5.3125], "texture": "#0"}
			}
		},
		{
			"from": [8.3, 2.5, 7.9],
			"to": [8.7, 2.7, 8.1],
			"faces": {
				"north": {"uv": [5.25, 4.25, 5.34375, 4.3125], "texture": "#0"},
				"east": {"uv": [1, 7, 1.0625, 7.0625], "texture": "#0"},
				"south": {"uv": [4.5, 5.25, 4.59375, 5.3125], "texture": "#0"},
				"west": {"uv": [7, 1, 7.0625, 1.0625], "texture": "#0"},
				"up": {"uv": [5.34375, 4.5625, 5.25, 4.5], "texture": "#0"},
				"down": {"uv": [4.84375, 5.25, 4.75, 5.3125], "texture": "#0"}
			}
		},
		{
			"from": [7.7, 2.7, 7.9],
			"to": [8.3, 2.9, 8.1],
			"faces": {
				"north": {"uv": [3.25, 0.5, 3.40625, 0.5625], "texture": "#0"},
				"east": {"uv": [1.25, 7, 1.3125, 7.0625], "texture": "#0"},
				"south": {"uv": [3.25, 0.75, 3.40625, 0.8125], "texture": "#0"},
				"west": {"uv": [7, 1.25, 7.0625, 1.3125], "texture": "#0"},
				"up": {"uv": [1.15625, 3.3125, 1, 3.25], "texture": "#0"},
				"down": {"uv": [3.40625, 1, 3.25, 1.0625], "texture": "#0"}
			}
		},
		{
			"from": [7.8, 2.9, 7.8],
			"to": [8.2, 3.1, 8.2],
			"faces": {
				"north": {"uv": [5.25, 4.75, 5.34375, 4.8125], "texture": "#0"},
				"east": {"uv": [5, 5.25, 5.09375, 5.3125], "texture": "#0"},
				"south": {"uv": [5.25, 5, 5.34375, 5.0625], "texture": "#0"},
				"west": {"uv": [5.25, 5.25, 5.34375, 5.3125], "texture": "#0"},
				"up": {"uv": [0.59375, 4.59375, 0.5, 4.5], "texture": "#0"},
				"down": {"uv": [4.59375, 0.5, 4.5, 0.59375], "texture": "#0"}
			}
		},
		{
			"from": [7.4, 2.9, 8.2],
			"to": [7.8, 3.1, 8.6],
			"faces": {
				"north": {"uv": [0, 5.5, 0.09375, 5.5625], "texture": "#0"},
				"east": {"uv": [5.5, 0, 5.59375, 0.0625], "texture": "#0"},
				"south": {"uv": [0.25, 5.5, 0.34375, 5.5625], "texture": "#0"},
				"west": {"uv": [5.5, 0.25, 5.59375, 0.3125], "texture": "#0"},
				"up": {"uv": [0.84375, 4.59375, 0.75, 4.5], "texture": "#0"},
				"down": {"uv": [4.59375, 0.75, 4.5, 0.84375], "texture": "#0"}
			}
		},
		{
			"from": [7.9, 3.1, 7.9],
			"to": [8.1, 3.7, 8.1],
			"faces": {
				"north": {"uv": [1.25, 3.25, 1.3125, 3.40625], "texture": "#0"},
				"east": {"uv": [3.25, 1.25, 3.3125, 1.40625], "texture": "#0"},
				"south": {"uv": [1.5, 3.25, 1.5625, 3.40625], "texture": "#0"},
				"west": {"uv": [3.25, 1.5, 3.3125, 1.65625], "texture": "#0"},
				"up": {"uv": [1.5625, 7.0625, 1.5, 7], "texture": "#0"},
				"down": {"uv": [7.0625, 1.5, 7, 1.5625], "texture": "#0"}
			}
		},
		{
			"from": [7.8, 3.7, 7.8],
			"to": [8.2, 3.9, 8.2],
			"faces": {
				"north": {"uv": [0.5, 5.5, 0.59375, 5.5625], "texture": "#0"},
				"east": {"uv": [5.5, 0.5, 5.59375, 0.5625], "texture": "#0"},
				"south": {"uv": [0.75, 5.5, 0.84375, 5.5625], "texture": "#0"},
				"west": {"uv": [5.5, 0.75, 5.59375, 0.8125], "texture": "#0"},
				"up": {"uv": [1.09375, 4.59375, 1, 4.5], "texture": "#0"},
				"down": {"uv": [4.59375, 1, 4.5, 1.09375], "texture": "#0"}
			}
		},
		{
			"from": [7.9, 3.9, 7.9],
			"to": [8.1, 4.5, 8.1],
			"faces": {
				"north": {"uv": [2.25, 3.25, 2.3125, 3.40625], "texture": "#0"},
				"east": {"uv": [2.5, 3.25, 2.5625, 3.40625], "texture": "#0"},
				"south": {"uv": [3.25, 2.5, 3.3125, 2.65625], "texture": "#0"},
				"west": {"uv": [2.75, 3.25, 2.8125, 3.40625], "texture": "#0"},
				"up": {"uv": [1.8125, 7.0625, 1.75, 7], "texture": "#0"},
				"down": {"uv": [7.0625, 1.75, 7, 1.8125], "texture": "#0"}
			}
		},
		{
			"from": [7.8, 4.5, 7.8],
			"to": [8.2, 4.7, 8.2],
			"faces": {
				"north": {"uv": [1, 5.5, 1.09375, 5.5625], "texture": "#0"},
				"east": {"uv": [5.5, 1, 5.59375, 1.0625], "texture": "#0"},
				"south": {"uv": [1.25, 5.5, 1.34375, 5.5625], "texture": "#0"},
				"west": {"uv": [5.5, 1.25, 5.59375, 1.3125], "texture": "#0"},
				"up": {"uv": [1.34375, 4.59375, 1.25, 4.5], "texture": "#0"},
				"down": {"uv": [4.59375, 1.25, 4.5, 1.34375], "texture": "#0"}
			}
		},
		{
			"from": [7.9, 4.7, 7.9],
			"to": [8.1, 5.3, 8.1],
			"faces": {
				"north": {"uv": [3.25, 2.75, 3.3125, 2.90625], "texture": "#0"},
				"east": {"uv": [3, 3.25, 3.0625, 3.40625], "texture": "#0"},
				"south": {"uv": [3.25, 3, 3.3125, 3.15625], "texture": "#0"},
				"west": {"uv": [3.25, 3.25, 3.3125, 3.40625], "texture": "#0"},
				"up": {"uv": [2.0625, 7.0625, 2, 7], "texture": "#0"},
				"down": {"uv": [7.0625, 2, 7, 2.0625], "texture": "#0"}
			}
		},
		{
			"from": [7.8, 5.3, 7.8],
			"to": [8.2, 5.5, 8.2],
			"faces": {
				"north": {"uv": [1.5, 5.5, 1.59375, 5.5625], "texture": "#0"},
				"east": {"uv": [5.5, 1.5, 5.59375, 1.5625], "texture": "#0"},
				"south": {"uv": [1.75, 5.5, 1.84375, 5.5625], "texture": "#0"},
				"west": {"uv": [5.5, 1.75, 5.59375, 1.8125], "texture": "#0"},
				"up": {"uv": [1.59375, 4.59375, 1.5, 4.5], "texture": "#0"},
				"down": {"uv": [4.59375, 1.5, 4.5, 1.59375], "texture": "#0"}
			}
		},
		{
			"from": [7.9, 5.5, 7.9],
			"to": [8.1, 6.1, 8.1],
			"faces": {
				"north": {"uv": [0, 3.5, 0.0625, 3.65625], "texture": "#0"},
				"east": {"uv": [3.5, 0, 3.5625, 0.15625], "texture": "#0"},
				"south": {"uv": [0.25, 3.5, 0.3125, 3.65625], "texture": "#0"},
				"west": {"uv": [3.5, 0.25, 3.5625, 0.40625], "texture": "#0"},
				"up": {"uv": [2.3125, 7.0625, 2.25, 7], "texture": "#0"},
				"down": {"uv": [7.0625, 2.25, 7, 2.3125], "texture": "#0"}
			}
		},
		{
			"from": [7.8, 6.1, 7.8],
			"to": [8.2, 6.3, 8.2],
			"faces": {
				"north": {"uv": [2, 5.5, 2.09375, 5.5625], "texture": "#0"},
				"east": {"uv": [5.5, 2, 5.59375, 2.0625], "texture": "#0"},
				"south": {"uv": [2.25, 5.5, 2.34375, 5.5625], "texture": "#0"},
				"west": {"uv": [5.5, 2.25, 5.59375, 2.3125], "texture": "#0"},
				"up": {"uv": [1.84375, 4.59375, 1.75, 4.5], "texture": "#0"},
				"down": {"uv": [4.59375, 1.75, 4.5, 1.84375], "texture": "#0"}
			}
		},
		{
			"from": [7.9, 6.3, 7.9],
			"to": [8.1, 6.9, 8.1],
			"faces": {
				"north": {"uv": [0.5, 3.5, 0.5625, 3.65625], "texture": "#0"},
				"east": {"uv": [3.5, 0.5, 3.5625, 0.65625], "texture": "#0"},
				"south": {"uv": [0.75, 3.5, 0.8125, 3.65625], "texture": "#0"},
				"west": {"uv": [3.5, 0.75, 3.5625, 0.90625], "texture": "#0"},
				"up": {"uv": [2.5625, 7.0625, 2.5, 7], "texture": "#0"},
				"down": {"uv": [7.0625, 2.5, 7, 2.5625], "texture": "#0"}
			}
		},
		{
			"from": [7.8, 6.9, 7.8],
			"to": [8.2, 7.1, 8.2],
			"faces": {
				"north": {"uv": [2.5, 5.5, 2.59375, 5.5625], "texture": "#0"},
				"east": {"uv": [5.5, 2.5, 5.59375, 2.5625], "texture": "#0"},
				"south": {"uv": [2.75, 5.5, 2.84375, 5.5625], "texture": "#0"},
				"west": {"uv": [5.5, 2.75, 5.59375, 2.8125], "texture": "#0"},
				"up": {"uv": [2.09375, 4.59375, 2, 4.5], "texture": "#0"},
				"down": {"uv": [4.59375, 2, 4.5, 2.09375], "texture": "#0"}
			}
		},
		{
			"from": [7.9, 7.1, 7.9],
			"to": [8.1, 7.7, 8.1],
			"faces": {
				"north": {"uv": [1, 3.5, 1.0625, 3.65625], "texture": "#0"},
				"east": {"uv": [3.5, 1, 3.5625, 1.15625], "texture": "#0"},
				"south": {"uv": [1.25, 3.5, 1.3125, 3.65625], "texture": "#0"},
				"west": {"uv": [3.5, 1.25, 3.5625, 1.40625], "texture": "#0"},
				"up": {"uv": [2.8125, 7.0625, 2.75, 7], "texture": "#0"},
				"down": {"uv": [7.0625, 2.75, 7, 2.8125], "texture": "#0"}
			}
		},
		{
			"from": [7.8, 7.7, 7.8],
			"to": [8.2, 7.9, 8.2],
			"faces": {
				"north": {"uv": [3, 5.5, 3.09375, 5.5625], "texture": "#0"},
				"east": {"uv": [5.5, 3, 5.59375, 3.0625], "texture": "#0"},
				"south": {"uv": [3.25, 5.5, 3.34375, 5.5625], "texture": "#0"},
				"west": {"uv": [5.5, 3.25, 5.59375, 3.3125], "texture": "#0"},
				"up": {"uv": [2.34375, 4.59375, 2.25, 4.5], "texture": "#0"},
				"down": {"uv": [4.59375, 2.25, 4.5, 2.34375], "texture": "#0"}
			}
		},
		{
			"from": [7.9, 7.9, 7.9],
			"to": [8.1, 8.5, 8.1],
			"faces": {
				"north": {"uv": [1.5, 3.5, 1.5625, 3.65625], "texture": "#0"},
				"east": {"uv": [3.5, 1.5, 3.5625, 1.65625], "texture": "#0"},
				"south": {"uv": [1.75, 3.5, 1.8125, 3.65625], "texture": "#0"},
				"west": {"uv": [3.5, 1.75, 3.5625, 1.90625], "texture": "#0"},
				"up": {"uv": [3.0625, 7.0625, 3, 7], "texture": "#0"},
				"down": {"uv": [7.0625, 3, 7, 3.0625], "texture": "#0"}
			}
		},
		{
			"from": [7.8, 8.5, 7.8],
			"to": [8.2, 8.7, 8.2],
			"faces": {
				"north": {"uv": [3.5, 5.5, 3.59375, 5.5625], "texture": "#0"},
				"east": {"uv": [5.5, 3.5, 5.59375, 3.5625], "texture": "#0"},
				"south": {"uv": [3.75, 5.5, 3.84375, 5.5625], "texture": "#0"},
				"west": {"uv": [5.5, 3.75, 5.59375, 3.8125], "texture": "#0"},
				"up": {"uv": [2.59375, 4.59375, 2.5, 4.5], "texture": "#0"},
				"down": {"uv": [4.59375, 2.5, 4.5, 2.59375], "texture": "#0"}
			}
		},
		{
			"from": [7.4, 8.5, 8.2],
			"to": [7.8, 8.7, 8.6],
			"faces": {
				"north": {"uv": [4, 5.5, 4.09375, 5.5625], "texture": "#0"},
				"east": {"uv": [5.5, 4, 5.59375, 4.0625], "texture": "#0"},
				"south": {"uv": [4.25, 5.5, 4.34375, 5.5625], "texture": "#0"},
				"west": {"uv": [5.5, 4.25, 5.59375, 4.3125], "texture": "#0"},
				"up": {"uv": [2.84375, 4.59375, 2.75, 4.5], "texture": "#0"},
				"down": {"uv": [4.59375, 2.75, 4.5, 2.84375], "texture": "#0"}
			}
		},
		{
			"from": [7.4, 7.7, 8.2],
			"to": [7.8, 7.9, 8.6],
			"faces": {
				"north": {"uv": [4.5, 5.5, 4.59375, 5.5625], "texture": "#0"},
				"east": {"uv": [5.5, 4.5, 5.59375, 4.5625], "texture": "#0"},
				"south": {"uv": [4.75, 5.5, 4.84375, 5.5625], "texture": "#0"},
				"west": {"uv": [5.5, 4.75, 5.59375, 4.8125], "texture": "#0"},
				"up": {"uv": [3.09375, 4.59375, 3, 4.5], "texture": "#0"},
				"down": {"uv": [4.59375, 3, 4.5, 3.09375], "texture": "#0"}
			}
		},
		{
			"from": [7.4, 6.1, 8.2],
			"to": [7.8, 6.3, 8.6],
			"faces": {
				"north": {"uv": [5, 5.5, 5.09375, 5.5625], "texture": "#0"},
				"east": {"uv": [5.5, 5, 5.59375, 5.0625], "texture": "#0"},
				"south": {"uv": [5.25, 5.5, 5.34375, 5.5625], "texture": "#0"},
				"west": {"uv": [5.5, 5.25, 5.59375, 5.3125], "texture": "#0"},
				"up": {"uv": [3.34375, 4.59375, 3.25, 4.5], "texture": "#0"},
				"down": {"uv": [4.59375, 3.25, 4.5, 3.34375], "texture": "#0"}
			}
		},
		{
			"from": [7.4, 5.3, 8.2],
			"to": [7.8, 5.5, 8.6],
			"faces": {
				"north": {"uv": [5.5, 5.5, 5.59375, 5.5625], "texture": "#0"},
				"east": {"uv": [0, 5.75, 0.09375, 5.8125], "texture": "#0"},
				"south": {"uv": [5.75, 0, 5.84375, 0.0625], "texture": "#0"},
				"west": {"uv": [0.25, 5.75, 0.34375, 5.8125], "texture": "#0"},
				"up": {"uv": [3.59375, 4.59375, 3.5, 4.5], "texture": "#0"},
				"down": {"uv": [4.59375, 3.5, 4.5, 3.59375], "texture": "#0"}
			}
		},
		{
			"from": [8.2, 5.3, 8.2],
			"to": [8.6, 5.5, 8.6],
			"faces": {
				"north": {"uv": [5.75, 0.25, 5.84375, 0.3125], "texture": "#0"},
				"east": {"uv": [0.5, 5.75, 0.59375, 5.8125], "texture": "#0"},
				"south": {"uv": [5.75, 0.5, 5.84375, 0.5625], "texture": "#0"},
				"west": {"uv": [0.75, 5.75, 0.84375, 5.8125], "texture": "#0"},
				"up": {"uv": [3.84375, 4.59375, 3.75, 4.5], "texture": "#0"},
				"down": {"uv": [4.59375, 3.75, 4.5, 3.84375], "texture": "#0"}
			}
		},
		{
			"from": [8.2, 5.3, 7.4],
			"to": [8.6, 5.5, 7.8],
			"faces": {
				"north": {"uv": [5.75, 0.75, 5.84375, 0.8125], "texture": "#0"},
				"east": {"uv": [1, 5.75, 1.09375, 5.8125], "texture": "#0"},
				"south": {"uv": [5.75, 1, 5.84375, 1.0625], "texture": "#0"},
				"west": {"uv": [1.25, 5.75, 1.34375, 5.8125], "texture": "#0"},
				"up": {"uv": [4.09375, 4.59375, 4, 4.5], "texture": "#0"},
				"down": {"uv": [4.59375, 4, 4.5, 4.09375], "texture": "#0"}
			}
		},
		{
			"from": [7.4, 5.3, 7.4],
			"to": [7.8, 5.5, 7.8],
			"faces": {
				"north": {"uv": [5.75, 1.25, 5.84375, 1.3125], "texture": "#0"},
				"east": {"uv": [1.5, 5.75, 1.59375, 5.8125], "texture": "#0"},
				"south": {"uv": [5.75, 1.5, 5.84375, 1.5625], "texture": "#0"},
				"west": {"uv": [1.75, 5.75, 1.84375, 5.8125], "texture": "#0"},
				"up": {"uv": [4.34375, 4.59375, 4.25, 4.5], "texture": "#0"},
				"down": {"uv": [4.59375, 4.25, 4.5, 4.34375], "texture": "#0"}
			}
		},
		{
			"from": [7.4, 6.9, 7.4],
			"to": [7.8, 7.1, 7.8],
			"faces": {
				"north": {"uv": [5.75, 1.75, 5.84375, 1.8125], "texture": "#0"},
				"east": {"uv": [2, 5.75, 2.09375, 5.8125], "texture": "#0"},
				"south": {"uv": [5.75, 2, 5.84375, 2.0625], "texture": "#0"},
				"west": {"uv": [2.25, 5.75, 2.34375, 5.8125], "texture": "#0"},
				"up": {"uv": [4.59375, 4.59375, 4.5, 4.5], "texture": "#0"},
				"down": {"uv": [0.09375, 4.75, 0, 4.84375], "texture": "#0"}
			}
		},
		{
			"from": [7.4, 6.9, 8.2],
			"to": [7.8, 7.1, 8.6],
			"faces": {
				"north": {"uv": [5.75, 2.25, 5.84375, 2.3125], "texture": "#0"},
				"east": {"uv": [2.5, 5.75, 2.59375, 5.8125], "texture": "#0"},
				"south": {"uv": [5.75, 2.5, 5.84375, 2.5625], "texture": "#0"},
				"west": {"uv": [2.75, 5.75, 2.84375, 5.8125], "texture": "#0"},
				"up": {"uv": [4.84375, 0.09375, 4.75, 0], "texture": "#0"},
				"down": {"uv": [0.34375, 4.75, 0.25, 4.84375], "texture": "#0"}
			}
		},
		{
			"from": [8.2, 6.9, 8.2],
			"to": [8.6, 7.1, 8.6],
			"faces": {
				"north": {"uv": [5.75, 2.75, 5.84375, 2.8125], "texture": "#0"},
				"east": {"uv": [3, 5.75, 3.09375, 5.8125], "texture": "#0"},
				"south": {"uv": [5.75, 3, 5.84375, 3.0625], "texture": "#0"},
				"west": {"uv": [3.25, 5.75, 3.34375, 5.8125], "texture": "#0"},
				"up": {"uv": [4.84375, 0.34375, 4.75, 0.25], "texture": "#0"},
				"down": {"uv": [0.59375, 4.75, 0.5, 4.84375], "texture": "#0"}
			}
		},
		{
			"from": [8.2, 6.9, 7.4],
			"to": [8.6, 7.1, 7.8],
			"faces": {
				"north": {"uv": [5.75, 3.25, 5.84375, 3.3125], "texture": "#0"},
				"east": {"uv": [3.5, 5.75, 3.59375, 5.8125], "texture": "#0"},
				"south": {"uv": [5.75, 3.5, 5.84375, 3.5625], "texture": "#0"},
				"west": {"uv": [3.75, 5.75, 3.84375, 5.8125], "texture": "#0"},
				"up": {"uv": [4.84375, 0.59375, 4.75, 0.5], "texture": "#0"},
				"down": {"uv": [0.84375, 4.75, 0.75, 4.84375], "texture": "#0"}
			}
		},
		{
			"from": [7.4, 4.5, 8.2],
			"to": [7.8, 4.7, 8.6],
			"faces": {
				"north": {"uv": [5.75, 3.75, 5.84375, 3.8125], "texture": "#0"},
				"east": {"uv": [4, 5.75, 4.09375, 5.8125], "texture": "#0"},
				"south": {"uv": [5.75, 4, 5.84375, 4.0625], "texture": "#0"},
				"west": {"uv": [4.25, 5.75, 4.34375, 5.8125], "texture": "#0"},
				"up": {"uv": [4.84375, 0.84375, 4.75, 0.75], "texture": "#0"},
				"down": {"uv": [1.09375, 4.75, 1, 4.84375], "texture": "#0"}
			}
		},
		{
			"from": [7.4, 3.7, 8.2],
			"to": [7.8, 3.9, 8.6],
			"faces": {
				"north": {"uv": [5.75, 4.25, 5.84375, 4.3125], "texture": "#0"},
				"east": {"uv": [4.5, 5.75, 4.59375, 5.8125], "texture": "#0"},
				"south": {"uv": [5.75, 4.5, 5.84375, 4.5625], "texture": "#0"},
				"west": {"uv": [4.75, 5.75, 4.84375, 5.8125], "texture": "#0"},
				"up": {"uv": [4.84375, 1.09375, 4.75, 1], "texture": "#0"},
				"down": {"uv": [1.34375, 4.75, 1.25, 4.84375], "texture": "#0"}
			}
		},
		{
			"from": [7.8, 9.3, 7.8],
			"to": [8.2, 9.5, 8.2],
			"faces": {
				"north": {"uv": [5.75, 4.75, 5.84375, 4.8125], "texture": "#0"},
				"east": {"uv": [5, 5.75, 5.09375, 5.8125], "texture": "#0"},
				"south": {"uv": [5.75, 5, 5.84375, 5.0625], "texture": "#0"},
				"west": {"uv": [5.25, 5.75, 5.34375, 5.8125], "texture": "#0"},
				"up": {"uv": [4.84375, 1.34375, 4.75, 1.25], "texture": "#0"},
				"down": {"uv": [1.59375, 4.75, 1.5, 4.84375], "texture": "#0"}
			}
		},
		{
			"from": [7.6, 9.5, 7.6],
			"to": [8.4, 9.7, 8.4],
			"faces": {
				"north": {"uv": [3, 2.5, 3.1875, 2.5625], "texture": "#0"},
				"east": {"uv": [3, 2.75, 3.1875, 2.8125], "texture": "#0"},
				"south": {"uv": [3, 3, 3.1875, 3.0625], "texture": "#0"},
				"west": {"uv": [3.25, 0, 3.4375, 0.0625], "texture": "#0"},
				"up": {"uv": [2.1875, 2.1875, 2, 2], "texture": "#0"},
				"down": {"uv": [2.4375, 0, 2.25, 0.1875], "texture": "#0"}
			}
		},
		{
			"from": [7.9, 9.7, 7.9],
			"to": [8.1, 9.9, 8.1],
			"faces": {
				"north": {"uv": [3.25, 7, 3.3125, 7.0625], "texture": "#0"},
				"east": {"uv": [7, 3.25, 7.0625, 3.3125], "texture": "#0"},
				"south": {"uv": [3.5, 7, 3.5625, 7.0625], "texture": "#0"},
				"west": {"uv": [7, 3.5, 7.0625, 3.5625], "texture": "#0"},
				"up": {"uv": [3.8125, 7.0625, 3.75, 7], "texture": "#0"},
				"down": {"uv": [7.0625, 3.75, 7, 3.8125], "texture": "#0"}
			}
		},
		{
			"from": [7.9, 11.1, 7.8],
			"to": [8.1, 12, 7.9],
			"faces": {
				"north": {"uv": [1, 3, 1.0625, 3.21875], "texture": "#0"},
				"east": {"uv": [5.25, 0, 5.28125, 0.21875], "texture": "#0"},
				"south": {"uv": [1.25, 3, 1.3125, 3.21875], "texture": "#0"},
				"west": {"uv": [0.25, 5.25, 0.28125, 5.46875], "texture": "#0"},
				"up": {"uv": [6.5625, 7.53125, 6.5, 7.5], "texture": "#0"},
				"down": {"uv": [7.5625, 6.5, 7.5, 6.53125], "texture": "#0"}
			}
		},
		{
			"from": [7.9, 11.1, 8.1],
			"to": [8.1, 12, 8.2],
			"faces": {
				"north": {"uv": [1.5, 3, 1.5625, 3.21875], "texture": "#0"},
				"east": {"uv": [5.25, 0.25, 5.28125, 0.46875], "texture": "#0"},
				"south": {"uv": [3, 1.5, 3.0625, 1.71875], "texture": "#0"},
				"west": {"uv": [0.5, 5.25, 0.53125, 5.46875], "texture": "#0"},
				"up": {"uv": [6.8125, 7.53125, 6.75, 7.5], "texture": "#0"},
				"down": {"uv": [7.5625, 6.75, 7.5, 6.78125], "texture": "#0"}
			}
		},
		{
			"from": [7.5, 11.1, 7.95],
			"to": [8.5, 12, 8.05],
			"faces": {
				"north": {"uv": [0.5, 1.5, 0.75, 1.71875], "texture": "#0"},
				"east": {"uv": [5.25, 0.5, 5.28125, 0.71875], "texture": "#0"},
				"south": {"uv": [1.5, 0.5, 1.75, 0.71875], "texture": "#0"},
				"west": {"uv": [0.75, 5.25, 0.78125, 5.46875], "texture": "#0"},
				"up": {"uv": [3.25, 5.03125, 3, 5], "texture": "#0"},
				"down": {"uv": [5.25, 3, 5, 3.03125], "texture": "#0"}
			}
		},
		{
			"from": [7.5, 12.6, 7.95],
			"to": [8.5, 13.1, 8.05],
			"faces": {
				"north": {"uv": [2.25, 1.5, 2.5, 1.625], "texture": "#0"},
				"east": {"uv": [4, 7, 4.03125, 7.125], "texture": "#0"},
				"south": {"uv": [1.75, 2.25, 2, 2.375], "texture": "#0"},
				"west": {"uv": [7, 4, 7.03125, 4.125], "texture": "#0"},
				"up": {"uv": [3.5, 5.03125, 3.25, 5], "texture": "#0"},
				"down": {"uv": [5.25, 3.25, 5, 3.28125], "texture": "#0"}
			}
		},
		{
			"from": [9.3, 14, 7.95],
			"to": [9.4, 14.3, 8.05],
			"faces": {
				"north": {"uv": [7.5, 7.5, 7.53125, 7.5625], "texture": "#0"},
				"east": {"uv": [0, 7.75, 0.03125, 7.8125], "texture": "#0"},
				"south": {"uv": [7.75, 0, 7.78125, 0.0625], "texture": "#0"},
				"west": {"uv": [0.25, 7.75, 0.28125, 7.8125], "texture": "#0"},
				"up": {"uv": [8.28125, 1.03125, 8.25, 1], "texture": "#0"},
				"down": {"uv": [1.28125, 8.25, 1.25, 8.28125], "texture": "#0"}
			}
		},
		{
			"from": [6.6, 14, 7.95],
			"to": [6.7, 14.3, 8.05],
			"faces": {
				"north": {"uv": [7.75, 0.25, 7.78125, 0.3125], "texture": "#0"},
				"east": {"uv": [0.5, 7.75, 0.53125, 7.8125], "texture": "#0"},
				"south": {"uv": [7.75, 0.5, 7.78125, 0.5625], "texture": "#0"},
				"west": {"uv": [0.75, 7.75, 0.78125, 7.8125], "texture": "#0"},
				"up": {"uv": [8.28125, 1.28125, 8.25, 1.25], "texture": "#0"},
				"down": {"uv": [1.53125, 8.25, 1.5, 8.28125], "texture": "#0"}
			}
		},
		{
			"from": [9.2, 14.2, 7.95],
			"to": [9.3, 14.5, 8.05],
			"faces": {
				"north": {"uv": [7.75, 1.25, 7.78125, 1.3125], "texture": "#0"},
				"east": {"uv": [1.5, 7.75, 1.53125, 7.8125], "texture": "#0"},
				"south": {"uv": [7.75, 1.5, 7.78125, 1.5625], "texture": "#0"},
				"west": {"uv": [1.75, 7.75, 1.78125, 7.8125], "texture": "#0"},
				"up": {"uv": [8.28125, 1.78125, 8.25, 1.75], "texture": "#0"},
				"down": {"uv": [2.03125, 8.25, 2, 8.28125], "texture": "#0"}
			}
		},
		{
			"from": [9.1, 14.4, 7.95],
			"to": [9.2, 14.7, 8.05],
			"faces": {
				"north": {"uv": [7.75, 1.75, 7.78125, 1.8125], "texture": "#0"},
				"east": {"uv": [2, 7.75, 2.03125, 7.8125], "texture": "#0"},
				"south": {"uv": [7.75, 2, 7.78125, 2.0625], "texture": "#0"},
				"west": {"uv": [2.25, 7.75, 2.28125, 7.8125], "texture": "#0"},
				"up": {"uv": [8.28125, 2.03125, 8.25, 2], "texture": "#0"},
				"down": {"uv": [2.28125, 8.25, 2.25, 8.28125], "texture": "#0"}
			}
		},
		{
			"from": [9, 14.6, 7.95],
			"to": [9.1, 14.9, 8.05],
			"faces": {
				"north": {"uv": [7.75, 2.25, 7.78125, 2.3125], "texture": "#0"},
				"east": {"uv": [2.5, 7.75, 2.53125, 7.8125], "texture": "#0"},
				"south": {"uv": [7.75, 2.5, 7.78125, 2.5625], "texture": "#0"},
				"west": {"uv": [2.75, 7.75, 2.78125, 7.8125], "texture": "#0"},
				"up": {"uv": [8.28125, 2.28125, 8.25, 2.25], "texture": "#0"},
				"down": {"uv": [2.53125, 8.25, 2.5, 8.28125], "texture": "#0"}
			}
		},
		{
			"from": [8.9, 14.8, 7.95],
			"to": [9, 15.1, 8.05],
			"faces": {
				"north": {"uv": [7.75, 2.75, 7.78125, 2.8125], "texture": "#0"},
				"east": {"uv": [3, 7.75, 3.03125, 7.8125], "texture": "#0"},
				"south": {"uv": [7.75, 3, 7.78125, 3.0625], "texture": "#0"},
				"west": {"uv": [3.25, 7.75, 3.28125, 7.8125], "texture": "#0"},
				"up": {"uv": [8.28125, 2.53125, 8.25, 2.5], "texture": "#0"},
				"down": {"uv": [2.78125, 8.25, 2.75, 8.28125], "texture": "#0"}
			}
		},
		{
			"from": [8.8, 15, 7.95],
			"to": [8.9, 15.3, 8.05],
			"faces": {
				"north": {"uv": [7.75, 3.25, 7.78125, 3.3125], "texture": "#0"},
				"east": {"uv": [3.5, 7.75, 3.53125, 7.8125], "texture": "#0"},
				"south": {"uv": [7.75, 3.5, 7.78125, 3.5625], "texture": "#0"},
				"west": {"uv": [3.75, 7.75, 3.78125, 7.8125], "texture": "#0"},
				"up": {"uv": [8.28125, 2.78125, 8.25, 2.75], "texture": "#0"},
				"down": {"uv": [3.03125, 8.25, 3, 8.28125], "texture": "#0"}
			}
		},
		{
			"from": [8.7, 15.2, 7.95],
			"to": [8.8, 15.5, 8.05],
			"faces": {
				"north": {"uv": [7.75, 3.75, 7.78125, 3.8125], "texture": "#0"},
				"east": {"uv": [4, 7.75, 4.03125, 7.8125], "texture": "#0"},
				"south": {"uv": [7.75, 4, 7.78125, 4.0625], "texture": "#0"},
				"west": {"uv": [4.25, 7.75, 4.28125, 7.8125], "texture": "#0"},
				"up": {"uv": [8.28125, 3.03125, 8.25, 3], "texture": "#0"},
				"down": {"uv": [3.28125, 8.25, 3.25, 8.28125], "texture": "#0"}
			}
		},
		{
			"from": [8.6, 15.4, 7.95],
			"to": [8.7, 15.7, 8.05],
			"faces": {
				"north": {"uv": [7.75, 4.25, 7.78125, 4.3125], "texture": "#0"},
				"east": {"uv": [4.5, 7.75, 4.53125, 7.8125], "texture": "#0"},
				"south": {"uv": [7.75, 4.5, 7.78125, 4.5625], "texture": "#0"},
				"west": {"uv": [4.75, 7.75, 4.78125, 7.8125], "texture": "#0"},
				"up": {"uv": [8.28125, 3.28125, 8.25, 3.25], "texture": "#0"},
				"down": {"uv": [3.53125, 8.25, 3.5, 8.28125], "texture": "#0"}
			}
		},
		{
			"from": [6.7, 14.2, 7.95],
			"to": [6.8, 14.5, 8.05],
			"faces": {
				"north": {"uv": [7.75, 4.75, 7.78125, 4.8125], "texture": "#0"},
				"east": {"uv": [5, 7.75, 5.03125, 7.8125], "texture": "#0"},
				"south": {"uv": [7.75, 5, 7.78125, 5.0625], "texture": "#0"},
				"west": {"uv": [5.25, 7.75, 5.28125, 7.8125], "texture": "#0"},
				"up": {"uv": [8.28125, 3.53125, 8.25, 3.5], "texture": "#0"},
				"down": {"uv": [3.78125, 8.25, 3.75, 8.28125], "texture": "#0"}
			}
		},
		{
			"from": [6.8, 14.4, 7.95],
			"to": [6.9, 14.7, 8.05],
			"faces": {
				"north": {"uv": [7.75, 5.25, 7.78125, 5.3125], "texture": "#0"},
				"east": {"uv": [5.5, 7.75, 5.53125, 7.8125], "texture": "#0"},
				"south": {"uv": [7.75, 5.5, 7.78125, 5.5625], "texture": "#0"},
				"west": {"uv": [5.75, 7.75, 5.78125, 7.8125], "texture": "#0"},
				"up": {"uv": [8.28125, 3.78125, 8.25, 3.75], "texture": "#0"},
				"down": {"uv": [4.03125, 8.25, 4, 8.28125], "texture": "#0"}
			}
		},
		{
			"from": [6.9, 14.6, 7.95],
			"to": [7, 14.9, 8.05],
			"faces": {
				"north": {"uv": [7.75, 5.75, 7.78125, 5.8125], "texture": "#0"},
				"east": {"uv": [6, 7.75, 6.03125, 7.8125], "texture": "#0"},
				"south": {"uv": [7.75, 6, 7.78125, 6.0625], "texture": "#0"},
				"west": {"uv": [6.25, 7.75, 6.28125, 7.8125], "texture": "#0"},
				"up": {"uv": [8.28125, 4.03125, 8.25, 4], "texture": "#0"},
				"down": {"uv": [4.28125, 8.25, 4.25, 8.28125], "texture": "#0"}
			}
		},
		{
			"from": [7, 14.8, 7.95],
			"to": [7.1, 15.1, 8.05],
			"faces": {
				"north": {"uv": [7.75, 6.25, 7.78125, 6.3125], "texture": "#0"},
				"east": {"uv": [6.5, 7.75, 6.53125, 7.8125], "texture": "#0"},
				"south": {"uv": [7.75, 6.5, 7.78125, 6.5625], "texture": "#0"},
				"west": {"uv": [6.75, 7.75, 6.78125, 7.8125], "texture": "#0"},
				"up": {"uv": [8.28125, 4.28125, 8.25, 4.25], "texture": "#0"},
				"down": {"uv": [4.53125, 8.25, 4.5, 8.28125], "texture": "#0"}
			}
		},
		{
			"from": [7.1, 15, 7.95],
			"to": [7.2, 15.3, 8.05],
			"faces": {
				"north": {"uv": [7.75, 6.75, 7.78125, 6.8125], "texture": "#0"},
				"east": {"uv": [7, 7.75, 7.03125, 7.8125], "texture": "#0"},
				"south": {"uv": [7.75, 7, 7.78125, 7.0625], "texture": "#0"},
				"west": {"uv": [7.25, 7.75, 7.28125, 7.8125], "texture": "#0"},
				"up": {"uv": [8.28125, 4.53125, 8.25, 4.5], "texture": "#0"},
				"down": {"uv": [4.78125, 8.25, 4.75, 8.28125], "texture": "#0"}
			}
		},
		{
			"from": [7.2, 15.2, 7.95],
			"to": [7.3, 15.5, 8.05],
			"faces": {
				"north": {"uv": [7.75, 7.25, 7.78125, 7.3125], "texture": "#0"},
				"east": {"uv": [7.5, 7.75, 7.53125, 7.8125], "texture": "#0"},
				"south": {"uv": [7.75, 7.5, 7.78125, 7.5625], "texture": "#0"},
				"west": {"uv": [7.75, 7.75, 7.78125, 7.8125], "texture": "#0"},
				"up": {"uv": [8.28125, 4.78125, 8.25, 4.75], "texture": "#0"},
				"down": {"uv": [5.03125, 8.25, 5, 8.28125], "texture": "#0"}
			}
		},
		{
			"from": [7.3, 15.4, 7.95],
			"to": [7.4, 15.7, 8.05],
			"faces": {
				"north": {"uv": [0, 8, 0.03125, 8.0625], "texture": "#0"},
				"east": {"uv": [8, 0, 8.03125, 0.0625], "texture": "#0"},
				"south": {"uv": [0.25, 8, 0.28125, 8.0625], "texture": "#0"},
				"west": {"uv": [8, 0.25, 8.03125, 0.3125], "texture": "#0"},
				"up": {"uv": [8.28125, 5.03125, 8.25, 5], "texture": "#0"},
				"down": {"uv": [5.28125, 8.25, 5.25, 8.28125], "texture": "#0"}
			}
		},
		{
			"from": [7.8, 13.7, 7.95],
			"to": [8.2, 14.2, 8.05],
			"faces": {
				"north": {"uv": [3.25, 0.25, 3.34375, 0.375], "texture": "#0"},
				"east": {"uv": [4.25, 7, 4.28125, 7.125], "texture": "#0"},
				"south": {"uv": [0.5, 3.25, 0.59375, 3.375], "texture": "#0"},
				"west": {"uv": [7, 4.25, 7.03125, 4.375], "texture": "#0"},
				"up": {"uv": [7.34375, 6.78125, 7.25, 6.75], "texture": "#0"},
				"down": {"uv": [7.09375, 7.25, 7, 7.28125], "texture": "#0"}
			}
		},
		{
			"from": [8.3, 15.6, 7.95],
			"to": [8.6, 18.3, 8.05],
			"faces": {
				"north": {"uv": [1.75, 0, 1.8125, 0.6875], "texture": "#0"},
				"east": {"uv": [2.25, 2.5, 2.28125, 3.1875], "texture": "#0"},
				"south": {"uv": [0.25, 1.75, 0.3125, 2.4375], "texture": "#0"},
				"west": {"uv": [2.5, 2.25, 2.53125, 2.9375], "texture": "#0"},
				"up": {"uv": [0.5625, 8.03125, 0.5, 8], "texture": "#0"},
				"down": {"uv": [8.0625, 0.5, 8, 0.53125], "texture": "#0"}
			}
		},
		{
			"from": [7.7, 17.6, 7.95],
			"to": [8.3, 23.1, 8.05],
			"faces": {
				"north": {"uv": [0, 0, 0.15625, 1.375], "texture": "#0"},
				"east": {"uv": [0.5, 1.75, 0.53125, 3.125], "texture": "#0"},
				"south": {"uv": [0.25, 0, 0.40625, 1.375], "texture": "#0"},
				"west": {"uv": [1.75, 0.75, 1.78125, 2.125], "texture": "#0"},
				"up": {"uv": [4.15625, 6.53125, 4, 6.5], "texture": "#0"},
				"down": {"uv": [6.65625, 4, 6.5, 4.03125], "texture": "#0"}
			}
		},
		{
			"from": [7.8, 23.1, 7.95],
			"to": [8.2, 25.3, 8.05],
			"faces": {
				"north": {"uv": [1.5, 1.25, 1.59375, 1.8125], "texture": "#0"},
				"east": {"uv": [0.75, 2.75, 0.78125, 3.3125], "texture": "#0"},
				"south": {"uv": [0, 1.75, 0.09375, 2.3125], "texture": "#0"},
				"west": {"uv": [2.75, 1.5, 2.78125, 2.0625], "texture": "#0"},
				"up": {"uv": [7.34375, 7.03125, 7.25, 7], "texture": "#0"},
				"down": {"uv": [7.34375, 7.25, 7.25, 7.28125], "texture": "#0"}
			}
		},
		{
			"from": [7.9, 25.3, 7.95],
			"to": [8.1, 27.5, 8.05],
			"faces": {
				"north": {"uv": [2.25, 0.25, 2.3125, 0.8125], "texture": "#0"},
				"east": {"uv": [1.75, 2.75, 1.78125, 3.3125], "texture": "#0"},
				"south": {"uv": [1, 2.25, 1.0625, 2.8125], "texture": "#0"},
				"west": {"uv": [2, 2.75, 2.03125, 3.3125], "texture": "#0"},
				"up": {"uv": [0.8125, 8.03125, 0.75, 8], "texture": "#0"},
				"down": {"uv": [8.0625, 0.75, 8, 0.78125], "texture": "#0"}
			}
		},
		{
			"from": [7.4, 15.6, 7.95],
			"to": [7.7, 18.3, 8.05],
			"faces": {
				"north": {"uv": [2, 0, 2.0625, 0.6875], "texture": "#0"},
				"east": {"uv": [0, 2.75, 0.03125, 3.4375], "texture": "#0"},
				"south": {"uv": [0.75, 2, 0.8125, 2.6875], "texture": "#0"},
				"west": {"uv": [0.25, 2.75, 0.28125, 3.4375], "texture": "#0"},
				"up": {"uv": [1.0625, 8.03125, 1, 8], "texture": "#0"},
				"down": {"uv": [8.0625, 1, 8, 1.03125], "texture": "#0"}
			}
		},
		{
			"from": [7.6, 12, 7.95],
			"to": [8.4, 12.1, 8.05],
			"faces": {
				"north": {"uv": [5.75, 5.25, 5.9375, 5.28125], "texture": "#0"},
				"east": {"uv": [8.25, 5.25, 8.28125, 5.28125], "texture": "#0"},
				"south": {"uv": [5.5, 5.75, 5.6875, 5.78125], "texture": "#0"},
				"west": {"uv": [5.5, 8.25, 5.53125, 8.28125], "texture": "#0"},
				"up": {"uv": [5.9375, 5.53125, 5.75, 5.5], "texture": "#0"},
				"down": {"uv": [5.9375, 5.75, 5.75, 5.78125], "texture": "#0"}
			}
		},
		{
			"from": [7.6, 12.5, 7.95],
			"to": [8.4, 12.6, 8.05],
			"faces": {
				"north": {"uv": [0, 6, 0.1875, 6.03125], "texture": "#0"},
				"east": {"uv": [8.25, 5.5, 8.28125, 5.53125], "texture": "#0"},
				"south": {"uv": [6, 0, 6.1875, 0.03125], "texture": "#0"},
				"west": {"uv": [5.75, 8.25, 5.78125, 8.28125], "texture": "#0"},
				"up": {"uv": [0.4375, 6.03125, 0.25, 6], "texture": "#0"},
				"down": {"uv": [6.1875, 0.25, 6, 0.28125], "texture": "#0"}
			}
		},
		{
			"from": [7.7, 12.1, 7.95],
			"to": [8.3, 12.2, 8.05],
			"faces": {
				"north": {"uv": [4.25, 6.5, 4.40625, 6.53125], "texture": "#0"},
				"east": {"uv": [8.25, 5.75, 8.28125, 5.78125], "texture": "#0"},
				"south": {"uv": [6.5, 4.25, 6.65625, 4.28125], "texture": "#0"},
				"west": {"uv": [6, 8.25, 6.03125, 8.28125], "texture": "#0"},
				"up": {"uv": [4.65625, 6.53125, 4.5, 6.5], "texture": "#0"},
				"down": {"uv": [6.65625, 4.5, 6.5, 4.53125], "texture": "#0"}
			}
		},
		{
			"from": [7.7, 12.4, 7.95],
			"to": [8.3, 12.5, 8.05],
			"faces": {
				"north": {"uv": [4.75, 6.5, 4.90625, 6.53125], "texture": "#0"},
				"east": {"uv": [8.25, 6, 8.28125, 6.03125], "texture": "#0"},
				"south": {"uv": [6.5, 4.75, 6.65625, 4.78125], "texture": "#0"},
				"west": {"uv": [6.25, 8.25, 6.28125, 8.28125], "texture": "#0"},
				"up": {"uv": [5.15625, 6.53125, 5, 6.5], "texture": "#0"},
				"down": {"uv": [6.65625, 5, 6.5, 5.03125], "texture": "#0"}
			}
		},
		{
			"from": [7.8, 12.2, 7.95],
			"to": [8.2, 12.3, 8.05],
			"faces": {
				"north": {"uv": [0, 7.5, 0.09375, 7.53125], "texture": "#0"},
				"east": {"uv": [8.25, 6.25, 8.28125, 6.28125], "texture": "#0"},
				"south": {"uv": [7.5, 0, 7.59375, 0.03125], "texture": "#0"},
				"west": {"uv": [6.5, 8.25, 6.53125, 8.28125], "texture": "#0"},
				"up": {"uv": [0.34375, 7.53125, 0.25, 7.5], "texture": "#0"},
				"down": {"uv": [7.59375, 0.25, 7.5, 0.28125], "texture": "#0"}
			}
		},
		{
			"from": [7.8, 12.3, 7.95],
			"to": [8.2, 12.4, 8.05],
			"faces": {
				"north": {"uv": [0.5, 7.5, 0.59375, 7.53125], "texture": "#0"},
				"east": {"uv": [8.25, 6.5, 8.28125, 6.53125], "texture": "#0"},
				"south": {"uv": [7.5, 0.5, 7.59375, 0.53125], "texture": "#0"},
				"west": {"uv": [6.75, 8.25, 6.78125, 8.28125], "texture": "#0"},
				"up": {"uv": [0.84375, 7.53125, 0.75, 7.5], "texture": "#0"},
				"down": {"uv": [7.59375, 0.75, 7.5, 0.78125], "texture": "#0"}
			}
		},
		{
			"from": [7.6, 13.6, 7.95],
			"to": [8.4, 13.7, 8.05],
			"faces": {
				"north": {"uv": [0.5, 6, 0.6875, 6.03125], "texture": "#0"},
				"east": {"uv": [8.25, 6.75, 8.28125, 6.78125], "texture": "#0"},
				"south": {"uv": [6, 0.5, 6.1875, 0.53125], "texture": "#0"},
				"west": {"uv": [7, 8.25, 7.03125, 8.28125], "texture": "#0"},
				"up": {"uv": [0.9375, 6.03125, 0.75, 6], "texture": "#0"},
				"down": {"uv": [6.1875, 0.75, 6, 0.78125], "texture": "#0"}
			}
		},
		{
			"from": [7.7, 13.5, 7.95],
			"to": [8.3, 13.6, 8.05],
			"faces": {
				"north": {"uv": [5.25, 6.5, 5.40625, 6.53125], "texture": "#0"},
				"east": {"uv": [8.25, 7, 8.28125, 7.03125], "texture": "#0"},
				"south": {"uv": [6.5, 5.25, 6.65625, 5.28125], "texture": "#0"},
				"west": {"uv": [7.25, 8.25, 7.28125, 8.28125], "texture": "#0"},
				"up": {"uv": [5.65625, 6.53125, 5.5, 6.5], "texture": "#0"},
				"down": {"uv": [6.65625, 5.5, 6.5, 5.53125], "texture": "#0"}
			}
		},
		{
			"from": [7.8, 13.4, 7.95],
			"to": [8.2, 13.5, 8.05],
			"faces": {
				"north": {"uv": [1, 7.5, 1.09375, 7.53125], "texture": "#0"},
				"east": {"uv": [8.25, 7.25, 8.28125, 7.28125], "texture": "#0"},
				"south": {"uv": [7.5, 1, 7.59375, 1.03125], "texture": "#0"},
				"west": {"uv": [7.5, 8.25, 7.53125, 8.28125], "texture": "#0"},
				"up": {"uv": [1.34375, 7.53125, 1.25, 7.5], "texture": "#0"},
				"down": {"uv": [7.59375, 1.25, 7.5, 1.28125], "texture": "#0"}
			}
		},
		{
			"from": [7.7, 13.2, 7.95],
			"to": [8.3, 13.3, 8.05],
			"faces": {
				"north": {"uv": [5.75, 6.5, 5.90625, 6.53125], "texture": "#0"},
				"east": {"uv": [8.25, 7.5, 8.28125, 7.53125], "texture": "#0"},
				"south": {"uv": [6.5, 5.75, 6.65625, 5.78125], "texture": "#0"},
				"west": {"uv": [7.75, 8.25, 7.78125, 8.28125], "texture": "#0"},
				"up": {"uv": [6.15625, 6.53125, 6, 6.5], "texture": "#0"},
				"down": {"uv": [6.65625, 6, 6.5, 6.03125], "texture": "#0"}
			}
		},
		{
			"from": [7.8, 13.3, 7.95],
			"to": [8.2, 13.4, 8.05],
			"faces": {
				"north": {"uv": [1.5, 7.5, 1.59375, 7.53125], "texture": "#0"},
				"east": {"uv": [8.25, 7.75, 8.28125, 7.78125], "texture": "#0"},
				"south": {"uv": [7.5, 1.5, 7.59375, 1.53125], "texture": "#0"},
				"west": {"uv": [8, 8.25, 8.03125, 8.28125], "texture": "#0"},
				"up": {"uv": [1.84375, 7.53125, 1.75, 7.5], "texture": "#0"},
				"down": {"uv": [7.59375, 1.75, 7.5, 1.78125], "texture": "#0"}
			}
		},
		{
			"from": [7.6, 13.1, 7.95],
			"to": [8.4, 13.2, 8.05],
			"faces": {
				"north": {"uv": [1, 6, 1.1875, 6.03125], "texture": "#0"},
				"east": {"uv": [8.25, 8, 8.28125, 8.03125], "texture": "#0"},
				"south": {"uv": [6, 1, 6.1875, 1.03125], "texture": "#0"},
				"west": {"uv": [8.25, 8.25, 8.28125, 8.28125], "texture": "#0"},
				"up": {"uv": [1.4375, 6.03125, 1.25, 6], "texture": "#0"},
				"down": {"uv": [6.1875, 1.25, 6, 1.28125], "texture": "#0"}
			}
		},
		{
			"from": [7.7, 14.5, 7.95],
			"to": [8.3, 14.6, 8.05],
			"faces": {
				"north": {"uv": [6.25, 6.5, 6.40625, 6.53125], "texture": "#0"},
				"east": {"uv": [0, 8.5, 0.03125, 8.53125], "texture": "#0"},
				"south": {"uv": [6.5, 6.25, 6.65625, 6.28125], "texture": "#0"},
				"west": {"uv": [8.5, 0, 8.53125, 0.03125], "texture": "#0"},
				"up": {"uv": [6.65625, 6.53125, 6.5, 6.5], "texture": "#0"},
				"down": {"uv": [0.15625, 6.75, 0, 6.78125], "texture": "#0"}
			}
		},
		{
			"from": [7.8, 14.6, 7.95],
			"to": [8.2, 14.7, 8.05],
			"faces": {
				"north": {"uv": [2, 7.5, 2.09375, 7.53125], "texture": "#0"},
				"east": {"uv": [0.25, 8.5, 0.28125, 8.53125], "texture": "#0"},
				"south": {"uv": [7.5, 2, 7.59375, 2.03125], "texture": "#0"},
				"west": {"uv": [8.5, 0.25, 8.53125, 0.28125], "texture": "#0"},
				"up": {"uv": [2.34375, 7.53125, 2.25, 7.5], "texture": "#0"},
				"down": {"uv": [7.59375, 2.25, 7.5, 2.28125], "texture": "#0"}
			}
		},
		{
			"from": [7.9, 14.7, 7.95],
			"to": [8.1, 14.8, 8.05],
			"faces": {
				"north": {"uv": [1.25, 8, 1.3125, 8.03125], "texture": "#0"},
				"east": {"uv": [0.5, 8.5, 0.53125, 8.53125], "texture": "#0"},
				"south": {"uv": [8, 1.25, 8.0625, 1.28125], "texture": "#0"},
				"west": {"uv": [8.5, 0.5, 8.53125, 0.53125], "texture": "#0"},
				"up": {"uv": [1.5625, 8.03125, 1.5, 8], "texture": "#0"},
				"down": {"uv": [8.0625, 1.5, 8, 1.53125], "texture": "#0"}
			}
		},
		{
			"from": [7.6, 14.4, 7.95],
			"to": [8.4, 14.5, 8.05],
			"faces": {
				"north": {"uv": [1.5, 6, 1.6875, 6.03125], "texture": "#0"},
				"east": {"uv": [0.75, 8.5, 0.78125, 8.53125], "texture": "#0"},
				"south": {"uv": [6, 1.5, 6.1875, 1.53125], "texture": "#0"},
				"west": {"uv": [8.5, 0.75, 8.53125, 0.78125], "texture": "#0"},
				"up": {"uv": [1.9375, 6.03125, 1.75, 6], "texture": "#0"},
				"down": {"uv": [6.1875, 1.75, 6, 1.78125], "texture": "#0"}
			}
		},
		{
			"from": [7.5, 14.2, 7.95],
			"to": [8.5, 14.4, 8.05],
			"faces": {
				"north": {"uv": [2.75, 2.25, 3, 2.3125], "texture": "#0"},
				"east": {"uv": [1.75, 8, 1.78125, 8.0625], "texture": "#0"},
				"south": {"uv": [2.75, 2.5, 3, 2.5625], "texture": "#0"},
				"west": {"uv": [8, 1.75, 8.03125, 1.8125], "texture": "#0"},
				"up": {"uv": [3.75, 5.03125, 3.5, 5], "texture": "#0"},
				"down": {"uv": [5.25, 3.5, 5, 3.53125], "texture": "#0"}
			}
		},
		{
			"from": [7.4, 14.1, 7.95],
			"to": [7.5, 14.3, 8.05],
			"faces": {
				"north": {"uv": [2, 8, 2.03125, 8.0625], "texture": "#0"},
				"east": {"uv": [8, 2, 8.03125, 2.0625], "texture": "#0"},
				"south": {"uv": [2.25, 8, 2.28125, 8.0625], "texture": "#0"},
				"west": {"uv": [8, 2.25, 8.03125, 2.3125], "texture": "#0"},
				"up": {"uv": [1.03125, 8.53125, 1, 8.5], "texture": "#0"},
				"down": {"uv": [8.53125, 1, 8.5, 1.03125], "texture": "#0"}
			}
		},
		{
			"from": [8.5, 14.1, 7.95],
			"to": [8.6, 14.3, 8.05],
			"faces": {
				"north": {"uv": [2.5, 8, 2.53125, 8.0625], "texture": "#0"},
				"east": {"uv": [8, 2.5, 8.03125, 2.5625], "texture": "#0"},
				"south": {"uv": [2.75, 8, 2.78125, 8.0625], "texture": "#0"},
				"west": {"uv": [8, 2.75, 8.03125, 2.8125], "texture": "#0"},
				"up": {"uv": [1.28125, 8.53125, 1.25, 8.5], "texture": "#0"},
				"down": {"uv": [8.53125, 1.25, 8.5, 1.28125], "texture": "#0"}
			}
		},
		{
			"from": [8.6, 14, 7.95],
			"to": [8.7, 14.2, 8.05],
			"faces": {
				"north": {"uv": [3, 8, 3.03125, 8.0625], "texture": "#0"},
				"east": {"uv": [8, 3, 8.03125, 3.0625], "texture": "#0"},
				"south": {"uv": [3.25, 8, 3.28125, 8.0625], "texture": "#0"},
				"west": {"uv": [8, 3.25, 8.03125, 3.3125], "texture": "#0"},
				"up": {"uv": [1.53125, 8.53125, 1.5, 8.5], "texture": "#0"},
				"down": {"uv": [8.53125, 1.5, 8.5, 1.53125], "texture": "#0"}
			}
		},
		{
			"from": [8.7, 13.9, 7.95],
			"to": [8.8, 14.1, 8.05],
			"faces": {
				"north": {"uv": [3.5, 8, 3.53125, 8.0625], "texture": "#0"},
				"east": {"uv": [8, 3.5, 8.03125, 3.5625], "texture": "#0"},
				"south": {"uv": [3.75, 8, 3.78125, 8.0625], "texture": "#0"},
				"west": {"uv": [8, 3.75, 8.03125, 3.8125], "texture": "#0"},
				"up": {"uv": [1.78125, 8.53125, 1.75, 8.5], "texture": "#0"},
				"down": {"uv": [8.53125, 1.75, 8.5, 1.78125], "texture": "#0"}
			}
		},
		{
			"from": [7.3, 14, 7.95],
			"to": [7.4, 14.2, 8.05],
			"faces": {
				"north": {"uv": [4, 8, 4.03125, 8.0625], "texture": "#0"},
				"east": {"uv": [8, 4, 8.03125, 4.0625], "texture": "#0"},
				"south": {"uv": [4.25, 8, 4.28125, 8.0625], "texture": "#0"},
				"west": {"uv": [8, 4.25, 8.03125, 4.3125], "texture": "#0"},
				"up": {"uv": [2.03125, 8.53125, 2, 8.5], "texture": "#0"},
				"down": {"uv": [8.53125, 2, 8.5, 2.03125], "texture": "#0"}
			}
		},
		{
			"from": [7.2, 13.9, 7.95],
			"to": [7.3, 14.1, 8.05],
			"faces": {
				"north": {"uv": [4.5, 8, 4.53125, 8.0625], "texture": "#0"},
				"east": {"uv": [8, 4.5, 8.03125, 4.5625], "texture": "#0"},
				"south": {"uv": [4.75, 8, 4.78125, 8.0625], "texture": "#0"},
				"west": {"uv": [8, 4.75, 8.03125, 4.8125], "texture": "#0"},
				"up": {"uv": [2.28125, 8.53125, 2.25, 8.5], "texture": "#0"},
				"down": {"uv": [8.53125, 2.25, 8.5, 2.28125], "texture": "#0"}
			}
		},
		{
			"from": [6.6, 13.9, 7.95],
			"to": [7.2, 14, 8.05],
			"faces": {
				"north": {"uv": [6.75, 0, 6.90625, 0.03125], "texture": "#0"},
				"east": {"uv": [2.5, 8.5, 2.53125, 8.53125], "texture": "#0"},
				"south": {"uv": [0.25, 6.75, 0.40625, 6.78125], "texture": "#0"},
				"west": {"uv": [8.5, 2.5, 8.53125, 2.53125], "texture": "#0"},
				"up": {"uv": [6.90625, 0.28125, 6.75, 0.25], "texture": "#0"},
				"down": {"uv": [0.65625, 6.75, 0.5, 6.78125], "texture": "#0"}
			}
		},
		{
			"from": [8.8, 13.9, 7.95],
			"to": [9.4, 14, 8.05],
			"faces": {
				"north": {"uv": [6.75, 0.5, 6.90625, 0.53125], "texture": "#0"},
				"east": {"uv": [2.75, 8.5, 2.78125, 8.53125], "texture": "#0"},
				"south": {"uv": [0.75, 6.75, 0.90625, 6.78125], "texture": "#0"},
				"west": {"uv": [8.5, 2.75, 8.53125, 2.78125], "texture": "#0"},
				"up": {"uv": [6.90625, 0.78125, 6.75, 0.75], "texture": "#0"},
				"down": {"uv": [1.15625, 6.75, 1, 6.78125], "texture": "#0"}
			}
		},
		{
			"from": [7.7, 12, 8.1],
			"to": [8.3, 12.1, 8.2],
			"faces": {
				"north": {"uv": [6.75, 1, 6.90625, 1.03125], "texture": "#0"},
				"east": {"uv": [3, 8.5, 3.03125, 8.53125], "texture": "#0"},
				"south": {"uv": [1.25, 6.75, 1.40625, 6.78125], "texture": "#0"},
				"west": {"uv": [8.5, 3, 8.53125, 3.03125], "texture": "#0"},
				"up": {"uv": [6.90625, 1.28125, 6.75, 1.25], "texture": "#0"},
				"down": {"uv": [1.65625, 6.75, 1.5, 6.78125], "texture": "#0"}
			}
		},
		{
			"from": [7.7, 12, 7.8],
			"to": [8.3, 12.1, 7.9],
			"faces": {
				"north": {"uv": [6.75, 1.5, 6.90625, 1.53125], "texture": "#0"},
				"east": {"uv": [3.25, 8.5, 3.28125, 8.53125], "texture": "#0"},
				"south": {"uv": [1.75, 6.75, 1.90625, 6.78125], "texture": "#0"},
				"west": {"uv": [8.5, 3.25, 8.53125, 3.28125], "texture": "#0"},
				"up": {"uv": [6.90625, 1.78125, 6.75, 1.75], "texture": "#0"},
				"down": {"uv": [2.15625, 6.75, 2, 6.78125], "texture": "#0"}
			}
		},
		{
			"from": [7.8, 12.1, 7.8],
			"to": [8.2, 12.2, 7.9],
			"faces": {
				"north": {"uv": [2.5, 7.5, 2.59375, 7.53125], "texture": "#0"},
				"east": {"uv": [3.5, 8.5, 3.53125, 8.53125], "texture": "#0"},
				"south": {"uv": [7.5, 2.5, 7.59375, 2.53125], "texture": "#0"},
				"west": {"uv": [8.5, 3.5, 8.53125, 3.53125], "texture": "#0"},
				"up": {"uv": [2.84375, 7.53125, 2.75, 7.5], "texture": "#0"},
				"down": {"uv": [7.59375, 2.75, 7.5, 2.78125], "texture": "#0"}
			}
		},
		{
			"from": [7.8, 12.1, 8.1],
			"to": [8.2, 12.2, 8.2],
			"faces": {
				"north": {"uv": [3, 7.5, 3.09375, 7.53125], "texture": "#0"},
				"east": {"uv": [3.75, 8.5, 3.78125, 8.53125], "texture": "#0"},
				"south": {"uv": [7.5, 3, 7.59375, 3.03125], "texture": "#0"},
				"west": {"uv": [8.5, 3.75, 8.53125, 3.78125], "texture": "#0"},
				"up": {"uv": [3.34375, 7.53125, 3.25, 7.5], "texture": "#0"},
				"down": {"uv": [7.59375, 3.25, 7.5, 3.28125], "texture": "#0"}
			}
		},
		{
			"from": [7.9, 12.2, 7.8],
			"to": [8.1, 12.3, 7.9],
			"faces": {
				"north": {"uv": [5, 8, 5.0625, 8.03125], "texture": "#0"},
				"east": {"uv": [4, 8.5, 4.03125, 8.53125], "texture": "#0"},
				"south": {"uv": [8, 5, 8.0625, 5.03125], "texture": "#0"},
				"west": {"uv": [8.5, 4, 8.53125, 4.03125], "texture": "#0"},
				"up": {"uv": [5.3125, 8.03125, 5.25, 8], "texture": "#0"},
				"down": {"uv": [8.0625, 5.25, 8, 5.28125], "texture": "#0"}
			}
		},
		{
			"from": [7.9, 12.2, 8.1],
			"to": [8.1, 12.3, 8.2],
			"faces": {
				"north": {"uv": [5.5, 8, 5.5625, 8.03125], "texture": "#0"},
				"east": {"uv": [4.25, 8.5, 4.28125, 8.53125], "texture": "#0"},
				"south": {"uv": [8, 5.5, 8.0625, 5.53125], "texture": "#0"},
				"west": {"uv": [8.5, 4.25, 8.53125, 4.28125], "texture": "#0"},
				"up": {"uv": [5.8125, 8.03125, 5.75, 8], "texture": "#0"},
				"down": {"uv": [8.0625, 5.75, 8, 5.78125], "texture": "#0"}
			}
		},
		{
			"from": [8.7, 10.45, 7.9],
			"to": [9.1, 10.55, 8.1],
			"faces": {
				"north": {"uv": [3.5, 7.5, 3.59375, 7.53125], "texture": "#0"},
				"east": {"uv": [6, 8, 6.0625, 8.03125], "texture": "#0"},
				"south": {"uv": [7.5, 3.5, 7.59375, 3.53125], "texture": "#0"},
				"west": {"uv": [8, 6, 8.0625, 6.03125], "texture": "#0"},
				"up": {"uv": [2.09375, 6.0625, 2, 6], "texture": "#0"},
				"down": {"uv": [6.09375, 2, 6, 2.0625], "texture": "#0"}
			}
		},
		{
			"from": [6.9, 10.45, 7.9],
			"to": [7.3, 10.55, 8.1],
			"faces": {
				"north": {"uv": [3.75, 7.5, 3.84375, 7.53125], "texture": "#0"},
				"east": {"uv": [6.25, 8, 6.3125, 8.03125], "texture": "#0"},
				"south": {"uv": [7.5, 3.75, 7.59375, 3.78125], "texture": "#0"},
				"west": {"uv": [8, 6.25, 8.0625, 6.28125], "texture": "#0"},
				"up": {"uv": [2.34375, 6.0625, 2.25, 6], "texture": "#0"},
				"down": {"uv": [6.09375, 2.25, 6, 2.3125], "texture": "#0"}
			}
		},
		{
			"from": [9, 10.55, 7.9],
			"to": [9.4, 10.65, 8.1],
			"faces": {
				"north": {"uv": [4, 7.5, 4.09375, 7.53125], "texture": "#0"},
				"east": {"uv": [6.5, 8, 6.5625, 8.03125], "texture": "#0"},
				"south": {"uv": [7.5, 4, 7.59375, 4.03125], "texture": "#0"},
				"west": {"uv": [8, 6.5, 8.0625, 6.53125], "texture": "#0"},
				"up": {"uv": [2.59375, 6.0625, 2.5, 6], "texture": "#0"},
				"down": {"uv": [6.09375, 2.5, 6, 2.5625], "texture": "#0"}
			}
		},
		{
			"from": [6.6, 10.55, 7.9],
			"to": [7, 10.65, 8.1],
			"faces": {
				"north": {"uv": [4.25, 7.5, 4.34375, 7.53125], "texture": "#0"},
				"east": {"uv": [6.75, 8, 6.8125, 8.03125], "texture": "#0"},
				"south": {"uv": [7.5, 4.25, 7.59375, 4.28125], "texture": "#0"},
				"west": {"uv": [8, 6.75, 8.0625, 6.78125], "texture": "#0"},
				"up": {"uv": [2.84375, 6.0625, 2.75, 6], "texture": "#0"},
				"down": {"uv": [6.09375, 2.75, 6, 2.8125], "texture": "#0"}
			}
		},
		{
			"from": [9.2, 10.65, 7.9],
			"to": [9.6, 10.75, 8.1],
			"faces": {
				"north": {"uv": [4.5, 7.5, 4.59375, 7.53125], "texture": "#0"},
				"east": {"uv": [7, 8, 7.0625, 8.03125], "texture": "#0"},
				"south": {"uv": [7.5, 4.5, 7.59375, 4.53125], "texture": "#0"},
				"west": {"uv": [8, 7, 8.0625, 7.03125], "texture": "#0"},
				"up": {"uv": [3.09375, 6.0625, 3, 6], "texture": "#0"},
				"down": {"uv": [6.09375, 3, 6, 3.0625], "texture": "#0"}
			}
		},
		{
			"from": [6.3, 10.65, 7.9],
			"to": [6.7, 10.75, 8.1],
			"faces": {
				"north": {"uv": [4.75, 7.5, 4.84375, 7.53125], "texture": "#0"},
				"east": {"uv": [7.25, 8, 7.3125, 8.03125], "texture": "#0"},
				"south": {"uv": [7.5, 4.75, 7.59375, 4.78125], "texture": "#0"},
				"west": {"uv": [8, 7.25, 8.0625, 7.28125], "texture": "#0"},
				"up": {"uv": [3.34375, 6.0625, 3.25, 6], "texture": "#0"},
				"down": {"uv": [6.09375, 3.25, 6, 3.3125], "texture": "#0"}
			}
		},
		{
			"from": [4.5, 10.85, 7.9],
			"to": [4.9, 10.95, 8.1],
			"faces": {
				"north": {"uv": [5, 7.5, 5.09375, 7.53125], "texture": "#0"},
				"east": {"uv": [7.5, 8, 7.5625, 8.03125], "texture": "#0"},
				"south": {"uv": [7.5, 5, 7.59375, 5.03125], "texture": "#0"},
				"west": {"uv": [8, 7.5, 8.0625, 7.53125], "texture": "#0"},
				"up": {"uv": [3.59375, 6.0625, 3.5, 6], "texture": "#0"},
				"down": {"uv": [6.09375, 3.5, 6, 3.5625], "texture": "#0"}
			}
		},
		{
			"from": [4.5, 10.65, 7.9],
			"to": [4.9, 10.75, 8.1],
			"faces": {
				"north": {"uv": [5.25, 7.5, 5.34375, 7.53125], "texture": "#0"},
				"east": {"uv": [7.75, 8, 7.8125, 8.03125], "texture": "#0"},
				"south": {"uv": [7.5, 5.25, 7.59375, 5.28125], "texture": "#0"},
				"west": {"uv": [8, 7.75, 8.0625, 7.78125], "texture": "#0"},
				"up": {"uv": [3.84375, 6.0625, 3.75, 6], "texture": "#0"},
				"down": {"uv": [6.09375, 3.75, 6, 3.8125], "texture": "#0"}
			}
		},
		{
			"from": [11, 10.65, 7.9],
			"to": [11.4, 10.75, 8.1],
			"faces": {
				"north": {"uv": [5.5, 7.5, 5.59375, 7.53125], "texture": "#0"},
				"east": {"uv": [8, 8, 8.0625, 8.03125], "texture": "#0"},
				"south": {"uv": [7.5, 5.5, 7.59375, 5.53125], "texture": "#0"},
				"west": {"uv": [0, 8.25, 0.0625, 8.28125], "texture": "#0"},
				"up": {"uv": [4.09375, 6.0625, 4, 6], "texture": "#0"},
				"down": {"uv": [6.09375, 4, 6, 4.0625], "texture": "#0"}
			}
		},
		{
			"from": [11, 10.85, 7.9],
			"to": [11.4, 10.95, 8.1],
			"faces": {
				"north": {"uv": [5.75, 7.5, 5.84375, 7.53125], "texture": "#0"},
				"east": {"uv": [8.25, 0, 8.3125, 0.03125], "texture": "#0"},
				"south": {"uv": [7.5, 5.75, 7.59375, 5.78125], "texture": "#0"},
				"west": {"uv": [0.25, 8.25, 0.3125, 8.28125], "texture": "#0"},
				"up": {"uv": [4.34375, 6.0625, 4.25, 6], "texture": "#0"},
				"down": {"uv": [6.09375, 4.25, 6, 4.3125], "texture": "#0"}
			}
		},
		{
			"from": [4.8, 10.75, 7.9],
			"to": [6.4, 10.85, 8.1],
			"faces": {
				"north": {"uv": [3, 1.75, 3.40625, 1.78125], "texture": "#0"},
				"east": {"uv": [8.25, 0.25, 8.3125, 0.28125], "texture": "#0"},
				"south": {"uv": [3, 2, 3.40625, 2.03125], "texture": "#0"},
				"west": {"uv": [0.5, 8.25, 0.5625, 8.28125], "texture": "#0"},
				"up": {"uv": [0.40625, 2.5625, 0, 2.5], "texture": "#0"},
				"down": {"uv": [2.90625, 0, 2.5, 0.0625], "texture": "#0"}
			}
		},
		{
			"from": [9.5, 10.75, 7.9],
			"to": [11.1, 10.85, 8.1],
			"faces": {
				"north": {"uv": [3, 2.25, 3.40625, 2.28125], "texture": "#0"},
				"east": {"uv": [8.25, 0.5, 8.3125, 0.53125], "texture": "#0"},
				"south": {"uv": [2.5, 3, 2.90625, 3.03125], "texture": "#0"},
				"west": {"uv": [0.75, 8.25, 0.8125, 8.28125], "texture": "#0"},
				"up": {"uv": [2.90625, 0.3125, 2.5, 0.25], "texture": "#0"},
				"down": {"uv": [2.90625, 0.5, 2.5, 0.5625], "texture": "#0"}
			}
		},
		{
			"from": [11.4, 10.55, 7.9],
			"to": [12.4, 11.05, 8.1],
			"faces": {
				"north": {"uv": [2.25, 1.75, 2.5, 1.875], "texture": "#0"},
				"east": {"uv": [3.75, 5, 3.8125, 5.125], "texture": "#0"},
				"south": {"uv": [2, 2.25, 2.25, 2.375], "texture": "#0"},
				"west": {"uv": [5, 3.75, 5.0625, 3.875], "texture": "#0"},
				"up": {"uv": [3, 2.8125, 2.75, 2.75], "texture": "#0"},
				"down": {"uv": [3.25, 0, 3, 0.0625], "texture": "#0"}
			}
		},
		{
			"from": [3.5, 10.55, 7.9],
			"to": [4.5, 11.05, 8.1],
			"faces": {
				"north": {"uv": [2.25, 2, 2.5, 2.125], "texture": "#0"},
				"east": {"uv": [4, 5, 4.0625, 5.125], "texture": "#0"},
				"south": {"uv": [2.25, 2.25, 2.5, 2.375], "texture": "#0"},
				"west": {"uv": [5, 4, 5.0625, 4.125], "texture": "#0"},
				"up": {"uv": [3.25, 0.3125, 3, 0.25], "texture": "#0"},
				"down": {"uv": [3.25, 0.5, 3, 0.5625], "texture": "#0"}
			}
		},
		{
			"from": [7.8, 9.9, 7.9],
			"to": [8.2, 10.1, 8.1],
			"faces": {
				"north": {"uv": [6.75, 2, 6.90625, 2.03125], "texture": "#0"},
				"east": {"uv": [2.25, 6.75, 2.40625, 6.78125], "texture": "#0"},
				"south": {"uv": [6.75, 2.25, 6.90625, 2.28125], "texture": "#0"},
				"west": {"uv": [2.5, 6.75, 2.65625, 6.78125], "texture": "#0"},
				"up": {"uv": [1.65625, 2.65625, 1.5, 2.5], "texture": "#0"},
				"down": {"uv": [2.65625, 1.5, 2.5, 1.65625], "texture": "#0"}
			}
		},
		{
			"from": [7.8, 10.9, 7.9],
			"to": [8.2, 11.1, 8.1],
			"faces": {
				"north": {"uv": [6.75, 2.5, 6.90625, 2.53125], "texture": "#0"},
				"east": {"uv": [2.75, 6.75, 2.90625, 6.78125], "texture": "#0"},
				"south": {"uv": [6.75, 2.75, 6.90625, 2.78125], "texture": "#0"},
				"west": {"uv": [3, 6.75, 3.15625, 6.78125], "texture": "#0"},
				"up": {"uv": [1.90625, 2.65625, 1.75, 2.5], "texture": "#0"},
				"down": {"uv": [2.65625, 1.75, 2.5, 1.90625], "texture": "#0"}
			}
		},
		{
			"from": [7.6, 10.1, 7.6],
			"to": [8.4, 10.2, 8.4],
			"faces": {
				"north": {"uv": [4.5, 6, 4.6875, 6.03125], "texture": "#0"},
				"east": {"uv": [6, 4.5, 6.1875, 4.53125], "texture": "#0"},
				"south": {"uv": [4.75, 6, 4.9375, 6.03125], "texture": "#0"},
				"west": {"uv": [6, 4.75, 6.1875, 4.78125], "texture": "#0"},
				"up": {"uv": [2.4375, 1.1875, 2.25, 1], "texture": "#0"},
				"down": {"uv": [1.4375, 2.25, 1.25, 2.4375], "texture": "#0"}
			}
		},
		{
			"from": [7.6, 10.8, 7.6],
			"to": [8.4, 10.9, 8.4],
			"faces": {
				"north": {"uv": [5, 6, 5.1875, 6.03125], "texture": "#0"},
				"east": {"uv": [6, 5, 6.1875, 5.03125], "texture": "#0"},
				"south": {"uv": [5.25, 6, 5.4375, 6.03125], "texture": "#0"},
				"west": {"uv": [6, 5.25, 6.1875, 5.28125], "texture": "#0"},
				"up": {"uv": [2.4375, 1.4375, 2.25, 1.25], "texture": "#0"},
				"down": {"uv": [1.6875, 2.25, 1.5, 2.4375], "texture": "#0"}
			}
		},
		{
			"from": [7.5, 10.2, 7.5],
			"to": [8.5, 10.3, 8.5],
			"faces": {
				"north": {"uv": [4.25, 5, 4.5, 5.03125], "texture": "#0"},
				"east": {"uv": [5, 4.25, 5.25, 4.28125], "texture": "#0"},
				"south": {"uv": [4.5, 5, 4.75, 5.03125], "texture": "#0"},
				"west": {"uv": [5, 4.5, 5.25, 4.53125], "texture": "#0"},
				"up": {"uv": [0.25, 1.75, 0, 1.5], "texture": "#0"},
				"down": {"uv": [1.75, 0, 1.5, 0.25], "texture": "#0"}
			}
		},
		{
			"from": [7.5, 10.7, 7.5],
			"to": [8.5, 10.8, 8.5],
			"faces": {
				"north": {"uv": [4.75, 5, 5, 5.03125], "texture": "#0"},
				"east": {"uv": [5, 4.75, 5.25, 4.78125], "texture": "#0"},
				"south": {"uv": [5, 5, 5.25, 5.03125], "texture": "#0"},
				"west": {"uv": [0, 5.25, 0.25, 5.28125], "texture": "#0"},
				"up": {"uv": [0.5, 1.75, 0.25, 1.5], "texture": "#0"},
				"down": {"uv": [1.75, 0.25, 1.5, 0.5], "texture": "#0"}
			}
		},
		{
			"from": [7.4, 10.3, 7.4],
			"to": [8.6, 10.4, 8.6],
			"faces": {
				"north": {"uv": [2, 3.5, 2.3125, 3.53125], "texture": "#0"},
				"east": {"uv": [3.5, 2, 3.8125, 2.03125], "texture": "#0"},
				"south": {"uv": [3.5, 2.25, 3.8125, 2.28125], "texture": "#0"},
				"west": {"uv": [2.5, 3.5, 2.8125, 3.53125], "texture": "#0"},
				"up": {"uv": [1.3125, 0.3125, 1, 0], "texture": "#0"},
				"down": {"uv": [0.8125, 1, 0.5, 1.3125], "texture": "#0"}
			}
		},
		{
			"from": [7.4, 10.6, 7.4],
			"to": [8.6, 10.7, 8.6],
			"faces": {
				"north": {"uv": [3.5, 2.5, 3.8125, 2.53125], "texture": "#0"},
				"east": {"uv": [3.5, 2.75, 3.8125, 2.78125], "texture": "#0"},
				"south": {"uv": [3, 3.5, 3.3125, 3.53125], "texture": "#0"},
				"west": {"uv": [3.5, 3, 3.8125, 3.03125], "texture": "#0"},
				"up": {"uv": [1.3125, 0.8125, 1, 0.5], "texture": "#0"},
				"down": {"uv": [1.3125, 1, 1, 1.3125], "texture": "#0"}
			}
		},
		{
			"from": [7.3, 10.4, 7.3],
			"to": [8.7, 10.6, 8.7],
			"faces": {
				"north": {"uv": [2.75, 0.75, 3.09375, 0.8125], "texture": "#0"},
				"east": {"uv": [2.75, 1, 3.09375, 1.0625], "texture": "#0"},
				"south": {"uv": [1.25, 2.75, 1.59375, 2.8125], "texture": "#0"},
				"west": {"uv": [2.75, 1.25, 3.09375, 1.3125], "texture": "#0"},
				"up": {"uv": [0.84375, 0.34375, 0.5, 0], "texture": "#0"},
				"down": {"uv": [0.84375, 0.5, 0.5, 0.84375], "texture": "#0"}
			}
		},
		{
			"from": [8.2, 9.3, 8.2],
			"to": [8.6, 9.5, 8.6],
			"faces": {
				"north": {"uv": [5.5, 6, 5.59375, 6.0625], "texture": "#0"},
				"east": {"uv": [6, 5.5, 6.09375, 5.5625], "texture": "#0"},
				"south": {"uv": [5.75, 6, 5.84375, 6.0625], "texture": "#0"},
				"west": {"uv": [6, 5.75, 6.09375, 5.8125], "texture": "#0"},
				"up": {"uv": [4.84375, 2.34375, 4.75, 2.25], "texture": "#0"},
				"down": {"uv": [2.59375, 4.75, 2.5, 4.84375], "texture": "#0"}
			}
		},
		{
			"from": [8.2, 9.3, 7.4],
			"to": [8.6, 9.5, 7.8],
			"faces": {
				"north": {"uv": [6, 6, 6.09375, 6.0625], "texture": "#0"},
				"east": {"uv": [0, 6.25, 0.09375, 6.3125], "texture": "#0"},
				"south": {"uv": [6.25, 0, 6.34375, 0.0625], "texture": "#0"},
				"west": {"uv": [0.25, 6.25, 0.34375, 6.3125], "texture": "#0"},
				"up": {"uv": [4.84375, 2.59375, 4.75, 2.5], "texture": "#0"},
				"down": {"uv": [2.84375, 4.75, 2.75, 4.84375], "texture": "#0"}
			}
		},
		{
			"from": [7.4, 9.3, 7.4],
			"to": [7.8, 9.5, 7.8],
			"faces": {
				"north": {"uv": [6.25, 0.25, 6.34375, 0.3125], "texture": "#0"},
				"east": {"uv": [0.5, 6.25, 0.59375, 6.3125], "texture": "#0"},
				"south": {"uv": [6.25, 0.5, 6.34375, 0.5625], "texture": "#0"},
				"west": {"uv": [0.75, 6.25, 0.84375, 6.3125], "texture": "#0"},
				"up": {"uv": [4.84375, 2.84375, 4.75, 2.75], "texture": "#0"},
				"down": {"uv": [3.09375, 4.75, 3, 4.84375], "texture": "#0"}
			}
		},
		{
			"from": [7.4, 9.3, 8.2],
			"to": [7.8, 9.5, 8.6],
			"faces": {
				"north": {"uv": [6.25, 0.75, 6.34375, 0.8125], "texture": "#0"},
				"east": {"uv": [1, 6.25, 1.09375, 6.3125], "texture": "#0"},
				"south": {"uv": [6.25, 1, 6.34375, 1.0625], "texture": "#0"},
				"west": {"uv": [1.25, 6.25, 1.34375, 6.3125], "texture": "#0"},
				"up": {"uv": [4.84375, 3.09375, 4.75, 3], "texture": "#0"},
				"down": {"uv": [3.34375, 4.75, 3.25, 4.84375], "texture": "#0"}
			}
		},
		{
			"from": [7.5, 8.7, 8.3],
			"to": [7.7, 9.3, 8.5],
			"faces": {
				"north": {"uv": [3.5, 3.25, 3.5625, 3.40625], "texture": "#0"},
				"east": {"uv": [3.5, 3.5, 3.5625, 3.65625], "texture": "#0"},
				"south": {"uv": [0, 3.75, 0.0625, 3.90625], "texture": "#0"},
				"west": {"uv": [3.75, 0, 3.8125, 0.15625], "texture": "#0"},
				"up": {"uv": [4.5625, 7.0625, 4.5, 7], "texture": "#0"},
				"down": {"uv": [7.0625, 4.5, 7, 4.5625], "texture": "#0"}
			}
		},
		{
			"from": [7.5, 7.1, 8.3],
			"to": [7.7, 7.7, 8.5],
			"faces": {
				"north": {"uv": [0.25, 3.75, 0.3125, 3.90625], "texture": "#0"},
				"east": {"uv": [3.75, 0.25, 3.8125, 0.40625], "texture": "#0"},
				"south": {"uv": [0.5, 3.75, 0.5625, 3.90625], "texture": "#0"},
				"west": {"uv": [3.75, 0.5, 3.8125, 0.65625], "texture": "#0"},
				"up": {"uv": [4.8125, 7.0625, 4.75, 7], "texture": "#0"},
				"down": {"uv": [7.0625, 4.75, 7, 4.8125], "texture": "#0"}
			}
		},
		{
			"from": [7.5, 5.5, 8.3],
			"to": [7.7, 6.1, 8.5],
			"faces": {
				"north": {"uv": [0.75, 3.75, 0.8125, 3.90625], "texture": "#0"},
				"east": {"uv": [3.75, 0.75, 3.8125, 0.90625], "texture": "#0"},
				"south": {"uv": [1, 3.75, 1.0625, 3.90625], "texture": "#0"},
				"west": {"uv": [3.75, 1, 3.8125, 1.15625], "texture": "#0"},
				"up": {"uv": [5.0625, 7.0625, 5, 7], "texture": "#0"},
				"down": {"uv": [7.0625, 5, 7, 5.0625], "texture": "#0"}
			}
		},
		{
			"from": [8.2, 2.9, 8.2],
			"to": [8.6, 3.1, 8.6],
			"faces": {
				"north": {"uv": [6.25, 1.25, 6.34375, 1.3125], "texture": "#0"},
				"east": {"uv": [1.5, 6.25, 1.59375, 6.3125], "texture": "#0"},
				"south": {"uv": [6.25, 1.5, 6.34375, 1.5625], "texture": "#0"},
				"west": {"uv": [1.75, 6.25, 1.84375, 6.3125], "texture": "#0"},
				"up": {"uv": [4.84375, 3.34375, 4.75, 3.25], "texture": "#0"},
				"down": {"uv": [3.59375, 4.75, 3.5, 4.84375], "texture": "#0"}
			}
		},
		{
			"from": [8.2, 3.7, 8.2],
			"to": [8.6, 3.9, 8.6],
			"faces": {
				"north": {"uv": [6.25, 1.75, 6.34375, 1.8125], "texture": "#0"},
				"east": {"uv": [2, 6.25, 2.09375, 6.3125], "texture": "#0"},
				"south": {"uv": [6.25, 2, 6.34375, 2.0625], "texture": "#0"},
				"west": {"uv": [2.25, 6.25, 2.34375, 6.3125], "texture": "#0"},
				"up": {"uv": [4.84375, 3.59375, 4.75, 3.5], "texture": "#0"},
				"down": {"uv": [3.84375, 4.75, 3.75, 4.84375], "texture": "#0"}
			}
		},
		{
			"from": [8.3, 5.5, 8.3],
			"to": [8.5, 6.1, 8.5],
			"faces": {
				"north": {"uv": [1.25, 3.75, 1.3125, 3.90625], "texture": "#0"},
				"east": {"uv": [3.75, 1.25, 3.8125, 1.40625], "texture": "#0"},
				"south": {"uv": [1.5, 3.75, 1.5625, 3.90625], "texture": "#0"},
				"west": {"uv": [3.75, 1.5, 3.8125, 1.65625], "texture": "#0"},
				"up": {"uv": [5.3125, 7.0625, 5.25, 7], "texture": "#0"},
				"down": {"uv": [7.0625, 5.25, 7, 5.3125], "texture": "#0"}
			}
		},
		{
			"from": [8.2, 4.5, 8.2],
			"to": [8.6, 4.7, 8.6],
			"faces": {
				"north": {"uv": [6.25, 2.25, 6.34375, 2.3125], "texture": "#0"},
				"east": {"uv": [2.5, 6.25, 2.59375, 6.3125], "texture": "#0"},
				"south": {"uv": [6.25, 2.5, 6.34375, 2.5625], "texture": "#0"},
				"west": {"uv": [2.75, 6.25, 2.84375, 6.3125], "texture": "#0"},
				"up": {"uv": [4.84375, 3.84375, 4.75, 3.75], "texture": "#0"},
				"down": {"uv": [4.09375, 4.75, 4, 4.84375], "texture": "#0"}
			}
		},
		{
			"from": [8.2, 6.1, 8.2],
			"to": [8.6, 6.3, 8.6],
			"faces": {
				"north": {"uv": [6.25, 2.75, 6.34375, 2.8125], "texture": "#0"},
				"east": {"uv": [3, 6.25, 3.09375, 6.3125], "texture": "#0"},
				"south": {"uv": [6.25, 3, 6.34375, 3.0625], "texture": "#0"},
				"west": {"uv": [3.25, 6.25, 3.34375, 6.3125], "texture": "#0"},
				"up": {"uv": [4.84375, 4.09375, 4.75, 4], "texture": "#0"},
				"down": {"uv": [4.34375, 4.75, 4.25, 4.84375], "texture": "#0"}
			}
		},
		{
			"from": [8.3, 7.1, 8.3],
			"to": [8.5, 7.7, 8.5],
			"faces": {
				"north": {"uv": [1.75, 3.75, 1.8125, 3.90625], "texture": "#0"},
				"east": {"uv": [3.75, 1.75, 3.8125, 1.90625], "texture": "#0"},
				"south": {"uv": [2, 3.75, 2.0625, 3.90625], "texture": "#0"},
				"west": {"uv": [2.25, 3.75, 2.3125, 3.90625], "texture": "#0"},
				"up": {"uv": [5.5625, 7.0625, 5.5, 7], "texture": "#0"},
				"down": {"uv": [7.0625, 5.5, 7, 5.5625], "texture": "#0"}
			}
		},
		{
			"from": [8.2, 7.7, 8.2],
			"to": [8.6, 7.9, 8.6],
			"faces": {
				"north": {"uv": [6.25, 3.25, 6.34375, 3.3125], "texture": "#0"},
				"east": {"uv": [3.5, 6.25, 3.59375, 6.3125], "texture": "#0"},
				"south": {"uv": [6.25, 3.5, 6.34375, 3.5625], "texture": "#0"},
				"west": {"uv": [3.75, 6.25, 3.84375, 6.3125], "texture": "#0"},
				"up": {"uv": [4.84375, 4.34375, 4.75, 4.25], "texture": "#0"},
				"down": {"uv": [4.59375, 4.75, 4.5, 4.84375], "texture": "#0"}
			}
		},
		{
			"from": [8.2, 8.5, 8.2],
			"to": [8.6, 8.7, 8.6],
			"faces": {
				"north": {"uv": [6.25, 3.75, 6.34375, 3.8125], "texture": "#0"},
				"east": {"uv": [4, 6.25, 4.09375, 6.3125], "texture": "#0"},
				"south": {"uv": [6.25, 4, 6.34375, 4.0625], "texture": "#0"},
				"west": {"uv": [4.25, 6.25, 4.34375, 6.3125], "texture": "#0"},
				"up": {"uv": [4.84375, 4.59375, 4.75, 4.5], "texture": "#0"},
				"down": {"uv": [4.84375, 4.75, 4.75, 4.84375], "texture": "#0"}
			}
		},
		{
			"from": [8.3, 8.7, 8.3],
			"to": [8.5, 9.3, 8.5],
			"faces": {
				"north": {"uv": [2.5, 3.75, 2.5625, 3.90625], "texture": "#0"},
				"east": {"uv": [2.75, 3.75, 2.8125, 3.90625], "texture": "#0"},
				"south": {"uv": [3, 3.75, 3.0625, 3.90625], "texture": "#0"},
				"west": {"uv": [3.25, 3.75, 3.3125, 3.90625], "texture": "#0"},
				"up": {"uv": [5.8125, 7.0625, 5.75, 7], "texture": "#0"},
				"down": {"uv": [7.0625, 5.75, 7, 5.8125], "texture": "#0"}
			}
		},
		{
			"from": [8.2, 2.9, 7.4],
			"to": [8.6, 3.1, 7.8],
			"faces": {
				"north": {"uv": [6.25, 4.25, 6.34375, 4.3125], "texture": "#0"},
				"east": {"uv": [4.5, 6.25, 4.59375, 6.3125], "texture": "#0"},
				"south": {"uv": [6.25, 4.5, 6.34375, 4.5625], "texture": "#0"},
				"west": {"uv": [4.75, 6.25, 4.84375, 6.3125], "texture": "#0"},
				"up": {"uv": [0.09375, 5.09375, 0, 5], "texture": "#0"},
				"down": {"uv": [5.09375, 0, 5, 0.09375], "texture": "#0"}
			}
		},
		{
			"from": [8.2, 3.7, 7.4],
			"to": [8.6, 3.9, 7.8],
			"faces": {
				"north": {"uv": [6.25, 4.75, 6.34375, 4.8125], "texture": "#0"},
				"east": {"uv": [5, 6.25, 5.09375, 6.3125], "texture": "#0"},
				"south": {"uv": [6.25, 5, 6.34375, 5.0625], "texture": "#0"},
				"west": {"uv": [5.25, 6.25, 5.34375, 6.3125], "texture": "#0"},
				"up": {"uv": [0.34375, 5.09375, 0.25, 5], "texture": "#0"},
				"down": {"uv": [5.09375, 0.25, 5, 0.34375], "texture": "#0"}
			}
		},
		{
			"from": [8.3, 5.5, 7.5],
			"to": [8.5, 6.1, 7.7],
			"faces": {
				"north": {"uv": [3.75, 3.25, 3.8125, 3.40625], "texture": "#0"},
				"east": {"uv": [3.5, 3.75, 3.5625, 3.90625], "texture": "#0"},
				"south": {"uv": [3.75, 3.5, 3.8125, 3.65625], "texture": "#0"},
				"west": {"uv": [3.75, 3.75, 3.8125, 3.90625], "texture": "#0"},
				"up": {"uv": [6.0625, 7.0625, 6, 7], "texture": "#0"},
				"down": {"uv": [7.0625, 6, 7, 6.0625], "texture": "#0"}
			}
		},
		{
			"from": [8.2, 4.5, 7.4],
			"to": [8.6, 4.7, 7.8],
			"faces": {
				"north": {"uv": [6.25, 5.25, 6.34375, 5.3125], "texture": "#0"},
				"east": {"uv": [5.5, 6.25, 5.59375, 6.3125], "texture": "#0"},
				"south": {"uv": [6.25, 5.5, 6.34375, 5.5625], "texture": "#0"},
				"west": {"uv": [5.75, 6.25, 5.84375, 6.3125], "texture": "#0"},
				"up": {"uv": [0.59375, 5.09375, 0.5, 5], "texture": "#0"},
				"down": {"uv": [5.09375, 0.5, 5, 0.59375], "texture": "#0"}
			}
		},
		{
			"from": [8.2, 6.1, 7.4],
			"to": [8.6, 6.3, 7.8],
			"faces": {
				"north": {"uv": [6.25, 5.75, 6.34375, 5.8125], "texture": "#0"},
				"east": {"uv": [6, 6.25, 6.09375, 6.3125], "texture": "#0"},
				"south": {"uv": [6.25, 6, 6.34375, 6.0625], "texture": "#0"},
				"west": {"uv": [6.25, 6.25, 6.34375, 6.3125], "texture": "#0"},
				"up": {"uv": [0.84375, 5.09375, 0.75, 5], "texture": "#0"},
				"down": {"uv": [5.09375, 0.75, 5, 0.84375], "texture": "#0"}
			}
		},
		{
			"from": [8.3, 7.1, 7.5],
			"to": [8.5, 7.7, 7.7],
			"faces": {
				"north": {"uv": [0, 4, 0.0625, 4.15625], "texture": "#0"},
				"east": {"uv": [4, 0, 4.0625, 0.15625], "texture": "#0"},
				"south": {"uv": [0.25, 4, 0.3125, 4.15625], "texture": "#0"},
				"west": {"uv": [4, 0.25, 4.0625, 0.40625], "texture": "#0"},
				"up": {"uv": [6.3125, 7.0625, 6.25, 7], "texture": "#0"},
				"down": {"uv": [7.0625, 6.25, 7, 6.3125], "texture": "#0"}
			}
		},
		{
			"from": [8.2, 7.7, 7.4],
			"to": [8.6, 7.9, 7.8],
			"faces": {
				"north": {"uv": [0, 6.5, 0.09375, 6.5625], "texture": "#0"},
				"east": {"uv": [6.5, 0, 6.59375, 0.0625], "texture": "#0"},
				"south": {"uv": [0.25, 6.5, 0.34375, 6.5625], "texture": "#0"},
				"west": {"uv": [6.5, 0.25, 6.59375, 0.3125], "texture": "#0"},
				"up": {"uv": [1.09375, 5.09375, 1, 5], "texture": "#0"},
				"down": {"uv": [5.09375, 1, 5, 1.09375], "texture": "#0"}
			}
		},
		{
			"from": [8.2, 8.5, 7.4],
			"to": [8.6, 8.7, 7.8],
			"faces": {
				"north": {"uv": [0.5, 6.5, 0.59375, 6.5625], "texture": "#0"},
				"east": {"uv": [6.5, 0.5, 6.59375, 0.5625], "texture": "#0"},
				"south": {"uv": [0.75, 6.5, 0.84375, 6.5625], "texture": "#0"},
				"west": {"uv": [6.5, 0.75, 6.59375, 0.8125], "texture": "#0"},
				"up": {"uv": [1.34375, 5.09375, 1.25, 5], "texture": "#0"},
				"down": {"uv": [5.09375, 1.25, 5, 1.34375], "texture": "#0"}
			}
		},
		{
			"from": [8.3, 8.7, 7.5],
			"to": [8.5, 9.3, 7.7],
			"faces": {
				"north": {"uv": [0.5, 4, 0.5625, 4.15625], "texture": "#0"},
				"east": {"uv": [4, 0.5, 4.0625, 0.65625], "texture": "#0"},
				"south": {"uv": [0.75, 4, 0.8125, 4.15625], "texture": "#0"},
				"west": {"uv": [4, 0.75, 4.0625, 0.90625], "texture": "#0"},
				"up": {"uv": [6.5625, 7.0625, 6.5, 7], "texture": "#0"},
				"down": {"uv": [7.0625, 6.5, 7, 6.5625], "texture": "#0"}
			}
		},
		{
			"from": [7.4, 2.9, 7.4],
			"to": [7.8, 3.1, 7.8],
			"faces": {
				"north": {"uv": [1, 6.5, 1.09375, 6.5625], "texture": "#0"},
				"east": {"uv": [6.5, 1, 6.59375, 1.0625], "texture": "#0"},
				"south": {"uv": [1.25, 6.5, 1.34375, 6.5625], "texture": "#0"},
				"west": {"uv": [6.5, 1.25, 6.59375, 1.3125], "texture": "#0"},
				"up": {"uv": [1.59375, 5.09375, 1.5, 5], "texture": "#0"},
				"down": {"uv": [5.09375, 1.5, 5, 1.59375], "texture": "#0"}
			}
		},
		{
			"from": [7.4, 3.7, 7.4],
			"to": [7.8, 3.9, 7.8],
			"faces": {
				"north": {"uv": [1.5, 6.5, 1.59375, 6.5625], "texture": "#0"},
				"east": {"uv": [6.5, 1.5, 6.59375, 1.5625], "texture": "#0"},
				"south": {"uv": [1.75, 6.5, 1.84375, 6.5625], "texture": "#0"},
				"west": {"uv": [6.5, 1.75, 6.59375, 1.8125], "texture": "#0"},
				"up": {"uv": [1.84375, 5.09375, 1.75, 5], "texture": "#0"},
				"down": {"uv": [5.09375, 1.75, 5, 1.84375], "texture": "#0"}
			}
		},
		{
			"from": [7.5, 5.5, 7.5],
			"to": [7.7, 6.1, 7.7],
			"faces": {
				"north": {"uv": [1, 4, 1.0625, 4.15625], "texture": "#0"},
				"east": {"uv": [4, 1, 4.0625, 1.15625], "texture": "#0"},
				"south": {"uv": [1.25, 4, 1.3125, 4.15625], "texture": "#0"},
				"west": {"uv": [4, 1.25, 4.0625, 1.40625], "texture": "#0"},
				"up": {"uv": [6.8125, 7.0625, 6.75, 7], "texture": "#0"},
				"down": {"uv": [7.0625, 6.75, 7, 6.8125], "texture": "#0"}
			}
		},
		{
			"from": [7.4, 4.5, 7.4],
			"to": [7.8, 4.7, 7.8],
			"faces": {
				"north": {"uv": [2, 6.5, 2.09375, 6.5625], "texture": "#0"},
				"east": {"uv": [6.5, 2, 6.59375, 2.0625], "texture": "#0"},
				"south": {"uv": [2.25, 6.5, 2.34375, 6.5625], "texture": "#0"},
				"west": {"uv": [6.5, 2.25, 6.59375, 2.3125], "texture": "#0"},
				"up": {"uv": [2.09375, 5.09375, 2, 5], "texture": "#0"},
				"down": {"uv": [5.09375, 2, 5, 2.09375], "texture": "#0"}
			}
		},
		{
			"from": [7.4, 6.1, 7.4],
			"to": [7.8, 6.3, 7.8],
			"faces": {
				"north": {"uv": [2.5, 6.5, 2.59375, 6.5625], "texture": "#0"},
				"east": {"uv": [6.5, 2.5, 6.59375, 2.5625], "texture": "#0"},
				"south": {"uv": [2.75, 6.5, 2.84375, 6.5625], "texture": "#0"},
				"west": {"uv": [6.5, 2.75, 6.59375, 2.8125], "texture": "#0"},
				"up": {"uv": [2.34375, 5.09375, 2.25, 5], "texture": "#0"},
				"down": {"uv": [5.09375, 2.25, 5, 2.34375], "texture": "#0"}
			}
		},
		{
			"from": [7.5, 7.1, 7.5],
			"to": [7.7, 7.7, 7.7],
			"faces": {
				"north": {"uv": [1.5, 4, 1.5625, 4.15625], "texture": "#0"},
				"east": {"uv": [4, 1.5, 4.0625, 1.65625], "texture": "#0"},
				"south": {"uv": [1.75, 4, 1.8125, 4.15625], "texture": "#0"},
				"west": {"uv": [4, 1.75, 4.0625, 1.90625], "texture": "#0"},
				"up": {"uv": [7.0625, 7.0625, 7, 7], "texture": "#0"},
				"down": {"uv": [0.0625, 7.25, 0, 7.3125], "texture": "#0"}
			}
		},
		{
			"from": [7.4, 7.7, 7.4],
			"to": [7.8, 7.9, 7.8],
			"faces": {
				"north": {"uv": [3, 6.5, 3.09375, 6.5625], "texture": "#0"},
				"east": {"uv": [6.5, 3, 6.59375, 3.0625], "texture": "#0"},
				"south": {"uv": [3.25, 6.5, 3.34375, 6.5625], "texture": "#0"},
				"west": {"uv": [6.5, 3.25, 6.59375, 3.3125], "texture": "#0"},
				"up": {"uv": [2.59375, 5.09375, 2.5, 5], "texture": "#0"},
				"down": {"uv": [5.09375, 2.5, 5, 2.59375], "texture": "#0"}
			}
		},
		{
			"from": [7.4, 8.5, 7.4],
			"to": [7.8, 8.7, 7.8],
			"faces": {
				"north": {"uv": [3.5, 6.5, 3.59375, 6.5625], "texture": "#0"},
				"east": {"uv": [6.5, 3.5, 6.59375, 3.5625], "texture": "#0"},
				"south": {"uv": [3.75, 6.5, 3.84375, 6.5625], "texture": "#0"},
				"west": {"uv": [6.5, 3.75, 6.59375, 3.8125], "texture": "#0"},
				"up": {"uv": [2.84375, 5.09375, 2.75, 5], "texture": "#0"},
				"down": {"uv": [5.09375, 2.75, 5, 2.84375], "texture": "#0"}
			}
		},
		{
			"from": [7.5, 8.7, 7.5],
			"to": [7.7, 9.3, 7.7],
			"faces": {
				"north": {"uv": [2, 4, 2.0625, 4.15625], "texture": "#0"},
				"east": {"uv": [4, 2, 4.0625, 2.15625], "texture": "#0"},
				"south": {"uv": [2.25, 4, 2.3125, 4.15625], "texture": "#0"},
				"west": {"uv": [4, 2.25, 4.0625, 2.40625], "texture": "#0"},
				"up": {"uv": [7.3125, 0.0625, 7.25, 0], "texture": "#0"},
				"down": {"uv": [0.3125, 7.25, 0.25, 7.3125], "texture": "#0"}
			}
		},
		{
			"from": [7.5, 3.9, 8.3],
			"to": [7.7, 4.5, 8.5],
			"faces": {
				"north": {"uv": [2.5, 4, 2.5625, 4.15625], "texture": "#0"},
				"east": {"uv": [4, 2.5, 4.0625, 2.65625], "texture": "#0"},
				"south": {"uv": [2.75, 4, 2.8125, 4.15625], "texture": "#0"},
				"west": {"uv": [4, 2.75, 4.0625, 2.90625], "texture": "#0"},
				"up": {"uv": [7.3125, 0.3125, 7.25, 0.25], "texture": "#0"},
				"down": {"uv": [0.5625, 7.25, 0.5, 7.3125], "texture": "#0"}
			}
		},
		{
			"from": [7.5, 3.1, 8.3],
			"to": [7.7, 3.7, 8.5],
			"faces": {
				"north": {"uv": [3, 4, 3.0625, 4.15625], "texture": "#0"},
				"east": {"uv": [4, 3, 4.0625, 3.15625], "texture": "#0"},
				"south": {"uv": [3.25, 4, 3.3125, 4.15625], "texture": "#0"},
				"west": {"uv": [4, 3.25, 4.0625, 3.40625], "texture": "#0"},
				"up": {"uv": [7.3125, 0.5625, 7.25, 0.5], "texture": "#0"},
				"down": {"uv": [0.8125, 7.25, 0.75, 7.3125], "texture": "#0"}
			}
		},
		{
			"from": [7.5, 3.9, 7.5],
			"to": [7.7, 4.5, 7.7],
			"faces": {
				"north": {"uv": [3.5, 4, 3.5625, 4.15625], "texture": "#0"},
				"east": {"uv": [4, 3.5, 4.0625, 3.65625], "texture": "#0"},
				"south": {"uv": [3.75, 4, 3.8125, 4.15625], "texture": "#0"},
				"west": {"uv": [4, 3.75, 4.0625, 3.90625], "texture": "#0"},
				"up": {"uv": [7.3125, 0.8125, 7.25, 0.75], "texture": "#0"},
				"down": {"uv": [1.0625, 7.25, 1, 7.3125], "texture": "#0"}
			}
		},
		{
			"from": [7.5, 3.1, 7.5],
			"to": [7.7, 3.7, 7.7],
			"faces": {
				"north": {"uv": [4, 4, 4.0625, 4.15625], "texture": "#0"},
				"east": {"uv": [0, 4.25, 0.0625, 4.40625], "texture": "#0"},
				"south": {"uv": [4.25, 0, 4.3125, 0.15625], "texture": "#0"},
				"west": {"uv": [0.25, 4.25, 0.3125, 4.40625], "texture": "#0"},
				"up": {"uv": [7.3125, 1.0625, 7.25, 1], "texture": "#0"},
				"down": {"uv": [1.3125, 7.25, 1.25, 7.3125], "texture": "#0"}
			}
		},
		{
			"from": [8.3, 3.9, 7.5],
			"to": [8.5, 4.5, 7.7],
			"faces": {
				"north": {"uv": [4.25, 0.25, 4.3125, 0.40625], "texture": "#0"},
				"east": {"uv": [0.5, 4.25, 0.5625, 4.40625], "texture": "#0"},
				"south": {"uv": [4.25, 0.5, 4.3125, 0.65625], "texture": "#0"},
				"west": {"uv": [0.75, 4.25, 0.8125, 4.40625], "texture": "#0"},
				"up": {"uv": [7.3125, 1.3125, 7.25, 1.25], "texture": "#0"},
				"down": {"uv": [1.5625, 7.25, 1.5, 7.3125], "texture": "#0"}
			}
		},
		{
			"from": [8.3, 3.1, 7.5],
			"to": [8.5, 3.7, 7.7],
			"faces": {
				"north": {"uv": [4.25, 0.75, 4.3125, 0.90625], "texture": "#0"},
				"east": {"uv": [1, 4.25, 1.0625, 4.40625], "texture": "#0"},
				"south": {"uv": [4.25, 1, 4.3125, 1.15625], "texture": "#0"},
				"west": {"uv": [1.25, 4.25, 1.3125, 4.40625], "texture": "#0"},
				"up": {"uv": [7.3125, 1.5625, 7.25, 1.5], "texture": "#0"},
				"down": {"uv": [1.8125, 7.25, 1.75, 7.3125], "texture": "#0"}
			}
		},
		{
			"from": [8.3, 3.9, 8.3],
			"to": [8.5, 4.5, 8.5],
			"faces": {
				"north": {"uv": [4.25, 1.25, 4.3125, 1.40625], "texture": "#0"},
				"east": {"uv": [1.5, 4.25, 1.5625, 4.40625], "texture": "#0"},
				"south": {"uv": [4.25, 1.5, 4.3125, 1.65625], "texture": "#0"},
				"west": {"uv": [1.75, 4.25, 1.8125, 4.40625], "texture": "#0"},
				"up": {"uv": [7.3125, 1.8125, 7.25, 1.75], "texture": "#0"},
				"down": {"uv": [2.0625, 7.25, 2, 7.3125], "texture": "#0"}
			}
		},
		{
			"from": [8.3, 3.1, 8.3],
			"to": [8.5, 3.7, 8.5],
			"faces": {
				"north": {"uv": [4.25, 1.75, 4.3125, 1.90625], "texture": "#0"},
				"east": {"uv": [2, 4.25, 2.0625, 4.40625], "texture": "#0"},
				"south": {"uv": [4.25, 2, 4.3125, 2.15625], "texture": "#0"},
				"west": {"uv": [2.25, 4.25, 2.3125, 4.40625], "texture": "#0"},
				"up": {"uv": [7.3125, 2.0625, 7.25, 2], "texture": "#0"},
				"down": {"uv": [2.3125, 7.25, 2.25, 7.3125], "texture": "#0"}
			}
		},
		{
			"from": [7.9, 8.7, 7.9],
			"to": [8.1, 9.3, 8.1],
			"faces": {
				"north": {"uv": [4.25, 2.25, 4.3125, 2.40625], "texture": "#0"},
				"east": {"uv": [2.5, 4.25, 2.5625, 4.40625], "texture": "#0"},
				"south": {"uv": [4.25, 2.5, 4.3125, 2.65625], "texture": "#0"},
				"west": {"uv": [2.75, 4.25, 2.8125, 4.40625], "texture": "#0"},
				"up": {"uv": [7.3125, 2.3125, 7.25, 2.25], "texture": "#0"},
				"down": {"uv": [2.5625, 7.25, 2.5, 7.3125], "texture": "#0"}
			}
		},
		{
			"from": [7.7, 2.5, 7.9],
			"to": [8.3, 2.7, 8.1],
			"faces": {
				"north": {"uv": [4.25, 2.75, 4.40625, 2.8125], "texture": "#0"},
				"east": {"uv": [7.25, 2.5, 7.3125, 2.5625], "texture": "#0"},
				"south": {"uv": [3, 4.25, 3.15625, 4.3125], "texture": "#0"},
				"west": {"uv": [2.75, 7.25, 2.8125, 7.3125], "texture": "#0"},
				"up": {"uv": [4.40625, 3.0625, 4.25, 3], "texture": "#0"},
				"down": {"uv": [3.40625, 4.25, 3.25, 4.3125], "texture": "#0"}
			}
		},
		{
			"from": [7.9, 2.3, 7.9],
			"to": [8.1, 2.5, 8.1],
			"faces": {
				"north": {"uv": [7.25, 2.75, 7.3125, 2.8125], "texture": "#0"},
				"east": {"uv": [3, 7.25, 3.0625, 7.3125], "texture": "#0"},
				"south": {"uv": [7.25, 3, 7.3125, 3.0625], "texture": "#0"},
				"west": {"uv": [3.25, 7.25, 3.3125, 7.3125], "texture": "#0"},
				"up": {"uv": [7.3125, 3.3125, 7.25, 3.25], "texture": "#0"},
				"down": {"uv": [3.5625, 7.25, 3.5, 7.3125], "texture": "#0"}
			}
		},
		{
			"from": [8.7, 2.3, 7.9],
			"to": [8.9, 2.5, 8.1],
			"faces": {
				"north": {"uv": [7.25, 3.5, 7.3125, 3.5625], "texture": "#0"},
				"east": {"uv": [3.75, 7.25, 3.8125, 7.3125], "texture": "#0"},
				"south": {"uv": [7.25, 3.75, 7.3125, 3.8125], "texture": "#0"},
				"west": {"uv": [4, 7.25, 4.0625, 7.3125], "texture": "#0"},
				"up": {"uv": [7.3125, 4.0625, 7.25, 4], "texture": "#0"},
				"down": {"uv": [4.3125, 7.25, 4.25, 7.3125], "texture": "#0"}
			}
		},
		{
			"from": [8.9, 2.1, 7.9],
			"to": [9.1, 2.3, 8.1],
			"faces": {
				"north": {"uv": [7.25, 4.25, 7.3125, 4.3125], "texture": "#0"},
				"east": {"uv": [4.5, 7.25, 4.5625, 7.3125], "texture": "#0"},
				"south": {"uv": [7.25, 4.5, 7.3125, 4.5625], "texture": "#0"},
				"west": {"uv": [4.75, 7.25, 4.8125, 7.3125], "texture": "#0"},
				"up": {"uv": [7.3125, 4.8125, 7.25, 4.75], "texture": "#0"},
				"down": {"uv": [5.0625, 7.25, 5, 7.3125], "texture": "#0"}
			}
		},
		{
			"from": [9.1, 1.9, 7.9],
			"to": [9.3, 2.1, 8.1],
			"faces": {
				"north": {"uv": [7.25, 5, 7.3125, 5.0625], "texture": "#0"},
				"east": {"uv": [5.25, 7.25, 5.3125, 7.3125], "texture": "#0"},
				"south": {"uv": [7.25, 5.25, 7.3125, 5.3125], "texture": "#0"},
				"west": {"uv": [5.5, 7.25, 5.5625, 7.3125], "texture": "#0"},
				"up": {"uv": [7.3125, 5.5625, 7.25, 5.5], "texture": "#0"},
				"down": {"uv": [5.8125, 7.25, 5.75, 7.3125], "texture": "#0"}
			}
		},
		{
			"from": [7.7, 0.7, 7.7],
			"to": [8.3, 2.1, 8.3],
			"faces": {
				"north": {"uv": [0.75, 1.5, 0.90625, 1.84375], "texture": "#0"},
				"east": {"uv": [1.5, 0.75, 1.65625, 1.09375], "texture": "#0"},
				"south": {"uv": [1, 1.5, 1.15625, 1.84375], "texture": "#0"},
				"west": {"uv": [1.25, 1.5, 1.40625, 1.84375], "texture": "#0"},
				"up": {"uv": [2.15625, 2.65625, 2, 2.5], "texture": "#0"},
				"down": {"uv": [2.65625, 2, 2.5, 2.15625], "texture": "#0"}
			}
		}
	],
	"display": {
		"thirdperson_righthand": {
			"rotation": [0, 90, 0],
			"translation": [0, 6, 0]
		},
		"thirdperson_lefthand": {
			"rotation": [0, 90, 0],
			"translation": [0, 6, 0]
		},
		"firstperson_righthand": {
			"rotation": [-61.5, 90, 0],
			"translation": [-3.25, 1.5, 6.25],
			"scale": [1.5, 1.5, 1.6]
		},
		"firstperson_lefthand": {
			"rotation": [-61.5, 90, 0],
			"translation": [-3.25, 1.5, 6.25],
			"scale": [1.5, 1.5, 1.6]
		},
		"ground": {
			"translation": [0, 5.25, 0]
		},
		"gui": {
			"rotation": [0, 0, -45],
			"translation": [-3.5, -3.5, 0],
			"scale": [0.57, 0.75, 0.75]
		},
		"head": {
			"rotation": [4, -13, -138],
			"translation": [-22.5, 26.5, 0],
			"scale": [2, 2, 2]
		},
		"fixed": {
			"translation": [0, -4.5, 0],
			"scale": [0.87109, 0.83203, 1.17188]
		}
	},
	"groups": [
		{
			"name": "group",
			"origin": [8, 8, 8],
			"color": 0,
			"children": [0, 1, 2, 3, 4, 5, 6, 7, 8, 9, 10, 11, 12, 13, 14, 15, 16, 17, 18, 19, 20, 21, 22, 23, 24, 25, 26, 27, 28, 29, 30, 31, 32, 33, 34, 35, 36, 37, 38, 39, 40, 41, 42, 43, 44, 45, 46, 47, 48, 49, 50, 51, 52, 53, 54, 55, 56, 57, 58, 59, 60, 61, 62, 63, 64, 65, 66, 67, 68, 69, 70, 71, 72, 73, 74, 75, 76, 77, 78, 79, 80, 81, 82, 83, 84, 85, 86, 87, 88, 89, 90, 91, 92, 93, 94, 95, 96, 97, 98, 99, 100, 101, 102, 103, 104, 105, 106, 107, 108, 109, 110, 111, 112, 113, 114, 115, 116, 117, 118, 119, 120, 121, 122, 123, 124, 125, 126, 127, 128, 129, 130, 131, 132, 133, 134, 135, 136, 137, 138, 139, 140, 141, 142, 143, 144, 145, 146, 147, 148, 149, 150, 151, 152, 153, 154, 155, 156, 157, 158, 159, 160, 161, 162, 163, 164, 165, 166, 167, 168, 169, 170, 171, 172, 173, 174, 175, 176, 177]
		}
	]
}