{
	"credit": "Made with Blockbench",
	"texture_size": [32, 32],
	"textures": {
		"0": "item/knowledge_book",
		"2": "item/written_book",
		"3": "item/book_binding",
		"particle": "item/knowledge_book"
	},
	"elements": [
		{
			"from": [4, 0, 3],
			"to": [12, 0.7, 13],
			"faces": {
				"north": {"uv": [6.25, 1.75, 8.25, 1.9375], "texture": "#0"},
				"east": {"uv": [4.25, 6, 6.75, 6.1875], "texture": "#0"},
				"south": {"uv": [6.25, 2, 8.25, 2.1875], "texture": "#0"},
				"west": {"uv": [6, 4.5, 8.5, 4.6875], "texture": "#0"},
				"up": {"uv": [2, 2.5, 0, 0], "texture": "#0"},
				"down": {"uv": [4, 0, 2, 2.5], "texture": "#0"}
			}
		},
		{
			"from": [3.5, 0.7, 3],
			"to": [4.5, 2, 13],
			"faces": {
				"north": {"uv": [4.25, 6.25, 4.5, 6.5625], "texture": "#0"},
				"east": {"uv": [4, 5, 6.5, 5.3125], "texture": "#0"},
				"south": {"uv": [4.5, 6.25, 4.75, 6.5625], "texture": "#0"},
				"west": {"uv": [4, 5.5, 6.5, 5.8125], "texture": "#0"},
				"up": {"uv": [6.25, 3.5, 6, 1], "texture": "#0"},
				"down": {"uv": [4.25, 6, 4, 8.5], "texture": "#0"}
			}
		},
		{
			"from": [4, 2, 3],
			"to": [12, 2.7, 13],
			"faces": {
				"north": {"uv": [6.25, 2.75, 8.25, 2.9375], "texture": "#0"},
				"east": {"uv": [6.25, 1.25, 8.75, 1.4375], "texture": "#0"},
				"south": {"uv": [6.25, 3, 8.25, 3.1875], "texture": "#0"},
				"west": {"uv": [6.25, 1.5, 8.75, 1.6875], "texture": "#0"},
				"up": {"uv": [6, 2.5, 4, 0], "texture": "#0"},
				"down": {"uv": [6, 2.5, 4, 5], "texture": "#0"}
			}
		},
		{
			"from": [4, 0.7, 3.2],
			"to": [11.7, 2, 12.8],
			"faces": {
				"north": {"uv": [6, 3.5, 7.9375, 3.8125], "texture": "#0"},
				"east": {"uv": [6, 0, 8.40625, 0.3125], "texture": "#0"},
				"south": {"uv": [6, 4, 7.9375, 4.3125], "texture": "#0"},
				"west": {"uv": [6, 0.5, 8.40625, 0.8125], "texture": "#0"},
				"up": {"uv": [1.9375, 7.40625, 0, 5], "texture": "#0"},
				"down": {"uv": [3.9375, 5, 2, 7.40625], "texture": "#0"}
			}
		},
		{
			"from": [3.8, -0.2, 4],
			"to": [4.8, 2.9, 5],
			"faces": {
				"north": {"uv": [0, 0, 2, 6.25], "texture": "#3"},
				"east": {"uv": [2, 0, 4, 6.25], "texture": "#3"},
				"south": {"uv": [4, 0, 6, 6.25], "texture": "#3"},
				"west": {"uv": [6, 0, 8, 6.25], "texture": "#3"},
				"up": {"uv": [12, 10, 10, 8], "texture": "#3"},
				"down": {"uv": [12, 10, 10, 12], "texture": "#3"}
			}
		},
		{
			"from": [3.3, 0.5, 4],
			"to": [3.8, 2.2, 5],
			"faces": {
				"north": {"uv": [12, 4, 13, 7.5], "texture": "#3"},
				"east": {"uv": [6, 8, 8, 11.5], "texture": "#3"},
				"south": {"uv": [6, 12, 7, 15.5], "texture": "#3"},
				"west": {"uv": [8, 8, 10, 11.5], "texture": "#3"},
				"up": {"uv": [11, 14, 10, 12], "texture": "#3"},
				"down": {"uv": [13, 12, 12, 14], "texture": "#3"}
			}
		},
		{
			"from": [3.3, 0.5, 11],
			"to": [3.8, 2.2, 12],
			"faces": {
				"north": {"uv": [8, 12, 9, 15.5], "texture": "#3"},
				"east": {"uv": [10, 0, 12, 3.5], "texture": "#3"},
				"south": {"uv": [12, 8, 13, 11.5], "texture": "#3"},
				"west": {"uv": [10, 4, 12, 7.5], "texture": "#3"},
				"up": {"uv": [15, 2, 14, 0], "texture": "#3"},
				"down": {"uv": [15, 2, 14, 4], "texture": "#3"}
			}
		},
		{
			"from": [3.8, -0.2, 11],
			"to": [4.8, 2.9, 12],
			"faces": {
				"north": {"uv": [0, 8, 2, 14.25], "texture": "#3"},
				"east": {"uv": [8, 0, 10, 6.25], "texture": "#3"},
				"south": {"uv": [2, 8, 4, 14.25], "texture": "#3"},
				"west": {"uv": [4, 8, 6, 14.25], "texture": "#3"},
				"up": {"uv": [14, 2, 12, 0], "texture": "#3"},
				"down": {"uv": [14, 2, 12, 4], "texture": "#3"}
			}
		},
		{
			"from": [11.9, 1.8, 7.5],
			"to": [12.2, 2.2, 8.5],
			"faces": {
				"north": {"uv": [1.4375, 6, 1.5875, 6.2], "texture": "#2"},
				"east": {"uv": [2.125, 6.375, 3.125, 6.575], "texture": "#2"},
				"south": {"uv": [0.1875, 6.0625, 0.3375, 6.2625], "texture": "#2"},
				"west": {"uv": [0.8125, 6.5625, 1.8125, 6.7625], "texture": "#2"},
				"up": {"uv": [2.375, 6.9375, 2.525, 7.9375], "texture": "#2"},
				"down": {"uv": [3.4375, 6.625, 3.5875, 7.625], "texture": "#2"}
			}
		},
		{
			"from": [11.9, 0.5, 7.5],
			"to": [12.2, 0.9, 8.5],
			"faces": {
				"north": {"uv": [1.4375, 6, 1.5875, 6.2], "texture": "#2"},
				"east": {"uv": [2.125, 6.375, 3.125, 6.575], "texture": "#2"},
				"south": {"uv": [0.1875, 6.0625, 0.3375, 6.2625], "texture": "#2"},
				"west": {"uv": [0.8125, 6.5625, 1.8125, 6.7625], "texture": "#2"},
				"up": {"uv": [2.375, 6.9375, 2.525, 7.9375], "texture": "#2"},
				"down": {"uv": [3.4375, 6.625, 3.5875, 7.625], "texture": "#2"}
			}
		}
	],
	"display": {
		"thirdperson_righthand": {
			"rotation": [45, 90, -45],
			"translation": [0.75, 2.75, -2],
			"scale": [0.75, 0.75, 0.75]
		},
		"thirdperson_lefthand": {
			"rotation": [45, 90, -45],
			"translation": [0.75, 2.75, -2],
			"scale": [0.75, 0.75, 0.75]
		},
		"firstperson_righthand": {
			"rotation": [75, 0, 0],
			"translation": [1.5, 6.5, 4.25]
		},
		"firstperson_lefthand": {
			"rotation": [75, 0, 0],
			"translation": [1.5, 6.5, 4.25]
		},
		"ground": {
			"translation": [0, 7.5, 0]
		},
		"gui": {
			"rotation": [90, 0, 0],
			"translation": [0, 0, -9],
			"scale": [1.5, 1.5, 1.5]
		},
		"head": {
			"translation": [0, 14, 0]
		},
		"fixed": {
			"rotation": [90, 0, -180],
			"translation": [0, 0, -9],
			"scale": [1.5, 1.5, 1.5]
		}
	}
}