{
	"credit": "Made with Blockbench",
	"textures": {
		"0": "item/netherite_axe",
		"1": "item/netherite_axe2",
		"particle": "item/netherite_axe"
	},
	"elements": [
		{
			"from": [7.5, 0, 7.5],
			"to": [8.5, 0.3, 8.5],
			"faces": {
				"north": {"uv": [6.5, 7, 7, 7.125], "texture": "#0"},
				"east": {"uv": [7, 6.5, 7.5, 6.625], "texture": "#0"},
				"south": {"uv": [7, 7, 7.5, 7.125], "texture": "#0"},
				"west": {"uv": [0, 7.5, 0.5, 7.625], "texture": "#0"},
				"up": {"uv": [2.5, 0.5, 2, 0], "texture": "#0"},
				"down": {"uv": [3, 3, 2.5, 3.5], "texture": "#0"}
			}
		},
		{
			"from": [7.8, 0.3, 7.8],
			"to": [8.2, 3.2, 8.2],
			"faces": {
				"north": {"uv": [1.5, 1, 1.6875, 2.4375], "texture": "#0"},
				"east": {"uv": [0.5, 2, 0.6875, 3.4375], "texture": "#0"},
				"south": {"uv": [1, 2, 1.1875, 3.4375], "texture": "#0"},
				"west": {"uv": [2, 1, 2.1875, 2.4375], "texture": "#0"},
				"up": {"uv": [4.6875, 9.1875, 4.5, 9], "texture": "#0"},
				"down": {"uv": [9.1875, 4.5, 9, 4.6875], "texture": "#0"}
			}
		},
		{
			"from": [7.7, 3.2, 7.7],
			"to": [8.3, 3.4, 8.3],
			"faces": {
				"north": {"uv": [0.5, 8.5, 0.8125, 8.625], "texture": "#0"},
				"east": {"uv": [8.5, 0.5, 8.8125, 0.625], "texture": "#0"},
				"south": {"uv": [1, 8.5, 1.3125, 8.625], "texture": "#0"},
				"west": {"uv": [8.5, 1, 8.8125, 1.125], "texture": "#0"},
				"up": {"uv": [6.8125, 0.3125, 6.5, 0], "texture": "#0"},
				"down": {"uv": [6.8125, 0.5, 6.5, 0.8125], "texture": "#0"}
			}
		},
		{
			"from": [7.8, 3.4, 7.8],
			"to": [8.2, 3.5, 8.2],
			"faces": {
				"north": {"uv": [11.5, 5.5, 11.6875, 5.5625], "texture": "#0"},
				"east": {"uv": [6, 11.5, 6.1875, 11.5625], "texture": "#0"},
				"south": {"uv": [11.5, 6, 11.6875, 6.0625], "texture": "#0"},
				"west": {"uv": [6.5, 11.5, 6.6875, 11.5625], "texture": "#0"},
				"up": {"uv": [5.1875, 9.1875, 5, 9], "texture": "#0"},
				"down": {"uv": [9.1875, 5, 9, 5.1875], "texture": "#0"}
			}
		},
		{
			"from": [7.7, 3.5, 7.7],
			"to": [8.3, 3.7, 8.3],
			"faces": {
				"north": {"uv": [1.5, 8.5, 1.8125, 8.625], "texture": "#0"},
				"east": {"uv": [8.5, 1.5, 8.8125, 1.625], "texture": "#0"},
				"south": {"uv": [2, 8.5, 2.3125, 8.625], "texture": "#0"},
				"west": {"uv": [8.5, 2, 8.8125, 2.125], "texture": "#0"},
				"up": {"uv": [6.8125, 1.3125, 6.5, 1], "texture": "#0"},
				"down": {"uv": [6.8125, 1.5, 6.5, 1.8125], "texture": "#0"}
			}
		},
		{
			"from": [7.8, 3.7, 7.8],
			"to": [8.2, 3.8, 8.2],
			"faces": {
				"north": {"uv": [11.5, 6.5, 11.6875, 6.5625], "texture": "#0"},
				"east": {"uv": [7, 11.5, 7.1875, 11.5625], "texture": "#0"},
				"south": {"uv": [11.5, 7, 11.6875, 7.0625], "texture": "#0"},
				"west": {"uv": [7.5, 11.5, 7.6875, 11.5625], "texture": "#0"},
				"up": {"uv": [5.6875, 9.1875, 5.5, 9], "texture": "#0"},
				"down": {"uv": [9.1875, 5.5, 9, 5.6875], "texture": "#0"}
			}
		},
		{
			"from": [7.7, 3.8, 7.7],
			"to": [8.3, 4, 8.3],
			"faces": {
				"north": {"uv": [2.5, 8.5, 2.8125, 8.625], "texture": "#0"},
				"east": {"uv": [8.5, 2.5, 8.8125, 2.625], "texture": "#0"},
				"south": {"uv": [3, 8.5, 3.3125, 8.625], "texture": "#0"},
				"west": {"uv": [8.5, 3, 8.8125, 3.125], "texture": "#0"},
				"up": {"uv": [2.3125, 6.8125, 2, 6.5], "texture": "#0"},
				"down": {"uv": [2.8125, 6.5, 2.5, 6.8125], "texture": "#0"}
			}
		},
		{
			"from": [7.8, 4, 7.8],
			"to": [8.2, 4.1, 8.2],
			"faces": {
				"north": {"uv": [11.5, 7.5, 11.6875, 7.5625], "texture": "#0"},
				"east": {"uv": [8, 11.5, 8.1875, 11.5625], "texture": "#0"},
				"south": {"uv": [11.5, 8, 11.6875, 8.0625], "texture": "#0"},
				"west": {"uv": [8.5, 11.5, 8.6875, 11.5625], "texture": "#0"},
				"up": {"uv": [6.1875, 9.1875, 6, 9], "texture": "#0"},
				"down": {"uv": [9.1875, 6, 9, 6.1875], "texture": "#0"}
			}
		},
		{
			"from": [7.7, 4.1, 7.7],
			"to": [8.3, 4.3, 8.3],
			"faces": {
				"north": {"uv": [3.5, 8.5, 3.8125, 8.625], "texture": "#0"},
				"east": {"uv": [8.5, 3.5, 8.8125, 3.625], "texture": "#0"},
				"south": {"uv": [4, 8.5, 4.3125, 8.625], "texture": "#0"},
				"west": {"uv": [4.5, 8.5, 4.8125, 8.625], "texture": "#0"},
				"up": {"uv": [3.3125, 6.8125, 3, 6.5], "texture": "#0"},
				"down": {"uv": [3.8125, 6.5, 3.5, 6.8125], "texture": "#0"}
			}
		},
		{
			"from": [7.8, 4.3, 7.8],
			"to": [8.2, 4.4, 8.2],
			"faces": {
				"north": {"uv": [11.5, 8.5, 11.6875, 8.5625], "texture": "#0"},
				"east": {"uv": [9, 11.5, 9.1875, 11.5625], "texture": "#0"},
				"south": {"uv": [11.5, 9, 11.6875, 9.0625], "texture": "#0"},
				"west": {"uv": [9.5, 11.5, 9.6875, 11.5625], "texture": "#0"},
				"up": {"uv": [6.6875, 9.1875, 6.5, 9], "texture": "#0"},
				"down": {"uv": [9.1875, 6.5, 9, 6.6875], "texture": "#0"}
			}
		},
		{
			"from": [7.7, 4.4, 7.7],
			"to": [8.3, 4.6, 8.3],
			"faces": {
				"north": {"uv": [8.5, 4.5, 8.8125, 4.625], "texture": "#0"},
				"east": {"uv": [5, 8.5, 5.3125, 8.625], "texture": "#0"},
				"south": {"uv": [8.5, 5, 8.8125, 5.125], "texture": "#0"},
				"west": {"uv": [5.5, 8.5, 5.8125, 8.625], "texture": "#0"},
				"up": {"uv": [4.8125, 6.8125, 4.5, 6.5], "texture": "#0"},
				"down": {"uv": [5.3125, 6.5, 5, 6.8125], "texture": "#0"}
			}
		},
		{
			"from": [7.8, 4.6, 7.8],
			"to": [8.2, 4.7, 8.2],
			"faces": {
				"north": {"uv": [11.5, 9.5, 11.6875, 9.5625], "texture": "#0"},
				"east": {"uv": [10, 11.5, 10.1875, 11.5625], "texture": "#0"},
				"south": {"uv": [11.5, 10, 11.6875, 10.0625], "texture": "#0"},
				"west": {"uv": [10.5, 11.5, 10.6875, 11.5625], "texture": "#0"},
				"up": {"uv": [7.1875, 9.1875, 7, 9], "texture": "#0"},
				"down": {"uv": [9.1875, 7, 9, 7.1875], "texture": "#0"}
			}
		},
		{
			"from": [7.7, 4.7, 7.7],
			"to": [8.3, 4.9, 8.3],
			"faces": {
				"north": {"uv": [8.5, 5.5, 8.8125, 5.625], "texture": "#0"},
				"east": {"uv": [6, 8.5, 6.3125, 8.625], "texture": "#0"},
				"south": {"uv": [8.5, 6, 8.8125, 6.125], "texture": "#0"},
				"west": {"uv": [6.5, 8.5, 6.8125, 8.625], "texture": "#0"},
				"up": {"uv": [5.8125, 6.8125, 5.5, 6.5], "texture": "#0"},
				"down": {"uv": [6.3125, 6.5, 6, 6.8125], "texture": "#0"}
			}
		},
		{
			"from": [7.8, 4.9, 7.8],
			"to": [8.2, 5, 8.2],
			"faces": {
				"north": {"uv": [11.5, 10.5, 11.6875, 10.5625], "texture": "#0"},
				"east": {"uv": [11, 11.5, 11.1875, 11.5625], "texture": "#0"},
				"south": {"uv": [11.5, 11, 11.6875, 11.0625], "texture": "#0"},
				"west": {"uv": [11.5, 11.5, 11.6875, 11.5625], "texture": "#0"},
				"up": {"uv": [7.6875, 9.1875, 7.5, 9], "texture": "#0"},
				"down": {"uv": [9.1875, 7.5, 9, 7.6875], "texture": "#0"}
			}
		},
		{
			"from": [7.7, 5, 7.7],
			"to": [8.3, 5.2, 8.3],
			"faces": {
				"north": {"uv": [8.5, 6.5, 8.8125, 6.625], "texture": "#0"},
				"east": {"uv": [7, 8.5, 7.3125, 8.625], "texture": "#0"},
				"south": {"uv": [8.5, 7, 8.8125, 7.125], "texture": "#0"},
				"west": {"uv": [7.5, 8.5, 7.8125, 8.625], "texture": "#0"},
				"up": {"uv": [6.8125, 6.3125, 6.5, 6], "texture": "#0"},
				"down": {"uv": [6.8125, 6.5, 6.5, 6.8125], "texture": "#0"}
			}
		},
		{
			"from": [7.8, 5.2, 7.8],
			"to": [8.2, 5.3, 8.2],
			"faces": {
				"north": {"uv": [0, 12, 0.1875, 12.0625], "texture": "#0"},
				"east": {"uv": [12, 0, 12.1875, 0.0625], "texture": "#0"},
				"south": {"uv": [0.5, 12, 0.6875, 12.0625], "texture": "#0"},
				"west": {"uv": [12, 0.5, 12.1875, 0.5625], "texture": "#0"},
				"up": {"uv": [8.1875, 9.1875, 8, 9], "texture": "#0"},
				"down": {"uv": [9.1875, 8, 9, 8.1875], "texture": "#0"}
			}
		},
		{
			"from": [7.7, 5.3, 7.7],
			"to": [8.3, 5.5, 8.3],
			"faces": {
				"north": {"uv": [8, 8.5, 8.3125, 8.625], "texture": "#0"},
				"east": {"uv": [8.5, 8.5, 8.8125, 8.625], "texture": "#0"},
				"south": {"uv": [0, 9, 0.3125, 9.125], "texture": "#0"},
				"west": {"uv": [9, 0, 9.3125, 0.125], "texture": "#0"},
				"up": {"uv": [0.3125, 7.3125, 0, 7], "texture": "#0"},
				"down": {"uv": [7.3125, 0, 7, 0.3125], "texture": "#0"}
			}
		},
		{
			"from": [7.8, 5.5, 7.8],
			"to": [8.2, 5.6, 8.2],
			"faces": {
				"north": {"uv": [1, 12, 1.1875, 12.0625], "texture": "#0"},
				"east": {"uv": [12, 1, 12.1875, 1.0625], "texture": "#0"},
				"south": {"uv": [1.5, 12, 1.6875, 12.0625], "texture": "#0"},
				"west": {"uv": [12, 1.5, 12.1875, 1.5625], "texture": "#0"},
				"up": {"uv": [8.6875, 9.1875, 8.5, 9], "texture": "#0"},
				"down": {"uv": [9.1875, 8.5, 9, 8.6875], "texture": "#0"}
			}
		},
		{
			"from": [7.7, 5.6, 7.7],
			"to": [8.3, 5.8, 8.3],
			"faces": {
				"north": {"uv": [0.5, 9, 0.8125, 9.125], "texture": "#0"},
				"east": {"uv": [9, 0.5, 9.3125, 0.625], "texture": "#0"},
				"south": {"uv": [1, 9, 1.3125, 9.125], "texture": "#0"},
				"west": {"uv": [9, 1, 9.3125, 1.125], "texture": "#0"},
				"up": {"uv": [0.8125, 7.3125, 0.5, 7], "texture": "#0"},
				"down": {"uv": [7.3125, 0.5, 7, 0.8125], "texture": "#0"}
			}
		},
		{
			"from": [7.8, 5.8, 7.8],
			"to": [8.2, 5.9, 8.2],
			"faces": {
				"north": {"uv": [2, 12, 2.1875, 12.0625], "texture": "#0"},
				"east": {"uv": [12, 2, 12.1875, 2.0625], "texture": "#0"},
				"south": {"uv": [2.5, 12, 2.6875, 12.0625], "texture": "#0"},
				"west": {"uv": [12, 2.5, 12.1875, 2.5625], "texture": "#0"},
				"up": {"uv": [9.1875, 9.1875, 9, 9], "texture": "#0"},
				"down": {"uv": [0.1875, 9.5, 0, 9.6875], "texture": "#0"}
			}
		},
		{
			"from": [7.7, 5.9, 7.7],
			"to": [8.3, 6.1, 8.3],
			"faces": {
				"north": {"uv": [1.5, 9, 1.8125, 9.125], "texture": "#0"},
				"east": {"uv": [9, 1.5, 9.3125, 1.625], "texture": "#0"},
				"south": {"uv": [2, 9, 2.3125, 9.125], "texture": "#0"},
				"west": {"uv": [9, 2, 9.3125, 2.125], "texture": "#0"},
				"up": {"uv": [1.3125, 7.3125, 1, 7], "texture": "#0"},
				"down": {"uv": [7.3125, 1, 7, 1.3125], "texture": "#0"}
			}
		},
		{
			"from": [7.8, 6.1, 7.8],
			"to": [8.2, 6.2, 8.2],
			"faces": {
				"north": {"uv": [3, 12, 3.1875, 12.0625], "texture": "#0"},
				"east": {"uv": [12, 3, 12.1875, 3.0625], "texture": "#0"},
				"south": {"uv": [3.5, 12, 3.6875, 12.0625], "texture": "#0"},
				"west": {"uv": [12, 3.5, 12.1875, 3.5625], "texture": "#0"},
				"up": {"uv": [9.6875, 0.1875, 9.5, 0], "texture": "#0"},
				"down": {"uv": [0.6875, 9.5, 0.5, 9.6875], "texture": "#0"}
			}
		},
		{
			"from": [7.7, 6.2, 7.7],
			"to": [8.3, 6.4, 8.3],
			"faces": {
				"north": {"uv": [2.5, 9, 2.8125, 9.125], "texture": "#0"},
				"east": {"uv": [9, 2.5, 9.3125, 2.625], "texture": "#0"},
				"south": {"uv": [3, 9, 3.3125, 9.125], "texture": "#0"},
				"west": {"uv": [9, 3, 9.3125, 3.125], "texture": "#0"},
				"up": {"uv": [1.8125, 7.3125, 1.5, 7], "texture": "#0"},
				"down": {"uv": [7.3125, 1.5, 7, 1.8125], "texture": "#0"}
			}
		},
		{
			"from": [7.7, 6.5, 7.7],
			"to": [8.3, 6.7, 8.3],
			"faces": {
				"north": {"uv": [3.5, 9, 3.8125, 9.125], "texture": "#0"},
				"east": {"uv": [9, 3.5, 9.3125, 3.625], "texture": "#0"},
				"south": {"uv": [4, 9, 4.3125, 9.125], "texture": "#0"},
				"west": {"uv": [9, 4, 9.3125, 4.125], "texture": "#0"},
				"up": {"uv": [2.3125, 7.3125, 2, 7], "texture": "#0"},
				"down": {"uv": [7.3125, 2, 7, 2.3125], "texture": "#0"}
			}
		},
		{
			"from": [7.8, 6.4, 7.8],
			"to": [8.2, 6.5, 8.2],
			"faces": {
				"north": {"uv": [4, 12, 4.1875, 12.0625], "texture": "#0"},
				"east": {"uv": [12, 4, 12.1875, 4.0625], "texture": "#0"},
				"south": {"uv": [4.5, 12, 4.6875, 12.0625], "texture": "#0"},
				"west": {"uv": [12, 4.5, 12.1875, 4.5625], "texture": "#0"},
				"up": {"uv": [9.6875, 0.6875, 9.5, 0.5], "texture": "#0"},
				"down": {"uv": [1.1875, 9.5, 1, 9.6875], "texture": "#0"}
			}
		},
		{
			"from": [7.6, 0.3, 8.2],
			"to": [7.8, 3.2, 8.4],
			"faces": {
				"north": {"uv": [3.5, 1, 3.625, 2.4375], "texture": "#0"},
				"east": {"uv": [2, 3.5, 2.125, 4.9375], "texture": "#0"},
				"south": {"uv": [2.5, 3.5, 2.625, 4.9375], "texture": "#0"},
				"west": {"uv": [3, 3.5, 3.125, 4.9375], "texture": "#0"},
				"up": {"uv": [10.625, 8.125, 10.5, 8], "texture": "#0"},
				"down": {"uv": [8.625, 10.5, 8.5, 10.625], "texture": "#0"}
			}
		},
		{
			"from": [7.6, 3, 7.8],
			"to": [7.8, 3.2, 8.2],
			"faces": {
				"north": {"uv": [10.5, 8.5, 10.625, 8.625], "texture": "#0"},
				"east": {"uv": [9.5, 5, 9.6875, 5.125], "texture": "#0"},
				"south": {"uv": [9, 10.5, 9.125, 10.625], "texture": "#0"},
				"west": {"uv": [5.5, 9.5, 5.6875, 9.625], "texture": "#0"},
				"up": {"uv": [9.625, 5.6875, 9.5, 5.5], "texture": "#0"},
				"down": {"uv": [6.125, 9.5, 6, 9.6875], "texture": "#0"}
			}
		},
		{
			"from": [7.6, 0.3, 7.8],
			"to": [7.8, 0.5, 8.2],
			"faces": {
				"north": {"uv": [10.5, 9, 10.625, 9.125], "texture": "#0"},
				"east": {"uv": [9.5, 6, 9.6875, 6.125], "texture": "#0"},
				"south": {"uv": [9.5, 10.5, 9.625, 10.625], "texture": "#0"},
				"west": {"uv": [6.5, 9.5, 6.6875, 9.625], "texture": "#0"},
				"up": {"uv": [9.625, 6.6875, 9.5, 6.5], "texture": "#0"},
				"down": {"uv": [7.125, 9.5, 7, 9.6875], "texture": "#0"}
			}
		},
		{
			"from": [8.2, 3, 7.8],
			"to": [8.4, 3.2, 8.2],
			"faces": {
				"north": {"uv": [10.5, 9.5, 10.625, 9.625], "texture": "#0"},
				"east": {"uv": [9.5, 7, 9.6875, 7.125], "texture": "#0"},
				"south": {"uv": [10, 10.5, 10.125, 10.625], "texture": "#0"},
				"west": {"uv": [7.5, 9.5, 7.6875, 9.625], "texture": "#0"},
				"up": {"uv": [9.625, 7.6875, 9.5, 7.5], "texture": "#0"},
				"down": {"uv": [8.125, 9.5, 8, 9.6875], "texture": "#0"}
			}
		},
		{
			"from": [8.2, 0.3, 7.8],
			"to": [8.4, 0.5, 8.2],
			"faces": {
				"north": {"uv": [10.5, 10, 10.625, 10.125], "texture": "#0"},
				"east": {"uv": [9.5, 8, 9.6875, 8.125], "texture": "#0"},
				"south": {"uv": [10.5, 10.5, 10.625, 10.625], "texture": "#0"},
				"west": {"uv": [8.5, 9.5, 8.6875, 9.625], "texture": "#0"},
				"up": {"uv": [9.625, 8.6875, 9.5, 8.5], "texture": "#0"},
				"down": {"uv": [9.125, 9.5, 9, 9.6875], "texture": "#0"}
			}
		},
		{
			"from": [7.8, 3, 8.2],
			"to": [8.2, 3.2, 8.4],
			"faces": {
				"north": {"uv": [9.5, 9, 9.6875, 9.125], "texture": "#0"},
				"east": {"uv": [0, 11, 0.125, 11.125], "texture": "#0"},
				"south": {"uv": [9.5, 9.5, 9.6875, 9.625], "texture": "#0"},
				"west": {"uv": [11, 0, 11.125, 0.125], "texture": "#0"},
				"up": {"uv": [0.1875, 10.125, 0, 10], "texture": "#0"},
				"down": {"uv": [10.1875, 0, 10, 0.125], "texture": "#0"}
			}
		},
		{
			"from": [7.8, 0.3, 8.2],
			"to": [8.2, 0.5, 8.4],
			"faces": {
				"north": {"uv": [0.5, 10, 0.6875, 10.125], "texture": "#0"},
				"east": {"uv": [0.5, 11, 0.625, 11.125], "texture": "#0"},
				"south": {"uv": [10, 0.5, 10.1875, 0.625], "texture": "#0"},
				"west": {"uv": [11, 0.5, 11.125, 0.625], "texture": "#0"},
				"up": {"uv": [1.1875, 10.125, 1, 10], "texture": "#0"},
				"down": {"uv": [10.1875, 1, 10, 1.125], "texture": "#0"}
			}
		},
		{
			"from": [7.8, 3, 7.6],
			"to": [8.2, 3.2, 7.8],
			"faces": {
				"north": {"uv": [1.5, 10, 1.6875, 10.125], "texture": "#0"},
				"east": {"uv": [1, 11, 1.125, 11.125], "texture": "#0"},
				"south": {"uv": [10, 1.5, 10.1875, 1.625], "texture": "#0"},
				"west": {"uv": [11, 1, 11.125, 1.125], "texture": "#0"},
				"up": {"uv": [2.1875, 10.125, 2, 10], "texture": "#0"},
				"down": {"uv": [10.1875, 2, 10, 2.125], "texture": "#0"}
			}
		},
		{
			"from": [7.8, 0.3, 7.6],
			"to": [8.2, 0.5, 7.8],
			"faces": {
				"north": {"uv": [2.5, 10, 2.6875, 10.125], "texture": "#0"},
				"east": {"uv": [1.5, 11, 1.625, 11.125], "texture": "#0"},
				"south": {"uv": [10, 2.5, 10.1875, 2.625], "texture": "#0"},
				"west": {"uv": [11, 1.5, 11.125, 1.625], "texture": "#0"},
				"up": {"uv": [3.1875, 10.125, 3, 10], "texture": "#0"},
				"down": {"uv": [10.1875, 3, 10, 3.125], "texture": "#0"}
			}
		},
		{
			"from": [7.6, 0.3, 7.6],
			"to": [7.8, 3.2, 7.8],
			"faces": {
				"north": {"uv": [3.5, 3.5, 3.625, 4.9375], "texture": "#0"},
				"east": {"uv": [0, 4, 0.125, 5.4375], "texture": "#0"},
				"south": {"uv": [0.5, 4, 0.625, 5.4375], "texture": "#0"},
				"west": {"uv": [1, 4, 1.125, 5.4375], "texture": "#0"},
				"up": {"uv": [2.125, 11.125, 2, 11], "texture": "#0"},
				"down": {"uv": [11.125, 2, 11, 2.125], "texture": "#0"}
			}
		},
		{
			"from": [8.2, 0.3, 7.6],
			"to": [8.4, 3.2, 7.8],
			"faces": {
				"north": {"uv": [4, 1, 4.125, 2.4375], "texture": "#0"},
				"east": {"uv": [1.5, 4, 1.625, 5.4375], "texture": "#0"},
				"south": {"uv": [4, 2.5, 4.125, 3.9375], "texture": "#0"},
				"west": {"uv": [4, 4, 4.125, 5.4375], "texture": "#0"},
				"up": {"uv": [2.625, 11.125, 2.5, 11], "texture": "#0"},
				"down": {"uv": [11.125, 2.5, 11, 2.625], "texture": "#0"}
			}
		},
		{
			"from": [8.2, 0.3, 8.2],
			"to": [8.4, 3.2, 8.4],
			"faces": {
				"north": {"uv": [4.5, 0, 4.625, 1.4375], "texture": "#0"},
				"east": {"uv": [4.5, 1.5, 4.625, 2.9375], "texture": "#0"},
				"south": {"uv": [4.5, 3, 4.625, 4.4375], "texture": "#0"},
				"west": {"uv": [4.5, 4.5, 4.625, 5.9375], "texture": "#0"},
				"up": {"uv": [3.125, 11.125, 3, 11], "texture": "#0"},
				"down": {"uv": [11.125, 3, 11, 3.125], "texture": "#0"}
			}
		},
		{
			"from": [8.2, 6.9, 8.2],
			"to": [8.4, 9.8, 8.4],
			"faces": {
				"north": {"uv": [4.5, 0, 4.625, 1.4375], "texture": "#0"},
				"east": {"uv": [4.5, 1.5, 4.625, 2.9375], "texture": "#0"},
				"south": {"uv": [4.5, 3, 4.625, 4.4375], "texture": "#0"},
				"west": {"uv": [4.5, 4.5, 4.625, 5.9375], "texture": "#0"},
				"up": {"uv": [3.125, 11.125, 3, 11], "texture": "#0"},
				"down": {"uv": [11.125, 3, 11, 3.125], "texture": "#0"}
			}
		},
		{
			"from": [7.8, 9.6, 8.2],
			"to": [8.2, 9.8, 8.4],
			"faces": {
				"north": {"uv": [9.5, 9, 9.6875, 9.125], "texture": "#0"},
				"east": {"uv": [0, 11, 0.125, 11.125], "texture": "#0"},
				"south": {"uv": [9.5, 9.5, 9.6875, 9.625], "texture": "#0"},
				"west": {"uv": [11, 0, 11.125, 0.125], "texture": "#0"},
				"up": {"uv": [0.1875, 10.125, 0, 10], "texture": "#0"},
				"down": {"uv": [10.1875, 0, 10, 0.125], "texture": "#0"}
			}
		},
		{
			"from": [7.6, 6.9, 8.2],
			"to": [7.8, 9.8, 8.4],
			"faces": {
				"north": {"uv": [3.5, 1, 3.625, 2.4375], "texture": "#0"},
				"east": {"uv": [2, 3.5, 2.125, 4.9375], "texture": "#0"},
				"south": {"uv": [2.5, 3.5, 2.625, 4.9375], "texture": "#0"},
				"west": {"uv": [3, 3.5, 3.125, 4.9375], "texture": "#0"},
				"up": {"uv": [10.625, 8.125, 10.5, 8], "texture": "#0"},
				"down": {"uv": [8.625, 10.5, 8.5, 10.625], "texture": "#0"}
			}
		},
		{
			"from": [7.8, 6.9, 8.2],
			"to": [8.2, 7.1, 8.4],
			"faces": {
				"north": {"uv": [0.5, 10, 0.6875, 10.125], "texture": "#0"},
				"east": {"uv": [0.5, 11, 0.625, 11.125], "texture": "#0"},
				"south": {"uv": [10, 0.5, 10.1875, 0.625], "texture": "#0"},
				"west": {"uv": [11, 0.5, 11.125, 0.625], "texture": "#0"},
				"up": {"uv": [1.1875, 10.125, 1, 10], "texture": "#0"},
				"down": {"uv": [10.1875, 1, 10, 1.125], "texture": "#0"}
			}
		},
		{
			"from": [8.2, 9.6, 7.8],
			"to": [8.4, 9.8, 8.2],
			"faces": {
				"north": {"uv": [10.5, 9.5, 10.625, 9.625], "texture": "#0"},
				"east": {"uv": [9.5, 7, 9.6875, 7.125], "texture": "#0"},
				"south": {"uv": [10, 10.5, 10.125, 10.625], "texture": "#0"},
				"west": {"uv": [7.5, 9.5, 7.6875, 9.625], "texture": "#0"},
				"up": {"uv": [9.625, 7.6875, 9.5, 7.5], "texture": "#0"},
				"down": {"uv": [8.125, 9.5, 8, 9.6875], "texture": "#0"}
			}
		},
		{
			"from": [8.2, 6.9, 7.6],
			"to": [8.4, 9.8, 7.8],
			"faces": {
				"north": {"uv": [4, 1, 4.125, 2.4375], "texture": "#0"},
				"east": {"uv": [1.5, 4, 1.625, 5.4375], "texture": "#0"},
				"south": {"uv": [4, 2.5, 4.125, 3.9375], "texture": "#0"},
				"west": {"uv": [4, 4, 4.125, 5.4375], "texture": "#0"},
				"up": {"uv": [2.625, 11.125, 2.5, 11], "texture": "#0"},
				"down": {"uv": [11.125, 2.5, 11, 2.625], "texture": "#0"}
			}
		},
		{
			"from": [8.2, 6.9, 7.8],
			"to": [8.4, 7.1, 8.2],
			"faces": {
				"north": {"uv": [10.5, 10, 10.625, 10.125], "texture": "#0"},
				"east": {"uv": [9.5, 8, 9.6875, 8.125], "texture": "#0"},
				"south": {"uv": [10.5, 10.5, 10.625, 10.625], "texture": "#0"},
				"west": {"uv": [8.5, 9.5, 8.6875, 9.625], "texture": "#0"},
				"up": {"uv": [9.625, 8.6875, 9.5, 8.5], "texture": "#0"},
				"down": {"uv": [9.125, 9.5, 9, 9.6875], "texture": "#0"}
			}
		},
		{
			"from": [7.8, 9.6, 7.6],
			"to": [8.2, 9.8, 7.8],
			"faces": {
				"north": {"uv": [1.5, 10, 1.6875, 10.125], "texture": "#0"},
				"east": {"uv": [1, 11, 1.125, 11.125], "texture": "#0"},
				"south": {"uv": [10, 1.5, 10.1875, 1.625], "texture": "#0"},
				"west": {"uv": [11, 1, 11.125, 1.125], "texture": "#0"},
				"up": {"uv": [2.1875, 10.125, 2, 10], "texture": "#0"},
				"down": {"uv": [10.1875, 2, 10, 2.125], "texture": "#0"}
			}
		},
		{
			"from": [7.8, 6.9, 7.8],
			"to": [8.2, 9.8, 8.2],
			"faces": {
				"north": {"uv": [1.5, 1, 1.6875, 2.4375], "texture": "#0"},
				"east": {"uv": [0.5, 2, 0.6875, 3.4375], "texture": "#0"},
				"south": {"uv": [1, 2, 1.1875, 3.4375], "texture": "#0"},
				"west": {"uv": [2, 1, 2.1875, 2.4375], "texture": "#0"},
				"up": {"uv": [4.6875, 9.1875, 4.5, 9], "texture": "#0"},
				"down": {"uv": [9.1875, 4.5, 9, 4.6875], "texture": "#0"}
			}
		},
		{
			"from": [8.3, 7.4, 7.8],
			"to": [8.9, 9.3, 8.2],
			"faces": {
				"north": {"uv": [1, 5, 1.625, 6.875], "texture": "#1"},
				"east": {"uv": [2, 7, 2.375, 8.875], "texture": "#1"},
				"south": {"uv": [5, 4, 5.625, 5.875], "texture": "#1"},
				"west": {"uv": [5, 7, 5.375, 8.875], "texture": "#1"},
				"up": {"uv": [5.625, 9.375, 5, 9], "texture": "#1"},
				"down": {"uv": [9.625, 5, 9, 5.375], "texture": "#1"}
			}
		},
		{
			"from": [7.1, 7.4, 7.8],
			"to": [7.7, 9.3, 8.2],
			"faces": {
				"north": {"uv": [6, 0, 6.625, 1.875], "texture": "#1"},
				"east": {"uv": [7, 5, 7.375, 6.875], "texture": "#1"},
				"south": {"uv": [6, 2, 6.625, 3.875], "texture": "#1"},
				"west": {"uv": [6, 7, 6.375, 8.875], "texture": "#1"},
				"up": {"uv": [5.625, 10.375, 5, 10], "texture": "#1"},
				"down": {"uv": [10.625, 5, 10, 5.375], "texture": "#1"}
			}
		},
		{
			"from": [5.9, 7.9, 7.8],
			"to": [7.1, 8.8, 8.2],
			"faces": {
				"north": {"uv": [6, 4, 7.25, 4.875], "texture": "#1"},
				"east": {"uv": [9, 0, 9.375, 0.875], "texture": "#1"},
				"south": {"uv": [5, 6, 6.25, 6.875], "texture": "#1"},
				"west": {"uv": [9, 1, 9.375, 1.875], "texture": "#1"},
				"up": {"uv": [9.25, 6.375, 8, 6], "texture": "#1"},
				"down": {"uv": [9.25, 7, 8, 7.375], "texture": "#1"}
			}
		},
		{
			"from": [6.3, 8.2, 7.7],
			"to": [6.7, 8.5, 7.8],
			"faces": {
				"north": {"uv": [6, 12, 6.375, 12.25], "texture": "#1"},
				"east": {"uv": [13, 5, 13.125, 5.25], "texture": "#1"},
				"south": {"uv": [12, 6, 12.375, 6.25], "texture": "#1"},
				"west": {"uv": [6, 13, 6.125, 13.25], "texture": "#1"},
				"up": {"uv": [13.375, 1.125, 13, 1], "texture": "#1"},
				"down": {"uv": [2.375, 13, 2, 13.125], "texture": "#1"}
			}
		},
		{
			"from": [7.3, 7.9, 7.7],
			"to": [7.5, 8.8, 7.8],
			"faces": {
				"north": {"uv": [6, 10, 6.25, 10.875], "texture": "#1"},
				"east": {"uv": [8, 11, 8.125, 11.875], "texture": "#1"},
				"south": {"uv": [10, 6, 10.25, 6.875], "texture": "#1"},
				"west": {"uv": [11, 8, 11.125, 8.875], "texture": "#1"},
				"up": {"uv": [13.25, 6.125, 13, 6], "texture": "#1"},
				"down": {"uv": [7.25, 13, 7, 13.125], "texture": "#1"}
			}
		},
		{
			"from": [8.5, 7.9, 7.7],
			"to": [8.7, 8.8, 7.8],
			"faces": {
				"north": {"uv": [7, 10, 7.25, 10.875], "texture": "#1"},
				"east": {"uv": [9, 11, 9.125, 11.875], "texture": "#1"},
				"south": {"uv": [10, 7, 10.25, 7.875], "texture": "#1"},
				"west": {"uv": [11, 9, 11.125, 9.875], "texture": "#1"},
				"up": {"uv": [13.25, 7.125, 13, 7], "texture": "#1"},
				"down": {"uv": [8.25, 13, 8, 13.125], "texture": "#1"}
			}
		},
		{
			"from": [9, 7.6, 7.7],
			"to": [9.4, 9.1, 7.8],
			"faces": {
				"north": {"uv": [7, 7, 7.375, 8.5], "texture": "#1"},
				"east": {"uv": [10, 10, 10.125, 11.5], "texture": "#1"},
				"south": {"uv": [8, 0, 8.375, 1.5], "texture": "#1"},
				"west": {"uv": [0, 11, 0.125, 12.5], "texture": "#1"},
				"up": {"uv": [13.375, 2.125, 13, 2], "texture": "#1"},
				"down": {"uv": [3.375, 13, 3, 13.125], "texture": "#1"}
			}
		},
		{
			"from": [9.6, 8.1, 7.7],
			"to": [10.6, 8.6, 7.8],
			"faces": {
				"north": {"uv": [6, 5, 7, 5.5], "texture": "#1"},
				"east": {"uv": [11, 12, 11.125, 12.5], "texture": "#1"},
				"south": {"uv": [7, 3, 8, 3.5], "texture": "#1"},
				"west": {"uv": [12, 11, 12.125, 11.5], "texture": "#1"},
				"up": {"uv": [7, 11.125, 6, 11], "texture": "#1"},
				"down": {"uv": [12, 6, 11, 6.125], "texture": "#1"}
			}
		},
		{
			"from": [9.6, 8.1, 8.2],
			"to": [10.6, 8.6, 8.3],
			"faces": {
				"north": {"uv": [8, 4, 9, 4.5], "texture": "#1"},
				"east": {"uv": [12, 12, 12.125, 12.5], "texture": "#1"},
				"south": {"uv": [8, 5, 9, 5.5], "texture": "#1"},
				"west": {"uv": [0, 13, 0.125, 13.5], "texture": "#1"},
				"up": {"uv": [8, 11.125, 7, 11], "texture": "#1"},
				"down": {"uv": [12, 7, 11, 7.125], "texture": "#1"}
			}
		},
		{
			"from": [9, 7.6, 8.2],
			"to": [9.4, 9.1, 8.3],
			"faces": {
				"north": {"uv": [8, 2, 8.375, 3.5], "texture": "#1"},
				"east": {"uv": [11, 0, 11.125, 1.5], "texture": "#1"},
				"south": {"uv": [4, 8, 4.375, 9.5], "texture": "#1"},
				"west": {"uv": [1, 11, 1.125, 12.5], "texture": "#1"},
				"up": {"uv": [13.375, 4.125, 13, 4], "texture": "#1"},
				"down": {"uv": [5.375, 13, 5, 13.125], "texture": "#1"}
			}
		},
		{
			"from": [8.5, 7.9, 8.2],
			"to": [8.7, 8.8, 8.3],
			"faces": {
				"north": {"uv": [9, 10, 9.25, 10.875], "texture": "#1"},
				"east": {"uv": [12, 0, 12.125, 0.875], "texture": "#1"},
				"south": {"uv": [10, 9, 10.25, 9.875], "texture": "#1"},
				"west": {"uv": [12, 1, 12.125, 1.875], "texture": "#1"},
				"up": {"uv": [13.25, 10.125, 13, 10], "texture": "#1"},
				"down": {"uv": [11.25, 13, 11, 13.125], "texture": "#1"}
			}
		},
		{
			"from": [7.3, 7.9, 8.2],
			"to": [7.5, 8.8, 8.3],
			"faces": {
				"north": {"uv": [8, 10, 8.25, 10.875], "texture": "#1"},
				"east": {"uv": [11, 10, 11.125, 10.875], "texture": "#1"},
				"south": {"uv": [10, 8, 10.25, 8.875], "texture": "#1"},
				"west": {"uv": [11, 11, 11.125, 11.875], "texture": "#1"},
				"up": {"uv": [13.25, 9.125, 13, 9], "texture": "#1"},
				"down": {"uv": [10.25, 13, 10, 13.125], "texture": "#1"}
			}
		},
		{
			"from": [6.3, 8.2, 8.2],
			"to": [6.7, 8.5, 8.3],
			"faces": {
				"north": {"uv": [7, 12, 7.375, 12.25], "texture": "#1"},
				"east": {"uv": [13, 8, 13.125, 8.25], "texture": "#1"},
				"south": {"uv": [12, 7, 12.375, 7.25], "texture": "#1"},
				"west": {"uv": [9, 13, 9.125, 13.25], "texture": "#1"},
				"up": {"uv": [13.375, 3.125, 13, 3], "texture": "#1"},
				"down": {"uv": [4.375, 13, 4, 13.125], "texture": "#1"}
			}
		},
		{
			"from": [8.9, 7.1, 7.8],
			"to": [9.5, 9.6, 8.2],
			"faces": {
				"north": {"uv": [4, 0, 4.625, 2.5], "texture": "#1"},
				"east": {"uv": [7, 0, 7.375, 2.5], "texture": "#1"},
				"south": {"uv": [2, 4, 2.625, 6.5], "texture": "#1"},
				"west": {"uv": [1, 7, 1.375, 9.5], "texture": "#1"},
				"up": {"uv": [6.625, 9.375, 6, 9], "texture": "#1"},
				"down": {"uv": [7.625, 9, 7, 9.375], "texture": "#1"}
			}
		},
		{
			"from": [9.475, 6.7, 7.8],
			"to": [10.175, 10, 8.2],
			"faces": {
				"north": {"uv": [2, 0, 2.75, 3.25], "texture": "#1"},
				"east": {"uv": [0, 5, 0.375, 8.25], "texture": "#1"},
				"south": {"uv": [3, 0, 3.75, 3.25], "texture": "#1"},
				"west": {"uv": [5, 0, 5.375, 3.25], "texture": "#1"},
				"up": {"uv": [3.75, 9.375, 3, 9], "texture": "#1"},
				"down": {"uv": [9.75, 4, 9, 4.375], "texture": "#1"}
			}
		},
		{
			"from": [10.175, 6.3, 7.8],
			"to": [10.775, 10.4, 8.2],
			"faces": {
				"north": {"uv": [0, 0, 0.625, 4.125], "texture": "#1"},
				"east": {"uv": [3, 4, 3.375, 8.125], "texture": "#1"},
				"south": {"uv": [1, 0, 1.625, 4.125], "texture": "#1"},
				"west": {"uv": [4, 3, 4.375, 7.125], "texture": "#1"},
				"up": {"uv": [9.625, 8.375, 9, 8], "texture": "#1"},
				"down": {"uv": [9.625, 9, 9, 9.375], "texture": "#1"}
			}
		},
		{
			"from": [10.775, 10, 7.8],
			"to": [11.375, 10.3, 8.2],
			"faces": {
				"north": {"uv": [2, 11, 2.625, 11.25], "texture": "#1"},
				"east": {"uv": [2, 12, 2.375, 12.25], "texture": "#1"},
				"south": {"uv": [11, 2, 11.625, 2.25], "texture": "#1"},
				"west": {"uv": [12, 2, 12.375, 2.25], "texture": "#1"},
				"up": {"uv": [10.625, 0.375, 10, 0], "texture": "#1"},
				"down": {"uv": [1.625, 10, 1, 10.375], "texture": "#1"}
			}
		},
		{
			"from": [10.775, 9.3, 7.8],
			"to": [11.375, 9.6, 8.2],
			"faces": {
				"north": {"uv": [3, 11, 3.625, 11.25], "texture": "#1"},
				"east": {"uv": [3, 12, 3.375, 12.25], "texture": "#1"},
				"south": {"uv": [11, 3, 11.625, 3.25], "texture": "#1"},
				"west": {"uv": [12, 3, 12.375, 3.25], "texture": "#1"},
				"up": {"uv": [10.625, 1.375, 10, 1], "texture": "#1"},
				"down": {"uv": [10.625, 2, 10, 2.375], "texture": "#1"}
			}
		},
		{
			"from": [10.775, 7.1, 7.8],
			"to": [11.375, 7.4, 8.2],
			"faces": {
				"north": {"uv": [4, 11, 4.625, 11.25], "texture": "#1"},
				"east": {"uv": [4, 12, 4.375, 12.25], "texture": "#1"},
				"south": {"uv": [11, 4, 11.625, 4.25], "texture": "#1"},
				"west": {"uv": [12, 4, 12.375, 4.25], "texture": "#1"},
				"up": {"uv": [3.625, 10.375, 3, 10], "texture": "#1"},
				"down": {"uv": [10.625, 3, 10, 3.375], "texture": "#1"}
			}
		},
		{
			"from": [10.775, 7.7, 7.8],
			"to": [10.975, 9, 8.2],
			"faces": {
				"north": {"uv": [2, 9, 2.25, 10.25], "texture": "#1"},
				"east": {"uv": [8, 8, 8.375, 9.25], "texture": "#1"},
				"south": {"uv": [9, 2, 9.25, 3.25], "texture": "#1"},
				"west": {"uv": [0, 9, 0.375, 10.25], "texture": "#1"},
				"up": {"uv": [10.25, 12.375, 10, 12], "texture": "#1"},
				"down": {"uv": [12.25, 10, 12, 10.375], "texture": "#1"}
			}
		},
		{
			"from": [5.475, 8.2, 7.9],
			"to": [5.875, 8.5, 8.1],
			"faces": {
				"north": {"uv": [8, 12, 8.375, 12.25], "texture": "#1"},
				"east": {"uv": [13, 0, 13.25, 0.25], "texture": "#1"},
				"south": {"uv": [12, 8, 12.375, 8.25], "texture": "#1"},
				"west": {"uv": [1, 13, 1.25, 13.25], "texture": "#1"},
				"up": {"uv": [9.375, 12.25, 9, 12], "texture": "#1"},
				"down": {"uv": [12.375, 9, 12, 9.25], "texture": "#1"}
			}
		},
		{
			"from": [10.775, 6.4, 7.8],
			"to": [11.375, 6.7, 8.2],
			"faces": {
				"north": {"uv": [5, 11, 5.625, 11.25], "texture": "#1"},
				"east": {"uv": [5, 12, 5.375, 12.25], "texture": "#1"},
				"south": {"uv": [11, 5, 11.625, 5.25], "texture": "#1"},
				"west": {"uv": [12, 5, 12.375, 5.25], "texture": "#1"},
				"up": {"uv": [4.625, 10.375, 4, 10], "texture": "#1"},
				"down": {"uv": [10.625, 4, 10, 4.375], "texture": "#1"}
			}
		},
		{
			"from": [7.6, 6.9, 7.6],
			"to": [7.8, 9.8, 7.8],
			"faces": {
				"north": {"uv": [3.5, 3.5, 3.625, 4.9375], "texture": "#0"},
				"east": {"uv": [0, 4, 0.125, 5.4375], "texture": "#0"},
				"south": {"uv": [0.5, 4, 0.625, 5.4375], "texture": "#0"},
				"west": {"uv": [1, 4, 1.125, 5.4375], "texture": "#0"},
				"up": {"uv": [2.125, 11.125, 2, 11], "texture": "#0"},
				"down": {"uv": [11.125, 2, 11, 2.125], "texture": "#0"}
			}
		},
		{
			"from": [7.8, 6.9, 7.6],
			"to": [8.2, 7.1, 7.8],
			"faces": {
				"north": {"uv": [2.5, 10, 2.6875, 10.125], "texture": "#0"},
				"east": {"uv": [1.5, 11, 1.625, 11.125], "texture": "#0"},
				"south": {"uv": [10, 2.5, 10.1875, 2.625], "texture": "#0"},
				"west": {"uv": [11, 1.5, 11.125, 1.625], "texture": "#0"},
				"up": {"uv": [3.1875, 10.125, 3, 10], "texture": "#0"},
				"down": {"uv": [10.1875, 3, 10, 3.125], "texture": "#0"}
			}
		},
		{
			"from": [7.6, 6.9, 7.8],
			"to": [7.8, 7.1, 8.2],
			"faces": {
				"north": {"uv": [10.5, 9, 10.625, 9.125], "texture": "#0"},
				"east": {"uv": [9.5, 6, 9.6875, 6.125], "texture": "#0"},
				"south": {"uv": [9.5, 10.5, 9.625, 10.625], "texture": "#0"},
				"west": {"uv": [6.5, 9.5, 6.6875, 9.625], "texture": "#0"},
				"up": {"uv": [9.625, 6.6875, 9.5, 6.5], "texture": "#0"},
				"down": {"uv": [7.125, 9.5, 7, 9.6875], "texture": "#0"}
			}
		},
		{
			"from": [7.6, 9.6, 7.8],
			"to": [7.8, 9.8, 8.2],
			"faces": {
				"north": {"uv": [10.5, 8.5, 10.625, 8.625], "texture": "#0"},
				"east": {"uv": [9.5, 5, 9.6875, 5.125], "texture": "#0"},
				"south": {"uv": [9, 10.5, 9.125, 10.625], "texture": "#0"},
				"west": {"uv": [5.5, 9.5, 5.6875, 9.625], "texture": "#0"},
				"up": {"uv": [9.625, 5.6875, 9.5, 5.5], "texture": "#0"},
				"down": {"uv": [6.125, 9.5, 6, 9.6875], "texture": "#0"}
			}
		},
		{
			"from": [7.6, 9.8, 7.8],
			"to": [7.8, 10, 8.2],
			"faces": {
				"north": {"uv": [11.5, 0.5, 11.625, 0.625], "texture": "#0"},
				"east": {"uv": [5.5, 10, 5.6875, 10.125], "texture": "#0"},
				"south": {"uv": [1, 11.5, 1.125, 11.625], "texture": "#0"},
				"west": {"uv": [10, 5.5, 10.1875, 5.625], "texture": "#0"},
				"up": {"uv": [6.125, 10.1875, 6, 10], "texture": "#0"},
				"down": {"uv": [10.125, 6, 10, 6.1875], "texture": "#0"}
			}
		},
		{
			"from": [7.8, 9.8, 8.2],
			"to": [8.2, 10, 8.4],
			"faces": {
				"north": {"uv": [6.5, 10, 6.6875, 10.125], "texture": "#0"},
				"east": {"uv": [11.5, 1, 11.625, 1.125], "texture": "#0"},
				"south": {"uv": [10, 6.5, 10.1875, 6.625], "texture": "#0"},
				"west": {"uv": [1.5, 11.5, 1.625, 11.625], "texture": "#0"},
				"up": {"uv": [7.1875, 10.125, 7, 10], "texture": "#0"},
				"down": {"uv": [10.1875, 7, 10, 7.125], "texture": "#0"}
			}
		},
		{
			"from": [7.8, 10, 7.8],
			"to": [8.2, 10.2, 8.2],
			"faces": {
				"north": {"uv": [7.5, 10, 7.6875, 10.125], "texture": "#0"},
				"east": {"uv": [10, 7.5, 10.1875, 7.625], "texture": "#0"},
				"south": {"uv": [8, 10, 8.1875, 10.125], "texture": "#0"},
				"west": {"uv": [10, 8, 10.1875, 8.125], "texture": "#0"},
				"up": {"uv": [9.6875, 1.6875, 9.5, 1.5], "texture": "#0"},
				"down": {"uv": [2.1875, 9.5, 2, 9.6875], "texture": "#0"}
			}
		},
		{
			"from": [7.6, 6.7, 7.8],
			"to": [7.8, 6.9, 8.2],
			"faces": {
				"north": {"uv": [11.5, 2, 11.625, 2.125], "texture": "#0"},
				"east": {"uv": [8.5, 10, 8.6875, 10.125], "texture": "#0"},
				"south": {"uv": [2.5, 11.5, 2.625, 11.625], "texture": "#0"},
				"west": {"uv": [10, 8.5, 10.1875, 8.625], "texture": "#0"},
				"up": {"uv": [9.125, 10.1875, 9, 10], "texture": "#0"},
				"down": {"uv": [10.125, 9, 10, 9.1875], "texture": "#0"}
			}
		},
		{
			"from": [7.8, 6.7, 8.2],
			"to": [8.2, 6.9, 8.4],
			"faces": {
				"north": {"uv": [9.5, 10, 9.6875, 10.125], "texture": "#0"},
				"east": {"uv": [11.5, 2.5, 11.625, 2.625], "texture": "#0"},
				"south": {"uv": [10, 9.5, 10.1875, 9.625], "texture": "#0"},
				"west": {"uv": [3, 11.5, 3.125, 11.625], "texture": "#0"},
				"up": {"uv": [10.1875, 10.125, 10, 10], "texture": "#0"},
				"down": {"uv": [0.1875, 10.5, 0, 10.625], "texture": "#0"}
			}
		},
		{
			"from": [8.2, 9.8, 7.8],
			"to": [8.4, 10, 8.2],
			"faces": {
				"north": {"uv": [11.5, 3, 11.625, 3.125], "texture": "#0"},
				"east": {"uv": [10.5, 0, 10.6875, 0.125], "texture": "#0"},
				"south": {"uv": [3.5, 11.5, 3.625, 11.625], "texture": "#0"},
				"west": {"uv": [0.5, 10.5, 0.6875, 10.625], "texture": "#0"},
				"up": {"uv": [10.625, 0.6875, 10.5, 0.5], "texture": "#0"},
				"down": {"uv": [1.125, 10.5, 1, 10.6875], "texture": "#0"}
			}
		},
		{
			"from": [7.8, 9.8, 7.6],
			"to": [8.2, 10, 7.8],
			"faces": {
				"north": {"uv": [10.5, 1, 10.6875, 1.125], "texture": "#0"},
				"east": {"uv": [11.5, 3.5, 11.625, 3.625], "texture": "#0"},
				"south": {"uv": [1.5, 10.5, 1.6875, 10.625], "texture": "#0"},
				"west": {"uv": [4, 11.5, 4.125, 11.625], "texture": "#0"},
				"up": {"uv": [10.6875, 1.625, 10.5, 1.5], "texture": "#0"},
				"down": {"uv": [2.1875, 10.5, 2, 10.625], "texture": "#0"}
			}
		},
		{
			"from": [8.2, 6.7, 7.8],
			"to": [8.4, 6.9, 8.2],
			"faces": {
				"north": {"uv": [11.5, 4.5, 11.625, 4.625], "texture": "#0"},
				"east": {"uv": [10.5, 2, 10.6875, 2.125], "texture": "#0"},
				"south": {"uv": [5, 11.5, 5.125, 11.625], "texture": "#0"},
				"west": {"uv": [2.5, 10.5, 2.6875, 10.625], "texture": "#0"},
				"up": {"uv": [10.625, 2.6875, 10.5, 2.5], "texture": "#0"},
				"down": {"uv": [3.125, 10.5, 3, 10.6875], "texture": "#0"}
			}
		},
		{
			"from": [7.8, 6.7, 7.6],
			"to": [8.2, 6.9, 7.8],
			"faces": {
				"north": {"uv": [10.5, 3, 10.6875, 3.125], "texture": "#0"},
				"east": {"uv": [11.5, 5, 11.625, 5.125], "texture": "#0"},
				"south": {"uv": [3.5, 10.5, 3.6875, 10.625], "texture": "#0"},
				"west": {"uv": [5.5, 11.5, 5.625, 11.625], "texture": "#0"},
				"up": {"uv": [10.6875, 3.625, 10.5, 3.5], "texture": "#0"},
				"down": {"uv": [4.1875, 10.5, 4, 10.625], "texture": "#0"}
			}
		},
		{
			"from": [7.6, 0, 5.9],
			"to": [8.4, 0.2, 7.5],
			"faces": {
				"north": {"uv": [8, 2.5, 8.375, 2.625], "texture": "#0"},
				"east": {"uv": [6, 4, 6.8125, 4.125], "texture": "#0"},
				"south": {"uv": [3, 8, 3.375, 8.125], "texture": "#0"},
				"west": {"uv": [4.5, 6, 5.3125, 6.125], "texture": "#0"},
				"up": {"uv": [0.375, 0.8125, 0, 0], "texture": "#0"},
				"down": {"uv": [0.875, 0, 0.5, 0.8125], "texture": "#0"}
			}
		},
		{
			"from": [8.5, 0, 7.6],
			"to": [10.1, 0.2, 8.4],
			"faces": {
				"north": {"uv": [6, 4.5, 6.8125, 4.625], "texture": "#0"},
				"east": {"uv": [8, 3, 8.375, 3.125], "texture": "#0"},
				"south": {"uv": [6, 5, 6.8125, 5.125], "texture": "#0"},
				"west": {"uv": [3.5, 8, 3.875, 8.125], "texture": "#0"},
				"up": {"uv": [0.8125, 1.375, 0, 1], "texture": "#0"},
				"down": {"uv": [1.8125, 0, 1, 0.375], "texture": "#0"}
			}
		},
		{
			"from": [6, 0, 7.6],
			"to": [7.5, 0.2, 8.4],
			"faces": {
				"north": {"uv": [2.5, 7, 3.25, 7.125], "texture": "#0"},
				"east": {"uv": [8, 3.5, 8.375, 3.625], "texture": "#0"},
				"south": {"uv": [7, 2.5, 7.75, 2.625], "texture": "#0"},
				"west": {"uv": [4, 8, 4.375, 8.125], "texture": "#0"},
				"up": {"uv": [1.25, 1.875, 0.5, 1.5], "texture": "#0"},
				"down": {"uv": [2.25, 0.5, 1.5, 0.875], "texture": "#0"}
			}
		},
		{
			"from": [5.3, 0.2, 7.7],
			"to": [6.8, 0.3, 8.3],
			"faces": {
				"north": {"uv": [8, 4, 8.75, 4.0625], "texture": "#0"},
				"east": {"uv": [10.5, 6, 10.8125, 6.0625], "texture": "#0"},
				"south": {"uv": [4.5, 8, 5.25, 8.0625], "texture": "#0"},
				"west": {"uv": [6.5, 10.5, 6.8125, 10.5625], "texture": "#0"},
				"up": {"uv": [3.75, 3.3125, 3, 3], "texture": "#0"},
				"down": {"uv": [4.25, 0, 3.5, 0.3125], "texture": "#0"}
			}
		},
		{
			"from": [5.1, 0.3, 7.8],
			"to": [5.6, 0.5, 8.2],
			"faces": {
				"north": {"uv": [9.5, 3, 9.75, 3.125], "texture": "#0"},
				"east": {"uv": [10.5, 4, 10.6875, 4.125], "texture": "#0"},
				"south": {"uv": [3.5, 9.5, 3.75, 9.625], "texture": "#0"},
				"west": {"uv": [4.5, 10.5, 4.6875, 10.625], "texture": "#0"},
				"up": {"uv": [8.25, 4.6875, 8, 4.5], "texture": "#0"},
				"down": {"uv": [8.25, 5, 8, 5.1875], "texture": "#0"}
			}
		},
		{
			"from": [7.8, 0.3, 4.9],
			"to": [8.2, 0.5, 5.4],
			"faces": {
				"north": {"uv": [10.5, 4.5, 10.6875, 4.625], "texture": "#0"},
				"east": {"uv": [9.5, 3.5, 9.75, 3.625], "texture": "#0"},
				"south": {"uv": [5, 10.5, 5.1875, 10.625], "texture": "#0"},
				"west": {"uv": [4, 9.5, 4.25, 9.625], "texture": "#0"},
				"up": {"uv": [5.6875, 8.25, 5.5, 8], "texture": "#0"},
				"down": {"uv": [8.1875, 5.5, 8, 5.75], "texture": "#0"}
			}
		},
		{
			"from": [7.8, 0.3, 10.6],
			"to": [8.2, 0.5, 11.1],
			"faces": {
				"north": {"uv": [10.5, 5, 10.6875, 5.125], "texture": "#0"},
				"east": {"uv": [9.5, 4, 9.75, 4.125], "texture": "#0"},
				"south": {"uv": [5.5, 10.5, 5.6875, 10.625], "texture": "#0"},
				"west": {"uv": [4.5, 9.5, 4.75, 9.625], "texture": "#0"},
				"up": {"uv": [6.1875, 8.25, 6, 8], "texture": "#0"},
				"down": {"uv": [6.6875, 8, 6.5, 8.25], "texture": "#0"}
			}
		},
		{
			"from": [10.5, 0.3, 7.8],
			"to": [11, 0.5, 8.2],
			"faces": {
				"north": {"uv": [9.5, 4.5, 9.75, 4.625], "texture": "#0"},
				"east": {"uv": [10.5, 5.5, 10.6875, 5.625], "texture": "#0"},
				"south": {"uv": [5, 9.5, 5.25, 9.625], "texture": "#0"},
				"west": {"uv": [6, 10.5, 6.1875, 10.625], "texture": "#0"},
				"up": {"uv": [7.25, 8.1875, 7, 8], "texture": "#0"},
				"down": {"uv": [7.75, 8, 7.5, 8.1875], "texture": "#0"}
			}
		},
		{
			"from": [9.3, 0.2, 7.7],
			"to": [10.8, 0.3, 8.3],
			"faces": {
				"north": {"uv": [8, 7.5, 8.75, 7.5625], "texture": "#0"},
				"east": {"uv": [10.5, 6.5, 10.8125, 6.5625], "texture": "#0"},
				"south": {"uv": [8, 8, 8.75, 8.0625], "texture": "#0"},
				"west": {"uv": [7, 10.5, 7.3125, 10.5625], "texture": "#0"},
				"up": {"uv": [1.25, 3.8125, 0.5, 3.5], "texture": "#0"},
				"down": {"uv": [4.25, 0.5, 3.5, 0.8125], "texture": "#0"}
			}
		},
		{
			"from": [7.6, 0, 8.5],
			"to": [8.4, 0.2, 10.1],
			"faces": {
				"north": {"uv": [0, 8.5, 0.375, 8.625], "texture": "#0"},
				"east": {"uv": [5.5, 6, 6.3125, 6.125], "texture": "#0"},
				"south": {"uv": [8.5, 0, 8.875, 0.125], "texture": "#0"},
				"west": {"uv": [6, 5.5, 6.8125, 5.625], "texture": "#0"},
				"up": {"uv": [1.375, 1.3125, 1, 0.5], "texture": "#0"},
				"down": {"uv": [0.375, 1.5, 0, 2.3125], "texture": "#0"}
			}
		},
		{
			"from": [7.7, 0.2, 9.3],
			"to": [8.3, 0.3, 10.9],
			"faces": {
				"north": {"uv": [10.5, 7, 10.8125, 7.0625], "texture": "#0"},
				"east": {"uv": [7.5, 6, 8.3125, 6.0625], "texture": "#0"},
				"south": {"uv": [7.5, 10.5, 7.8125, 10.5625], "texture": "#0"},
				"west": {"uv": [6.5, 7.5, 7.3125, 7.5625], "texture": "#0"},
				"up": {"uv": [2.3125, 3.3125, 2, 2.5], "texture": "#0"},
				"down": {"uv": [3.3125, 0, 3, 0.8125], "texture": "#0"}
			}
		},
		{
			"from": [7.7, 0.2, 5.1],
			"to": [8.3, 0.3, 6.7],
			"faces": {
				"north": {"uv": [10.5, 7.5, 10.8125, 7.5625], "texture": "#0"},
				"east": {"uv": [7.5, 6.5, 8.3125, 6.5625], "texture": "#0"},
				"south": {"uv": [8, 10.5, 8.3125, 10.5625], "texture": "#0"},
				"west": {"uv": [7.5, 7, 8.3125, 7.0625], "texture": "#0"},
				"up": {"uv": [3.3125, 1.8125, 3, 1], "texture": "#0"},
				"down": {"uv": [3.3125, 2, 3, 2.8125], "texture": "#0"}
			}
		}
	],
	"display": {
		"thirdperson_righthand": {
			"rotation": [0, 90, 0],
			"translation": [0, 11.75, 0.75],
			"scale": [1.5, 1.5, 1.5]
		},
		"thirdperson_lefthand": {
			"rotation": [0, 90, 0],
			"translation": [0, 11.75, 0.75],
			"scale": [1.5, 1.5, 1.5]
		},
		"firstperson_righthand": {
			"rotation": [-50, 90, 0],
			"translation": [0, 6.75, -1],
			"scale": [1.5, 1.5, 1.5]
		},
		"firstperson_lefthand": {
			"rotation": [-50, 90, 0],
			"translation": [0, 6.75, -1],
			"scale": [1.5, 1.5, 1.5]
		},
		"ground": {
			"translation": [0, 8, 0],
			"scale": [1.5, 1.5, 1.5]
		},
		"gui": {
			"rotation": [0, 0, -45],
			"translation": [3.25, 3.25, 0],
			"scale": [1.5, 1.5, 1]
		},
		"head": {
			"rotation": [-57.5, 0, 0],
			"translation": [0, 10.5, -13]
		},
		"fixed": {
			"translation": [0, 4.75, 0],
			"scale": [1.5, 1.5, 1.5]
		}
	},
	"groups": [
		{
			"name": "group",
			"origin": [8, 8, 8],
			"color": 0,
			"children": [
				0,
				1,
				2,
				3,
				4,
				5,
				6,
				7,
				8,
				9,
				10,
				11,
				12,
				13,
				14,
				15,
				16,
				17,
				18,
				19,
				20,
				21,
				22,
				23,
				24,
				25,
				26,
				27,
				28,
				29,
				30,
				31,
				32,
				33,
				34,
				35,
				36,
				37,
				38,
				39,
				40,
				41,
				42,
				43,
				44,
				45,
				46,
				47,
				48,
				49,
				50,
				51,
				52,
				53,
				54,
				55,
				56,
				57,
				58,
				59,
				60,
				61,
				62,
				63,
				64,
				65,
				66,
				67,
				68,
				69,
				70,
				71,
				72,
				73,
				74,
				75,
				76,
				77,
				78,
				79,
				80,
				81,
				82,
				83,
				84,
				85,
				86,
				87,
				88,
				89,
				90,
				91,
				92
			]
		}
	]
}