{
	"credit": "Made with Blockbench",
	"texture_size": [32, 32],
	"textures": {
		"0": "item/netherite_sword",
		"particle": "item/netherite_sword"
	},
	"elements": [
		{
			"from": [7.7, 2.3, 7.7],
			"to": [8.3, 2.6, 8.3],
			"faces": {
				"north": {"uv": [0, 3, 0.3125, 3.125], "texture": "#0"},
				"east": {"uv": [3, 0, 3.3125, 0.125], "texture": "#0"},
				"south": {"uv": [0.5, 3, 0.8125, 3.125], "texture": "#0"},
				"west": {"uv": [3, 0.5, 3.3125, 0.625], "texture": "#0"},
				"up": {"uv": [1.8125, 0.3125, 1.5, 0], "texture": "#0"},
				"down": {"uv": [0.8125, 1.5, 0.5, 1.8125], "texture": "#0"}
			}
		},
		{
			"from": [7.8, 1.9, 7.8],
			"to": [8.2, 2.3, 8.2],
			"faces": {
				"north": {"uv": [3.5, 0.5, 3.6875, 0.6875], "texture": "#0"},
				"east": {"uv": [1, 3.5, 1.1875, 3.6875], "texture": "#0"},
				"south": {"uv": [3.5, 1, 3.6875, 1.1875], "texture": "#0"},
				"west": {"uv": [1.5, 3.5, 1.6875, 3.6875], "texture": "#0"},
				"up": {"uv": [3.6875, 1.6875, 3.5, 1.5], "texture": "#0"},
				"down": {"uv": [2.1875, 3.5, 2, 3.6875], "texture": "#0"}
			}
		},
		{
			"from": [7.85, 1.5, 7.85],
			"to": [8.15, 1.9, 8.15],
			"faces": {
				"north": {"uv": [1.5, 4, 1.625, 4.1875], "texture": "#0"},
				"east": {"uv": [4, 1.5, 4.125, 1.6875], "texture": "#0"},
				"south": {"uv": [2, 4, 2.125, 4.1875], "texture": "#0"},
				"west": {"uv": [4, 2, 4.125, 2.1875], "texture": "#0"},
				"up": {"uv": [4.625, 2.625, 4.5, 2.5], "texture": "#0"},
				"down": {"uv": [3.125, 4.5, 3, 4.625], "texture": "#0"}
			}
		},
		{
			"from": [7.9, 0.7, 7.9],
			"to": [8.1, 1.5, 8.1],
			"faces": {
				"north": {"uv": [1.5, 2, 1.625, 2.375], "texture": "#0"},
				"east": {"uv": [2, 1.5, 2.125, 1.875], "texture": "#0"},
				"south": {"uv": [2, 2, 2.125, 2.375], "texture": "#0"},
				"west": {"uv": [0, 2.5, 0.125, 2.875], "texture": "#0"},
				"up": {"uv": [4.625, 2.125, 4.5, 2], "texture": "#0"},
				"down": {"uv": [2.625, 4.5, 2.5, 4.625], "texture": "#0"}
			}
		},
		{
			"from": [7.9, 0.7, 7.9],
			"to": [8.1, 1.5, 7.9],
			"faces": {
				"north": {"uv": [2.5, 0, 2.625, 0.375], "texture": "#0"},
				"east": {"uv": [0, 0, 0, 0.375], "texture": "#0"},
				"south": {"uv": [0.5, 2.5, 0.625, 2.875], "texture": "#0"},
				"west": {"uv": [0, 0, 0, 0.375], "texture": "#0"},
				"up": {"uv": [0.125, 0, 0, 0], "texture": "#0"},
				"down": {"uv": [0.125, 0, 0, 0], "texture": "#0"}
			}
		},
		{
			"from": [7.925, 0.2, 7.925],
			"to": [8.075, 0.7, 8.075],
			"faces": {
				"north": {"uv": [4.5, 3, 4.5625, 3.25], "texture": "#0"},
				"east": {"uv": [3.5, 4.5, 3.5625, 4.75], "texture": "#0"},
				"south": {"uv": [4.5, 3.5, 4.5625, 3.75], "texture": "#0"},
				"west": {"uv": [4, 4.5, 4.0625, 4.75], "texture": "#0"},
				"up": {"uv": [4.0625, 8.0625, 4, 8], "texture": "#0"},
				"down": {"uv": [8.0625, 4, 8, 4.0625], "texture": "#0"}
			}
		},
		{
			"from": [7.6, 2.6, 7.6],
			"to": [8.4, 2.8, 8.4],
			"faces": {
				"north": {"uv": [2.5, 0.5, 2.875, 0.625], "texture": "#0"},
				"east": {"uv": [1, 2.5, 1.375, 2.625], "texture": "#0"},
				"south": {"uv": [2.5, 1, 2.875, 1.125], "texture": "#0"},
				"west": {"uv": [1.5, 2.5, 1.875, 2.625], "texture": "#0"},
				"up": {"uv": [1.375, 1.375, 1, 1], "texture": "#0"},
				"down": {"uv": [0.375, 1.5, 0, 1.875], "texture": "#0"}
			}
		},
		{
			"from": [7.5, 2.8, 7.5],
			"to": [8.5, 3, 8.5],
			"faces": {
				"north": {"uv": [0.5, 2, 1, 2.125], "texture": "#0"},
				"east": {"uv": [2, 0.5, 2.5, 0.625], "texture": "#0"},
				"south": {"uv": [1, 2, 1.5, 2.125], "texture": "#0"},
				"west": {"uv": [2, 1, 2.5, 1.125], "texture": "#0"},
				"up": {"uv": [0.5, 0.5, 0, 0], "texture": "#0"},
				"down": {"uv": [0.5, 0.5, 0, 1], "texture": "#0"}
			}
		},
		{
			"from": [8.5, 2.9, 7.9],
			"to": [8.7, 3, 8.1],
			"faces": {
				"north": {"uv": [6, 6, 6.125, 6.0625], "texture": "#0"},
				"east": {"uv": [0, 6.5, 0.125, 6.5625], "texture": "#0"},
				"south": {"uv": [6.5, 0, 6.625, 0.0625], "texture": "#0"},
				"west": {"uv": [0.5, 6.5, 0.625, 6.5625], "texture": "#0"},
				"up": {"uv": [4.625, 4.125, 4.5, 4], "texture": "#0"},
				"down": {"uv": [4.625, 4.5, 4.5, 4.625], "texture": "#0"}
			}
		},
		{
			"from": [8.6, 3, 7.9],
			"to": [8.8, 3.1, 8.1],
			"faces": {
				"north": {"uv": [6.5, 0.5, 6.625, 0.5625], "texture": "#0"},
				"east": {"uv": [1, 6.5, 1.125, 6.5625], "texture": "#0"},
				"south": {"uv": [6.5, 1, 6.625, 1.0625], "texture": "#0"},
				"west": {"uv": [1.5, 6.5, 1.625, 6.5625], "texture": "#0"},
				"up": {"uv": [0.125, 5.125, 0, 5], "texture": "#0"},
				"down": {"uv": [5.125, 0, 5, 0.125], "texture": "#0"}
			}
		},
		{
			"from": [8.7, 3.1, 7.9],
			"to": [8.9, 3.2, 8.1],
			"faces": {
				"north": {"uv": [6.5, 1.5, 6.625, 1.5625], "texture": "#0"},
				"east": {"uv": [2, 6.5, 2.125, 6.5625], "texture": "#0"},
				"south": {"uv": [6.5, 2, 6.625, 2.0625], "texture": "#0"},
				"west": {"uv": [2.5, 6.5, 2.625, 6.5625], "texture": "#0"},
				"up": {"uv": [0.625, 5.125, 0.5, 5], "texture": "#0"},
				"down": {"uv": [5.125, 0.5, 5, 0.625], "texture": "#0"}
			}
		},
		{
			"from": [8.8, 3.2, 7.9],
			"to": [9, 3.3, 8.1],
			"faces": {
				"north": {"uv": [6.5, 2.5, 6.625, 2.5625], "texture": "#0"},
				"east": {"uv": [3, 6.5, 3.125, 6.5625], "texture": "#0"},
				"south": {"uv": [6.5, 3, 6.625, 3.0625], "texture": "#0"},
				"west": {"uv": [3.5, 6.5, 3.625, 6.5625], "texture": "#0"},
				"up": {"uv": [1.125, 5.125, 1, 5], "texture": "#0"},
				"down": {"uv": [5.125, 1, 5, 1.125], "texture": "#0"}
			}
		},
		{
			"from": [8.9, 3.3, 7.9],
			"to": [9.1, 3.4, 8.1],
			"faces": {
				"north": {"uv": [6.5, 3.5, 6.625, 3.5625], "texture": "#0"},
				"east": {"uv": [4, 6.5, 4.125, 6.5625], "texture": "#0"},
				"south": {"uv": [6.5, 4, 6.625, 4.0625], "texture": "#0"},
				"west": {"uv": [4.5, 6.5, 4.625, 6.5625], "texture": "#0"},
				"up": {"uv": [1.625, 5.125, 1.5, 5], "texture": "#0"},
				"down": {"uv": [5.125, 1.5, 5, 1.625], "texture": "#0"}
			}
		},
		{
			"from": [9, 3.4, 7.9],
			"to": [9.2, 3.5, 8.1],
			"faces": {
				"north": {"uv": [6.5, 4.5, 6.625, 4.5625], "texture": "#0"},
				"east": {"uv": [5, 6.5, 5.125, 6.5625], "texture": "#0"},
				"south": {"uv": [6.5, 5, 6.625, 5.0625], "texture": "#0"},
				"west": {"uv": [5.5, 6.5, 5.625, 6.5625], "texture": "#0"},
				"up": {"uv": [2.125, 5.125, 2, 5], "texture": "#0"},
				"down": {"uv": [5.125, 2, 5, 2.125], "texture": "#0"}
			}
		},
		{
			"from": [9.2, 3.4, 7.925],
			"to": [9.3, 3.5, 8.075],
			"faces": {
				"north": {"uv": [4.5, 8, 4.5625, 8.0625], "texture": "#0"},
				"east": {"uv": [8, 4.5, 8.0625, 4.5625], "texture": "#0"},
				"south": {"uv": [5, 8, 5.0625, 8.0625], "texture": "#0"},
				"west": {"uv": [8, 5, 8.0625, 5.0625], "texture": "#0"},
				"up": {"uv": [5.5625, 8.0625, 5.5, 8], "texture": "#0"},
				"down": {"uv": [8.0625, 5.5, 8, 5.5625], "texture": "#0"}
			}
		},
		{
			"from": [9.3, 3.4, 7.925],
			"to": [9.4, 3.5, 7.975],
			"faces": {
				"north": {"uv": [6, 8, 6.0625, 8.0625], "texture": "#0"},
				"east": {"uv": [8, 6, 8.0625, 6.0625], "texture": "#0"},
				"south": {"uv": [6.5, 8, 6.5625, 8.0625], "texture": "#0"},
				"west": {"uv": [8, 6.5, 8.0625, 6.5625], "texture": "#0"},
				"up": {"uv": [7.0625, 8.0625, 7, 8], "texture": "#0"},
				"down": {"uv": [8.0625, 7, 8, 7.0625], "texture": "#0"}
			}
		},
		{
			"from": [9.3, 3.4, 8.025],
			"to": [9.4, 3.5, 8.075],
			"faces": {
				"north": {"uv": [7.5, 8, 7.5625, 8.0625], "texture": "#0"},
				"east": {"uv": [8, 7.5, 8.0625, 7.5625], "texture": "#0"},
				"south": {"uv": [8, 8, 8.0625, 8.0625], "texture": "#0"},
				"west": {"uv": [0, 8.5, 0.0625, 8.5625], "texture": "#0"},
				"up": {"uv": [8.5625, 0.0625, 8.5, 0], "texture": "#0"},
				"down": {"uv": [0.5625, 8.5, 0.5, 8.5625], "texture": "#0"}
			}
		},
		{
			"from": [7.9, 3.3, 6.9],
			"to": [8.1, 3.4, 7.1],
			"faces": {
				"north": {"uv": [6.5, 5.5, 6.625, 5.5625], "texture": "#0"},
				"east": {"uv": [6, 6.5, 6.125, 6.5625], "texture": "#0"},
				"south": {"uv": [6.5, 6, 6.625, 6.0625], "texture": "#0"},
				"west": {"uv": [6.5, 6.5, 6.625, 6.5625], "texture": "#0"},
				"up": {"uv": [2.625, 5.125, 2.5, 5], "texture": "#0"},
				"down": {"uv": [5.125, 2.5, 5, 2.625], "texture": "#0"}
			}
		},
		{
			"from": [7.925, 3.4, 6.7],
			"to": [8.075, 3.5, 6.8],
			"faces": {
				"north": {"uv": [8.5, 0.5, 8.5625, 0.5625], "texture": "#0"},
				"east": {"uv": [1, 8.5, 1.0625, 8.5625], "texture": "#0"},
				"south": {"uv": [8.5, 1, 8.5625, 1.0625], "texture": "#0"},
				"west": {"uv": [1.5, 8.5, 1.5625, 8.5625], "texture": "#0"},
				"up": {"uv": [8.5625, 1.5625, 8.5, 1.5], "texture": "#0"},
				"down": {"uv": [2.0625, 8.5, 2, 8.5625], "texture": "#0"}
			}
		},
		{
			"from": [8.025, 3.4, 6.6],
			"to": [8.075, 3.5, 6.7],
			"faces": {
				"north": {"uv": [8.5, 2, 8.5625, 2.0625], "texture": "#0"},
				"east": {"uv": [2.5, 8.5, 2.5625, 8.5625], "texture": "#0"},
				"south": {"uv": [8.5, 2.5, 8.5625, 2.5625], "texture": "#0"},
				"west": {"uv": [3, 8.5, 3.0625, 8.5625], "texture": "#0"},
				"up": {"uv": [8.5625, 3.0625, 8.5, 3], "texture": "#0"},
				"down": {"uv": [3.5625, 8.5, 3.5, 8.5625], "texture": "#0"}
			}
		},
		{
			"from": [7.925, 3.4, 6.6],
			"to": [7.975, 3.5, 6.7],
			"faces": {
				"north": {"uv": [8.5, 3.5, 8.5625, 3.5625], "texture": "#0"},
				"east": {"uv": [4, 8.5, 4.0625, 8.5625], "texture": "#0"},
				"south": {"uv": [8.5, 4, 8.5625, 4.0625], "texture": "#0"},
				"west": {"uv": [4.5, 8.5, 4.5625, 8.5625], "texture": "#0"},
				"up": {"uv": [8.5625, 4.5625, 8.5, 4.5], "texture": "#0"},
				"down": {"uv": [5.0625, 8.5, 5, 8.5625], "texture": "#0"}
			}
		},
		{
			"from": [7.9, 3.4, 6.8],
			"to": [8.1, 3.5, 7],
			"faces": {
				"north": {"uv": [0, 7, 0.125, 7.0625], "texture": "#0"},
				"east": {"uv": [7, 0, 7.125, 0.0625], "texture": "#0"},
				"south": {"uv": [0.5, 7, 0.625, 7.0625], "texture": "#0"},
				"west": {"uv": [7, 0.5, 7.125, 0.5625], "texture": "#0"},
				"up": {"uv": [3.125, 5.125, 3, 5], "texture": "#0"},
				"down": {"uv": [5.125, 3, 5, 3.125], "texture": "#0"}
			}
		},
		{
			"from": [7.9, 3.2, 7],
			"to": [8.1, 3.3, 7.2],
			"faces": {
				"north": {"uv": [1, 7, 1.125, 7.0625], "texture": "#0"},
				"east": {"uv": [7, 1, 7.125, 1.0625], "texture": "#0"},
				"south": {"uv": [1.5, 7, 1.625, 7.0625], "texture": "#0"},
				"west": {"uv": [7, 1.5, 7.125, 1.5625], "texture": "#0"},
				"up": {"uv": [3.625, 5.125, 3.5, 5], "texture": "#0"},
				"down": {"uv": [5.125, 3.5, 5, 3.625], "texture": "#0"}
			}
		},
		{
			"from": [7.9, 3.1, 7.1],
			"to": [8.1, 3.2, 7.3],
			"faces": {
				"north": {"uv": [2, 7, 2.125, 7.0625], "texture": "#0"},
				"east": {"uv": [7, 2, 7.125, 2.0625], "texture": "#0"},
				"south": {"uv": [2.5, 7, 2.625, 7.0625], "texture": "#0"},
				"west": {"uv": [7, 2.5, 7.125, 2.5625], "texture": "#0"},
				"up": {"uv": [4.125, 5.125, 4, 5], "texture": "#0"},
				"down": {"uv": [5.125, 4, 5, 4.125], "texture": "#0"}
			}
		},
		{
			"from": [7.9, 3, 7.2],
			"to": [8.1, 3.1, 7.4],
			"faces": {
				"north": {"uv": [3, 7, 3.125, 7.0625], "texture": "#0"},
				"east": {"uv": [7, 3, 7.125, 3.0625], "texture": "#0"},
				"south": {"uv": [3.5, 7, 3.625, 7.0625], "texture": "#0"},
				"west": {"uv": [7, 3.5, 7.125, 3.5625], "texture": "#0"},
				"up": {"uv": [4.625, 5.125, 4.5, 5], "texture": "#0"},
				"down": {"uv": [5.125, 4.5, 5, 4.625], "texture": "#0"}
			}
		},
		{
			"from": [7.9, 2.9, 7.3],
			"to": [8.1, 3, 7.5],
			"faces": {
				"north": {"uv": [4, 7, 4.125, 7.0625], "texture": "#0"},
				"east": {"uv": [7, 4, 7.125, 4.0625], "texture": "#0"},
				"south": {"uv": [4.5, 7, 4.625, 7.0625], "texture": "#0"},
				"west": {"uv": [7, 4.5, 7.125, 4.5625], "texture": "#0"},
				"up": {"uv": [5.125, 5.125, 5, 5], "texture": "#0"},
				"down": {"uv": [0.125, 5.5, 0, 5.625], "texture": "#0"}
			}
		},
		{
			"from": [6.9, 3.3, 7.9],
			"to": [7.1, 3.4, 8.1],
			"faces": {
				"north": {"uv": [5, 7, 5.125, 7.0625], "texture": "#0"},
				"east": {"uv": [7, 5, 7.125, 5.0625], "texture": "#0"},
				"south": {"uv": [5.5, 7, 5.625, 7.0625], "texture": "#0"},
				"west": {"uv": [7, 5.5, 7.125, 5.5625], "texture": "#0"},
				"up": {"uv": [5.625, 0.125, 5.5, 0], "texture": "#0"},
				"down": {"uv": [0.625, 5.5, 0.5, 5.625], "texture": "#0"}
			}
		},
		{
			"from": [6.7, 3.4, 7.925],
			"to": [6.8, 3.5, 8.075],
			"faces": {
				"north": {"uv": [8.5, 5, 8.5625, 5.0625], "texture": "#0"},
				"east": {"uv": [5.5, 8.5, 5.5625, 8.5625], "texture": "#0"},
				"south": {"uv": [8.5, 5.5, 8.5625, 5.5625], "texture": "#0"},
				"west": {"uv": [6, 8.5, 6.0625, 8.5625], "texture": "#0"},
				"up": {"uv": [8.5625, 6.0625, 8.5, 6], "texture": "#0"},
				"down": {"uv": [6.5625, 8.5, 6.5, 8.5625], "texture": "#0"}
			}
		},
		{
			"from": [6.6, 3.4, 7.925],
			"to": [6.7, 3.5, 7.975],
			"faces": {
				"north": {"uv": [8.5, 6.5, 8.5625, 6.5625], "texture": "#0"},
				"east": {"uv": [7, 8.5, 7.0625, 8.5625], "texture": "#0"},
				"south": {"uv": [8.5, 7, 8.5625, 7.0625], "texture": "#0"},
				"west": {"uv": [7.5, 8.5, 7.5625, 8.5625], "texture": "#0"},
				"up": {"uv": [8.5625, 7.5625, 8.5, 7.5], "texture": "#0"},
				"down": {"uv": [8.0625, 8.5, 8, 8.5625], "texture": "#0"}
			}
		},
		{
			"from": [6.6, 3.4, 8.025],
			"to": [6.7, 3.5, 8.075],
			"faces": {
				"north": {"uv": [8.5, 8, 8.5625, 8.0625], "texture": "#0"},
				"east": {"uv": [8.5, 8.5, 8.5625, 8.5625], "texture": "#0"},
				"south": {"uv": [0, 9, 0.0625, 9.0625], "texture": "#0"},
				"west": {"uv": [9, 0, 9.0625, 0.0625], "texture": "#0"},
				"up": {"uv": [0.5625, 9.0625, 0.5, 9], "texture": "#0"},
				"down": {"uv": [9.0625, 0.5, 9, 0.5625], "texture": "#0"}
			}
		},
		{
			"from": [6.8, 3.4, 7.9],
			"to": [7, 3.5, 8.1],
			"faces": {
				"north": {"uv": [6, 7, 6.125, 7.0625], "texture": "#0"},
				"east": {"uv": [7, 6, 7.125, 6.0625], "texture": "#0"},
				"south": {"uv": [6.5, 7, 6.625, 7.0625], "texture": "#0"},
				"west": {"uv": [7, 6.5, 7.125, 6.5625], "texture": "#0"},
				"up": {"uv": [5.625, 0.625, 5.5, 0.5], "texture": "#0"},
				"down": {"uv": [1.125, 5.5, 1, 5.625], "texture": "#0"}
			}
		},
		{
			"from": [7, 3.2, 7.9],
			"to": [7.2, 3.3, 8.1],
			"faces": {
				"north": {"uv": [7, 7, 7.125, 7.0625], "texture": "#0"},
				"east": {"uv": [0, 7.5, 0.125, 7.5625], "texture": "#0"},
				"south": {"uv": [7.5, 0, 7.625, 0.0625], "texture": "#0"},
				"west": {"uv": [0.5, 7.5, 0.625, 7.5625], "texture": "#0"},
				"up": {"uv": [5.625, 1.125, 5.5, 1], "texture": "#0"},
				"down": {"uv": [1.625, 5.5, 1.5, 5.625], "texture": "#0"}
			}
		},
		{
			"from": [7.1, 3.1, 7.9],
			"to": [7.3, 3.2, 8.1],
			"faces": {
				"north": {"uv": [7.5, 0.5, 7.625, 0.5625], "texture": "#0"},
				"east": {"uv": [1, 7.5, 1.125, 7.5625], "texture": "#0"},
				"south": {"uv": [7.5, 1, 7.625, 1.0625], "texture": "#0"},
				"west": {"uv": [1.5, 7.5, 1.625, 7.5625], "texture": "#0"},
				"up": {"uv": [5.625, 1.625, 5.5, 1.5], "texture": "#0"},
				"down": {"uv": [2.125, 5.5, 2, 5.625], "texture": "#0"}
			}
		},
		{
			"from": [7.2, 3, 7.9],
			"to": [7.4, 3.1, 8.1],
			"faces": {
				"north": {"uv": [7.5, 1.5, 7.625, 1.5625], "texture": "#0"},
				"east": {"uv": [2, 7.5, 2.125, 7.5625], "texture": "#0"},
				"south": {"uv": [7.5, 2, 7.625, 2.0625], "texture": "#0"},
				"west": {"uv": [2.5, 7.5, 2.625, 7.5625], "texture": "#0"},
				"up": {"uv": [5.625, 2.125, 5.5, 2], "texture": "#0"},
				"down": {"uv": [2.625, 5.5, 2.5, 5.625], "texture": "#0"}
			}
		},
		{
			"from": [7.3, 2.9, 7.9],
			"to": [7.5, 3, 8.1],
			"faces": {
				"north": {"uv": [7.5, 2.5, 7.625, 2.5625], "texture": "#0"},
				"east": {"uv": [3, 7.5, 3.125, 7.5625], "texture": "#0"},
				"south": {"uv": [7.5, 3, 7.625, 3.0625], "texture": "#0"},
				"west": {"uv": [3.5, 7.5, 3.625, 7.5625], "texture": "#0"},
				"up": {"uv": [5.625, 2.625, 5.5, 2.5], "texture": "#0"},
				"down": {"uv": [3.125, 5.5, 3, 5.625], "texture": "#0"}
			}
		},
		{
			"from": [7.9, 3.3, 8.9],
			"to": [8.1, 3.4, 9.1],
			"faces": {
				"north": {"uv": [7.5, 3.5, 7.625, 3.5625], "texture": "#0"},
				"east": {"uv": [4, 7.5, 4.125, 7.5625], "texture": "#0"},
				"south": {"uv": [7.5, 4, 7.625, 4.0625], "texture": "#0"},
				"west": {"uv": [4.5, 7.5, 4.625, 7.5625], "texture": "#0"},
				"up": {"uv": [5.625, 3.125, 5.5, 3], "texture": "#0"},
				"down": {"uv": [3.625, 5.5, 3.5, 5.625], "texture": "#0"}
			}
		},
		{
			"from": [7.925, 3.4, 9.2],
			"to": [8.075, 3.5, 9.3],
			"faces": {
				"north": {"uv": [1, 9, 1.0625, 9.0625], "texture": "#0"},
				"east": {"uv": [9, 1, 9.0625, 1.0625], "texture": "#0"},
				"south": {"uv": [1.5, 9, 1.5625, 9.0625], "texture": "#0"},
				"west": {"uv": [9, 1.5, 9.0625, 1.5625], "texture": "#0"},
				"up": {"uv": [2.0625, 9.0625, 2, 9], "texture": "#0"},
				"down": {"uv": [9.0625, 2, 9, 2.0625], "texture": "#0"}
			}
		},
		{
			"from": [7.925, 3.4, 9.3],
			"to": [7.975, 3.5, 9.4],
			"faces": {
				"north": {"uv": [2.5, 9, 2.5625, 9.0625], "texture": "#0"},
				"east": {"uv": [9, 2.5, 9.0625, 2.5625], "texture": "#0"},
				"south": {"uv": [3, 9, 3.0625, 9.0625], "texture": "#0"},
				"west": {"uv": [9, 3, 9.0625, 3.0625], "texture": "#0"},
				"up": {"uv": [3.5625, 9.0625, 3.5, 9], "texture": "#0"},
				"down": {"uv": [9.0625, 3.5, 9, 3.5625], "texture": "#0"}
			}
		},
		{
			"from": [8.025, 3.4, 9.3],
			"to": [8.075, 3.5, 9.4],
			"faces": {
				"north": {"uv": [4, 9, 4.0625, 9.0625], "texture": "#0"},
				"east": {"uv": [9, 4, 9.0625, 4.0625], "texture": "#0"},
				"south": {"uv": [4.5, 9, 4.5625, 9.0625], "texture": "#0"},
				"west": {"uv": [9, 4.5, 9.0625, 4.5625], "texture": "#0"},
				"up": {"uv": [5.0625, 9.0625, 5, 9], "texture": "#0"},
				"down": {"uv": [9.0625, 5, 9, 5.0625], "texture": "#0"}
			}
		},
		{
			"from": [7.9, 3.4, 9],
			"to": [8.1, 3.5, 9.2],
			"faces": {
				"north": {"uv": [7.5, 4.5, 7.625, 4.5625], "texture": "#0"},
				"east": {"uv": [5, 7.5, 5.125, 7.5625], "texture": "#0"},
				"south": {"uv": [7.5, 5, 7.625, 5.0625], "texture": "#0"},
				"west": {"uv": [5.5, 7.5, 5.625, 7.5625], "texture": "#0"},
				"up": {"uv": [5.625, 3.625, 5.5, 3.5], "texture": "#0"},
				"down": {"uv": [4.125, 5.5, 4, 5.625], "texture": "#0"}
			}
		},
		{
			"from": [7.9, 3.2, 8.8],
			"to": [8.1, 3.3, 9],
			"faces": {
				"north": {"uv": [7.5, 5.5, 7.625, 5.5625], "texture": "#0"},
				"east": {"uv": [6, 7.5, 6.125, 7.5625], "texture": "#0"},
				"south": {"uv": [7.5, 6, 7.625, 6.0625], "texture": "#0"},
				"west": {"uv": [6.5, 7.5, 6.625, 7.5625], "texture": "#0"},
				"up": {"uv": [5.625, 4.125, 5.5, 4], "texture": "#0"},
				"down": {"uv": [4.625, 5.5, 4.5, 5.625], "texture": "#0"}
			}
		},
		{
			"from": [7.9, 3.1, 8.7],
			"to": [8.1, 3.2, 8.9],
			"faces": {
				"north": {"uv": [7.5, 6.5, 7.625, 6.5625], "texture": "#0"},
				"east": {"uv": [7, 7.5, 7.125, 7.5625], "texture": "#0"},
				"south": {"uv": [7.5, 7, 7.625, 7.0625], "texture": "#0"},
				"west": {"uv": [7.5, 7.5, 7.625, 7.5625], "texture": "#0"},
				"up": {"uv": [5.625, 4.625, 5.5, 4.5], "texture": "#0"},
				"down": {"uv": [5.125, 5.5, 5, 5.625], "texture": "#0"}
			}
		},
		{
			"from": [7.9, 3, 8.6],
			"to": [8.1, 3.1, 8.8],
			"faces": {
				"north": {"uv": [1, 8, 1.125, 8.0625], "texture": "#0"},
				"east": {"uv": [8, 1, 8.125, 1.0625], "texture": "#0"},
				"south": {"uv": [1.5, 8, 1.625, 8.0625], "texture": "#0"},
				"west": {"uv": [8, 1.5, 8.125, 1.5625], "texture": "#0"},
				"up": {"uv": [0.125, 6.125, 0, 6], "texture": "#0"},
				"down": {"uv": [6.125, 0, 6, 0.125], "texture": "#0"}
			}
		},
		{
			"from": [7.9, 2.9, 8.5],
			"to": [8.1, 3, 8.7],
			"faces": {
				"north": {"uv": [0, 8, 0.125, 8.0625], "texture": "#0"},
				"east": {"uv": [8, 0, 8.125, 0.0625], "texture": "#0"},
				"south": {"uv": [0.5, 8, 0.625, 8.0625], "texture": "#0"},
				"west": {"uv": [8, 0.5, 8.125, 0.5625], "texture": "#0"},
				"up": {"uv": [5.625, 5.125, 5.5, 5], "texture": "#0"},
				"down": {"uv": [5.625, 5.5, 5.5, 5.625], "texture": "#0"}
			}
		},
		{
			"from": [7.7, 3, 7.7],
			"to": [8.3, 3.2, 8.3],
			"faces": {
				"north": {"uv": [1, 3, 1.3125, 3.125], "texture": "#0"},
				"east": {"uv": [3, 1, 3.3125, 1.125], "texture": "#0"},
				"south": {"uv": [1.5, 3, 1.8125, 3.125], "texture": "#0"},
				"west": {"uv": [3, 1.5, 3.3125, 1.625], "texture": "#0"},
				"up": {"uv": [1.8125, 0.8125, 1.5, 0.5], "texture": "#0"},
				"down": {"uv": [1.3125, 1.5, 1, 1.8125], "texture": "#0"}
			}
		},
		{
			"from": [7.7, 4, 7.7],
			"to": [8.3, 4.2, 8.3],
			"faces": {
				"north": {"uv": [2, 3, 2.3125, 3.125], "texture": "#0"},
				"east": {"uv": [3, 2, 3.3125, 2.125], "texture": "#0"},
				"south": {"uv": [2.5, 3, 2.8125, 3.125], "texture": "#0"},
				"west": {"uv": [3, 2.5, 3.3125, 2.625], "texture": "#0"},
				"up": {"uv": [1.8125, 1.3125, 1.5, 1], "texture": "#0"},
				"down": {"uv": [1.8125, 1.5, 1.5, 1.8125], "texture": "#0"}
			}
		},
		{
			"from": [7.8, 4.2, 7.8],
			"to": [8.2, 4.3, 8.2],
			"faces": {
				"north": {"uv": [2.5, 6, 2.6875, 6.0625], "texture": "#0"},
				"east": {"uv": [6, 2.5, 6.1875, 2.5625], "texture": "#0"},
				"south": {"uv": [3, 6, 3.1875, 6.0625], "texture": "#0"},
				"west": {"uv": [6, 3, 6.1875, 3.0625], "texture": "#0"},
				"up": {"uv": [3.6875, 2.1875, 3.5, 2], "texture": "#0"},
				"down": {"uv": [2.6875, 3.5, 2.5, 3.6875], "texture": "#0"}
			}
		},
		{
			"from": [7.9, 4.5, 7.6],
			"to": [8.1, 4.6, 8.4],
			"faces": {
				"north": {"uv": [2, 8, 2.125, 8.0625], "texture": "#0"},
				"east": {"uv": [2.5, 4, 2.875, 4.0625], "texture": "#0"},
				"south": {"uv": [8, 2, 8.125, 2.0625], "texture": "#0"},
				"west": {"uv": [4, 2.5, 4.375, 2.5625], "texture": "#0"},
				"up": {"uv": [2.625, 1.875, 2.5, 1.5], "texture": "#0"},
				"down": {"uv": [2.125, 2.5, 2, 2.875], "texture": "#0"}
			}
		},
		{
			"from": [7.95, 4.6, 7.5],
			"to": [8.05, 5.3, 8.5],
			"faces": {
				"north": {"uv": [3, 4, 3.0625, 4.375], "texture": "#0"},
				"east": {"uv": [0.5, 0, 1, 0.375], "texture": "#0"},
				"south": {"uv": [4, 3, 4.0625, 3.375], "texture": "#0"},
				"west": {"uv": [0.5, 0.5, 1, 0.875], "texture": "#0"},
				"up": {"uv": [0.0625, 4.5, 0, 4], "texture": "#0"},
				"down": {"uv": [4.0625, 0, 4, 0.5], "texture": "#0"}
			}
		},
		{
			"from": [7.95, 5.3, 7.6],
			"to": [8.05, 6.2, 8.4],
			"faces": {
				"north": {"uv": [1, 4, 1.0625, 4.4375], "texture": "#0"},
				"east": {"uv": [0, 1, 0.375, 1.4375], "texture": "#0"},
				"south": {"uv": [4, 1, 4.0625, 1.4375], "texture": "#0"},
				"west": {"uv": [1, 0, 1.375, 0.4375], "texture": "#0"},
				"up": {"uv": [3.5625, 4.375, 3.5, 4], "texture": "#0"},
				"down": {"uv": [4.0625, 3.5, 4, 3.875], "texture": "#0"}
			}
		},
		{
			"from": [7.95, 6.2, 7.7],
			"to": [8.05, 7.2, 8.3],
			"faces": {
				"north": {"uv": [0.5, 4, 0.5625, 4.5], "texture": "#0"},
				"east": {"uv": [0.5, 1, 0.8125, 1.5], "texture": "#0"},
				"south": {"uv": [4, 0.5, 4.0625, 1], "texture": "#0"},
				"west": {"uv": [1, 0.5, 1.3125, 1], "texture": "#0"},
				"up": {"uv": [4.5625, 1.8125, 4.5, 1.5], "texture": "#0"},
				"down": {"uv": [2.0625, 4.5, 2, 4.8125], "texture": "#0"}
			}
		},
		{
			"from": [7.95, 7.2, 7.8],
			"to": [8.05, 8, 8.2],
			"faces": {
				"north": {"uv": [4.5, 0, 4.5625, 0.375], "texture": "#0"},
				"east": {"uv": [0, 2, 0.1875, 2.375], "texture": "#0"},
				"south": {"uv": [0.5, 4.5, 0.5625, 4.875], "texture": "#0"},
				"west": {"uv": [2, 0, 2.1875, 0.375], "texture": "#0"},
				"up": {"uv": [3.5625, 6.1875, 3.5, 6], "texture": "#0"},
				"down": {"uv": [6.0625, 3.5, 6, 3.6875], "texture": "#0"}
			}
		},
		{
			"from": [7.95, 8, 7.9],
			"to": [8.05, 8.7, 8.1],
			"faces": {
				"north": {"uv": [4, 4, 4.0625, 4.375], "texture": "#0"},
				"east": {"uv": [2.5, 2, 2.625, 2.375], "texture": "#0"},
				"south": {"uv": [0, 4.5, 0.0625, 4.875], "texture": "#0"},
				"west": {"uv": [2.5, 2.5, 2.625, 2.875], "texture": "#0"},
				"up": {"uv": [2.5625, 8.125, 2.5, 8], "texture": "#0"},
				"down": {"uv": [8.0625, 2.5, 8, 2.625], "texture": "#0"}
			}
		},
		{
			"from": [7.95, 8.7, 7.95],
			"to": [8.05, 9.4, 8.05],
			"faces": {
				"north": {"uv": [4.5, 0.5, 4.5625, 0.875], "texture": "#0"},
				"east": {"uv": [1, 4.5, 1.0625, 4.875], "texture": "#0"},
				"south": {"uv": [4.5, 1, 4.5625, 1.375], "texture": "#0"},
				"west": {"uv": [1.5, 4.5, 1.5625, 4.875], "texture": "#0"},
				"up": {"uv": [5.5625, 9.0625, 5.5, 9], "texture": "#0"},
				"down": {"uv": [9.0625, 5.5, 9, 5.5625], "texture": "#0"}
			}
		},
		{
			"from": [7.95, 9.4, 7.975],
			"to": [8.05, 9.7, 8.025],
			"faces": {
				"north": {"uv": [3, 8, 3.0625, 8.125], "texture": "#0"},
				"east": {"uv": [8, 3, 8.0625, 3.125], "texture": "#0"},
				"south": {"uv": [3.5, 8, 3.5625, 8.125], "texture": "#0"},
				"west": {"uv": [8, 3.5, 8.0625, 3.625], "texture": "#0"},
				"up": {"uv": [6.0625, 9.0625, 6, 9], "texture": "#0"},
				"down": {"uv": [9.0625, 6, 9, 6.0625], "texture": "#0"}
			}
		},
		{
			"from": [7.9, 4.3, 7.9],
			"to": [8.1, 4.5, 8.1],
			"faces": {
				"north": {"uv": [0.5, 6, 0.625, 6.125], "texture": "#0"},
				"east": {"uv": [6, 0.5, 6.125, 0.625], "texture": "#0"},
				"south": {"uv": [1, 6, 1.125, 6.125], "texture": "#0"},
				"west": {"uv": [6, 1, 6.125, 1.125], "texture": "#0"},
				"up": {"uv": [1.625, 6.125, 1.5, 6], "texture": "#0"},
				"down": {"uv": [6.125, 1.5, 6, 1.625], "texture": "#0"}
			}
		},
		{
			"from": [7.8, 3.2, 7.8],
			"to": [8.2, 3.3, 8.2],
			"faces": {
				"north": {"uv": [4, 6, 4.1875, 6.0625], "texture": "#0"},
				"east": {"uv": [6, 4, 6.1875, 4.0625], "texture": "#0"},
				"south": {"uv": [4.5, 6, 4.6875, 6.0625], "texture": "#0"},
				"west": {"uv": [6, 4.5, 6.1875, 4.5625], "texture": "#0"},
				"up": {"uv": [3.6875, 2.6875, 3.5, 2.5], "texture": "#0"},
				"down": {"uv": [3.1875, 3.5, 3, 3.6875], "texture": "#0"}
			}
		},
		{
			"from": [7.8, 3.9, 7.8],
			"to": [8.2, 4, 8.2],
			"faces": {
				"north": {"uv": [5, 6, 5.1875, 6.0625], "texture": "#0"},
				"east": {"uv": [6, 5, 6.1875, 5.0625], "texture": "#0"},
				"south": {"uv": [5.5, 6, 5.6875, 6.0625], "texture": "#0"},
				"west": {"uv": [6, 5.5, 6.1875, 5.5625], "texture": "#0"},
				"up": {"uv": [3.6875, 3.1875, 3.5, 3], "texture": "#0"},
				"down": {"uv": [3.6875, 3.5, 3.5, 3.6875], "texture": "#0"}
			}
		},
		{
			"from": [7.9, 3.3, 7.9],
			"to": [8.1, 3.9, 8.1],
			"faces": {
				"north": {"uv": [3, 3, 3.125, 3.3125], "texture": "#0"},
				"east": {"uv": [0, 3.5, 0.125, 3.8125], "texture": "#0"},
				"south": {"uv": [3.5, 0, 3.625, 0.3125], "texture": "#0"},
				"west": {"uv": [0.5, 3.5, 0.625, 3.8125], "texture": "#0"},
				"up": {"uv": [2.125, 6.125, 2, 6], "texture": "#0"},
				"down": {"uv": [6.125, 2, 6, 2.125], "texture": "#0"}
			}
		},
		{
			"from": [0.6, 6.5, 11.8],
			"to": [0.7, 6.6, 11.9],
			"rotation": {"angle": 45, "axis": "y", "origin": [0, 0, 0]},
			"faces": {
				"north": {"uv": [0, 0, 0.05, 0.05], "texture": "#0"},
				"east": {"uv": [0, 0, 0.05, 0.05], "texture": "#0"},
				"south": {"uv": [0, 0, 0.05, 0.05], "texture": "#0"},
				"west": {"uv": [0, 0, 0.05, 0.05], "texture": "#0"},
				"up": {"uv": [0, 0, 0.05, 0.05], "texture": "#0"},
				"down": {"uv": [0, 0, 0.05, 0.05], "texture": "#0"}
			}
		},
		{
			"from": [0.6, 9.5, 11.4],
			"to": [0.7, 9.6, 11.5],
			"rotation": {"angle": 45, "axis": "y", "origin": [0, 0, 0]},
			"faces": {
				"north": {"uv": [0, 0, 0.05, 0.05], "texture": "#0"},
				"east": {"uv": [0, 0, 0.05, 0.05], "texture": "#0"},
				"south": {"uv": [0, 0, 0.05, 0.05], "texture": "#0"},
				"west": {"uv": [0, 0, 0.05, 0.05], "texture": "#0"},
				"up": {"uv": [0, 0, 0.05, 0.05], "texture": "#0"},
				"down": {"uv": [0, 0, 0.05, 0.05], "texture": "#0"}
			}
		},
		{
			"from": [0.6, 7, 11.5],
			"to": [0.7, 7.1, 11.6],
			"rotation": {"angle": 45, "axis": "y", "origin": [0, 0, 0]},
			"faces": {
				"north": {"uv": [0, 0, 0.05, 0.05], "texture": "#0"},
				"east": {"uv": [0, 0, 0.05, 0.05], "texture": "#0"},
				"south": {"uv": [0, 0, 0.05, 0.05], "texture": "#0"},
				"west": {"uv": [0, 0, 0.05, 0.05], "texture": "#0"},
				"up": {"uv": [0, 0, 0.05, 0.05], "texture": "#0"},
				"down": {"uv": [0, 0, 0.05, 0.05], "texture": "#0"}
			}
		},
		{
			"from": [0.6, 7.5, 11.6],
			"to": [0.7, 7.6, 11.7],
			"rotation": {"angle": 45, "axis": "y", "origin": [0, 0, 0]},
			"faces": {
				"north": {"uv": [0, 0, 0.05, 0.05], "texture": "#0"},
				"east": {"uv": [0, 0, 0.05, 0.05], "texture": "#0"},
				"south": {"uv": [0, 0, 0.05, 0.05], "texture": "#0"},
				"west": {"uv": [0, 0, 0.05, 0.05], "texture": "#0"},
				"up": {"uv": [0, 0, 0.05, 0.05], "texture": "#0"},
				"down": {"uv": [0, 0, 0.05, 0.05], "texture": "#0"}
			}
		},
		{
			"from": [0.6, 8.1, 11.7],
			"to": [0.7, 8.2, 11.8],
			"rotation": {"angle": 45, "axis": "y", "origin": [0, 0, 0]},
			"faces": {
				"north": {"uv": [0, 0, 0.05, 0.05], "texture": "#0"},
				"east": {"uv": [0, 0, 0.05, 0.05], "texture": "#0"},
				"south": {"uv": [0, 0, 0.05, 0.05], "texture": "#0"},
				"west": {"uv": [0, 0, 0.05, 0.05], "texture": "#0"},
				"up": {"uv": [0, 0, 0.05, 0.05], "texture": "#0"},
				"down": {"uv": [0, 0, 0.05, 0.05], "texture": "#0"}
			}
		},
		{
			"from": [0.6, 8.9, 11.6],
			"to": [0.7, 9, 11.7],
			"rotation": {"angle": 45, "axis": "y", "origin": [0, 0, 0]},
			"faces": {
				"north": {"uv": [0, 0, 0.05, 0.05], "texture": "#0"},
				"east": {"uv": [0, 0, 0.05, 0.05], "texture": "#0"},
				"south": {"uv": [0, 0, 0.05, 0.05], "texture": "#0"},
				"west": {"uv": [0, 0, 0.05, 0.05], "texture": "#0"},
				"up": {"uv": [0, 0, 0.05, 0.05], "texture": "#0"},
				"down": {"uv": [0, 0, 0.05, 0.05], "texture": "#0"}
			}
		},
		{
			"from": [0.6, 8.6, 11.3],
			"to": [0.7, 8.7, 11.4],
			"rotation": {"angle": 45, "axis": "y", "origin": [0, 0, 0]},
			"faces": {
				"north": {"uv": [0, 0, 0.05, 0.05], "texture": "#0"},
				"east": {"uv": [0, 0, 0.05, 0.05], "texture": "#0"},
				"south": {"uv": [0, 0, 0.05, 0.05], "texture": "#0"},
				"west": {"uv": [0, 0, 0.05, 0.05], "texture": "#0"},
				"up": {"uv": [0, 0, 0.05, 0.05], "texture": "#0"},
				"down": {"uv": [0, 0, 0.05, 0.05], "texture": "#0"}
			}
		},
		{
			"from": [0.6, 9.2, 11],
			"to": [0.7, 9.3, 11.1],
			"rotation": {"angle": 45, "axis": "y", "origin": [0, 0, 0]},
			"faces": {
				"north": {"uv": [0, 0, 0.05, 0.05], "texture": "#0"},
				"east": {"uv": [0, 0, 0.05, 0.05], "texture": "#0"},
				"south": {"uv": [0, 0, 0.05, 0.05], "texture": "#0"},
				"west": {"uv": [0, 0, 0.05, 0.05], "texture": "#0"},
				"up": {"uv": [0, 0, 0.05, 0.05], "texture": "#0"},
				"down": {"uv": [0, 0, 0.05, 0.05], "texture": "#0"}
			}
		},
		{
			"from": [0.6, 8.9, 10.9],
			"to": [0.7, 9, 11],
			"rotation": {"angle": 45, "axis": "y", "origin": [0, 0, 0]},
			"faces": {
				"north": {"uv": [0, 0, 0.05, 0.05], "texture": "#0"},
				"east": {"uv": [0, 0, 0.05, 0.05], "texture": "#0"},
				"south": {"uv": [0, 0, 0.05, 0.05], "texture": "#0"},
				"west": {"uv": [0, 0, 0.05, 0.05], "texture": "#0"},
				"up": {"uv": [0, 0, 0.05, 0.05], "texture": "#0"},
				"down": {"uv": [0, 0, 0.05, 0.05], "texture": "#0"}
			}
		},
		{
			"from": [0.6, 8.2, 11.1],
			"to": [0.7, 8.3, 11.2],
			"rotation": {"angle": 45, "axis": "y", "origin": [0, 0, 0]},
			"faces": {
				"north": {"uv": [0, 0, 0.05, 0.05], "texture": "#0"},
				"east": {"uv": [0, 0, 0.05, 0.05], "texture": "#0"},
				"south": {"uv": [0, 0, 0.05, 0.05], "texture": "#0"},
				"west": {"uv": [0, 0, 0.05, 0.05], "texture": "#0"},
				"up": {"uv": [0, 0, 0.05, 0.05], "texture": "#0"},
				"down": {"uv": [0, 0, 0.05, 0.05], "texture": "#0"}
			}
		},
		{
			"from": [0.6, 7.8, 11],
			"to": [0.7, 7.9, 11.1],
			"rotation": {"angle": 45, "axis": "y", "origin": [0, 0, 0]},
			"faces": {
				"north": {"uv": [0, 0, 0.05, 0.05], "texture": "#0"},
				"east": {"uv": [0, 0, 0.05, 0.05], "texture": "#0"},
				"south": {"uv": [0, 0, 0.05, 0.05], "texture": "#0"},
				"west": {"uv": [0, 0, 0.05, 0.05], "texture": "#0"},
				"up": {"uv": [0, 0, 0.05, 0.05], "texture": "#0"},
				"down": {"uv": [0, 0, 0.05, 0.05], "texture": "#0"}
			}
		},
		{
			"from": [0.6, 6.5, 11.2],
			"to": [0.7, 6.6, 11.3],
			"rotation": {"angle": 45, "axis": "y", "origin": [0, 0, 0]},
			"faces": {
				"north": {"uv": [0, 0, 0.05, 0.05], "texture": "#0"},
				"east": {"uv": [0, 0, 0.05, 0.05], "texture": "#0"},
				"south": {"uv": [0, 0, 0.05, 0.05], "texture": "#0"},
				"west": {"uv": [0, 0, 0.05, 0.05], "texture": "#0"},
				"up": {"uv": [0, 0, 0.05, 0.05], "texture": "#0"},
				"down": {"uv": [0, 0, 0.05, 0.05], "texture": "#0"}
			}
		},
		{
			"from": [0.6, 5.9, 11.7],
			"to": [0.7, 6, 11.8],
			"rotation": {"angle": 45, "axis": "y", "origin": [0, 0, 0]},
			"faces": {
				"north": {"uv": [0, 0, 0.05, 0.05], "texture": "#0"},
				"east": {"uv": [0, 0, 0.05, 0.05], "texture": "#0"},
				"south": {"uv": [0, 0, 0.05, 0.05], "texture": "#0"},
				"west": {"uv": [0, 0, 0.05, 0.05], "texture": "#0"},
				"up": {"uv": [0, 0, 0.05, 0.05], "texture": "#0"},
				"down": {"uv": [0, 0, 0.05, 0.05], "texture": "#0"}
			}
		},
		{
			"from": [0.6, 5.4, 11.4],
			"to": [0.7, 5.5, 11.5],
			"rotation": {"angle": 45, "axis": "y", "origin": [0, 0, 0]},
			"faces": {
				"north": {"uv": [0, 0, 0.05, 0.05], "texture": "#0"},
				"east": {"uv": [0, 0, 0.05, 0.05], "texture": "#0"},
				"south": {"uv": [0, 0, 0.05, 0.05], "texture": "#0"},
				"west": {"uv": [0, 0, 0.05, 0.05], "texture": "#0"},
				"up": {"uv": [0, 0, 0.05, 0.05], "texture": "#0"},
				"down": {"uv": [0, 0, 0.05, 0.05], "texture": "#0"}
			}
		},
		{
			"from": [10.6, 6.5, 0.4],
			"to": [10.7, 6.6, 0.5],
			"rotation": {"angle": -45, "axis": "y", "origin": [0, 0, 0]},
			"faces": {
				"north": {"uv": [0, 0, 0.05, 0.05], "texture": "#0"},
				"east": {"uv": [0, 0, 0.05, 0.05], "texture": "#0"},
				"south": {"uv": [0, 0, 0.05, 0.05], "texture": "#0"},
				"west": {"uv": [0, 0, 0.05, 0.05], "texture": "#0"},
				"up": {"uv": [0, 0, 0.05, 0.05], "texture": "#0"},
				"down": {"uv": [0, 0, 0.05, 0.05], "texture": "#0"}
			}
		},
		{
			"from": [10.6, 9.5, 0],
			"to": [10.7, 9.6, 0.1],
			"rotation": {"angle": -45, "axis": "y", "origin": [0, 0, 0]},
			"faces": {
				"north": {"uv": [0, 0, 0.05, 0.05], "texture": "#0"},
				"east": {"uv": [0, 0, 0.05, 0.05], "texture": "#0"},
				"south": {"uv": [0, 0, 0.05, 0.05], "texture": "#0"},
				"west": {"uv": [0, 0, 0.05, 0.05], "texture": "#0"},
				"up": {"uv": [0, 0, 0.05, 0.05], "texture": "#0"},
				"down": {"uv": [0, 0, 0.05, 0.05], "texture": "#0"}
			}
		},
		{
			"from": [10.6, 7, 0.1],
			"to": [10.7, 7.1, 0.2],
			"rotation": {"angle": -45, "axis": "y", "origin": [0, 0, 0]},
			"faces": {
				"north": {"uv": [0, 0, 0.05, 0.05], "texture": "#0"},
				"east": {"uv": [0, 0, 0.05, 0.05], "texture": "#0"},
				"south": {"uv": [0, 0, 0.05, 0.05], "texture": "#0"},
				"west": {"uv": [0, 0, 0.05, 0.05], "texture": "#0"},
				"up": {"uv": [0, 0, 0.05, 0.05], "texture": "#0"},
				"down": {"uv": [0, 0, 0.05, 0.05], "texture": "#0"}
			}
		},
		{
			"from": [10.6, 7.5, 0.2],
			"to": [10.7, 7.6, 0.3],
			"rotation": {"angle": -45, "axis": "y", "origin": [0, 0, 0]},
			"faces": {
				"north": {"uv": [0, 0, 0.05, 0.05], "texture": "#0"},
				"east": {"uv": [0, 0, 0.05, 0.05], "texture": "#0"},
				"south": {"uv": [0, 0, 0.05, 0.05], "texture": "#0"},
				"west": {"uv": [0, 0, 0.05, 0.05], "texture": "#0"},
				"up": {"uv": [0, 0, 0.05, 0.05], "texture": "#0"},
				"down": {"uv": [0, 0, 0.05, 0.05], "texture": "#0"}
			}
		},
		{
			"from": [10.6, 8.1, 0.3],
			"to": [10.7, 8.2, 0.4],
			"rotation": {"angle": -45, "axis": "y", "origin": [0, 0, 0]},
			"faces": {
				"north": {"uv": [0, 0, 0.05, 0.05], "texture": "#0"},
				"east": {"uv": [0, 0, 0.05, 0.05], "texture": "#0"},
				"south": {"uv": [0, 0, 0.05, 0.05], "texture": "#0"},
				"west": {"uv": [0, 0, 0.05, 0.05], "texture": "#0"},
				"up": {"uv": [0, 0, 0.05, 0.05], "texture": "#0"},
				"down": {"uv": [0, 0, 0.05, 0.05], "texture": "#0"}
			}
		},
		{
			"from": [10.6, 8.9, 0.2],
			"to": [10.7, 9, 0.3],
			"rotation": {"angle": -45, "axis": "y", "origin": [0, 0, 0]},
			"faces": {
				"north": {"uv": [0, 0, 0.05, 0.05], "texture": "#0"},
				"east": {"uv": [0, 0, 0.05, 0.05], "texture": "#0"},
				"south": {"uv": [0, 0, 0.05, 0.05], "texture": "#0"},
				"west": {"uv": [0, 0, 0.05, 0.05], "texture": "#0"},
				"up": {"uv": [0, 0, 0.05, 0.05], "texture": "#0"},
				"down": {"uv": [0, 0, 0.05, 0.05], "texture": "#0"}
			}
		},
		{
			"from": [10.6, 8.6, -0.1],
			"to": [10.7, 8.7, 0],
			"rotation": {"angle": -45, "axis": "y", "origin": [0, 0, 0]},
			"faces": {
				"north": {"uv": [0, 0, 0.05, 0.05], "texture": "#0"},
				"east": {"uv": [0, 0, 0.05, 0.05], "texture": "#0"},
				"south": {"uv": [0, 0, 0.05, 0.05], "texture": "#0"},
				"west": {"uv": [0, 0, 0.05, 0.05], "texture": "#0"},
				"up": {"uv": [0, 0, 0.05, 0.05], "texture": "#0"},
				"down": {"uv": [0, 0, 0.05, 0.05], "texture": "#0"}
			}
		},
		{
			"from": [10.6, 9.2, -0.4],
			"to": [10.7, 9.3, -0.3],
			"rotation": {"angle": -45, "axis": "y", "origin": [0, 0, 0]},
			"faces": {
				"north": {"uv": [0, 0, 0.05, 0.05], "texture": "#0"},
				"east": {"uv": [0, 0, 0.05, 0.05], "texture": "#0"},
				"south": {"uv": [0, 0, 0.05, 0.05], "texture": "#0"},
				"west": {"uv": [0, 0, 0.05, 0.05], "texture": "#0"},
				"up": {"uv": [0, 0, 0.05, 0.05], "texture": "#0"},
				"down": {"uv": [0, 0, 0.05, 0.05], "texture": "#0"}
			}
		},
		{
			"from": [10.6, 8.9, -0.5],
			"to": [10.7, 9, -0.4],
			"rotation": {"angle": -45, "axis": "y", "origin": [0, 0, 0]},
			"faces": {
				"north": {"uv": [0, 0, 0.05, 0.05], "texture": "#0"},
				"east": {"uv": [0, 0, 0.05, 0.05], "texture": "#0"},
				"south": {"uv": [0, 0, 0.05, 0.05], "texture": "#0"},
				"west": {"uv": [0, 0, 0.05, 0.05], "texture": "#0"},
				"up": {"uv": [0, 0, 0.05, 0.05], "texture": "#0"},
				"down": {"uv": [0, 0, 0.05, 0.05], "texture": "#0"}
			}
		},
		{
			"from": [10.6, 8.2, -0.3],
			"to": [10.7, 8.3, -0.2],
			"rotation": {"angle": -45, "axis": "y", "origin": [0, 0, 0]},
			"faces": {
				"north": {"uv": [0, 0, 0.05, 0.05], "texture": "#0"},
				"east": {"uv": [0, 0, 0.05, 0.05], "texture": "#0"},
				"south": {"uv": [0, 0, 0.05, 0.05], "texture": "#0"},
				"west": {"uv": [0, 0, 0.05, 0.05], "texture": "#0"},
				"up": {"uv": [0, 0, 0.05, 0.05], "texture": "#0"},
				"down": {"uv": [0, 0, 0.05, 0.05], "texture": "#0"}
			}
		},
		{
			"from": [10.6, 7.8, -0.4],
			"to": [10.7, 7.9, -0.3],
			"rotation": {"angle": -45, "axis": "y", "origin": [0, 0, 0]},
			"faces": {
				"north": {"uv": [0, 0, 0.05, 0.05], "texture": "#0"},
				"east": {"uv": [0, 0, 0.05, 0.05], "texture": "#0"},
				"south": {"uv": [0, 0, 0.05, 0.05], "texture": "#0"},
				"west": {"uv": [0, 0, 0.05, 0.05], "texture": "#0"},
				"up": {"uv": [0, 0, 0.05, 0.05], "texture": "#0"},
				"down": {"uv": [0, 0, 0.05, 0.05], "texture": "#0"}
			}
		},
		{
			"from": [10.6, 6.5, -0.2],
			"to": [10.7, 6.6, -0.1],
			"rotation": {"angle": -45, "axis": "y", "origin": [0, 0, 0]},
			"faces": {
				"north": {"uv": [0, 0, 0.05, 0.05], "texture": "#0"},
				"east": {"uv": [0, 0, 0.05, 0.05], "texture": "#0"},
				"south": {"uv": [0, 0, 0.05, 0.05], "texture": "#0"},
				"west": {"uv": [0, 0, 0.05, 0.05], "texture": "#0"},
				"up": {"uv": [0, 0, 0.05, 0.05], "texture": "#0"},
				"down": {"uv": [0, 0, 0.05, 0.05], "texture": "#0"}
			}
		},
		{
			"from": [10.6, 5.9, 0.3],
			"to": [10.7, 6, 0.4],
			"rotation": {"angle": -45, "axis": "y", "origin": [0, 0, 0]},
			"faces": {
				"north": {"uv": [0, 0, 0.05, 0.05], "texture": "#0"},
				"east": {"uv": [0, 0, 0.05, 0.05], "texture": "#0"},
				"south": {"uv": [0, 0, 0.05, 0.05], "texture": "#0"},
				"west": {"uv": [0, 0, 0.05, 0.05], "texture": "#0"},
				"up": {"uv": [0, 0, 0.05, 0.05], "texture": "#0"},
				"down": {"uv": [0, 0, 0.05, 0.05], "texture": "#0"}
			}
		},
		{
			"from": [10.6, 5.4, 0],
			"to": [10.7, 5.5, 0.1],
			"rotation": {"angle": -45, "axis": "y", "origin": [0, 0, 0]},
			"faces": {
				"north": {"uv": [0, 0, 0.05, 0.05], "texture": "#0"},
				"east": {"uv": [0, 0, 0.05, 0.05], "texture": "#0"},
				"south": {"uv": [0, 0, 0.05, 0.05], "texture": "#0"},
				"west": {"uv": [0, 0, 0.05, 0.05], "texture": "#0"},
				"up": {"uv": [0, 0, 0.05, 0.05], "texture": "#0"},
				"down": {"uv": [0, 0, 0.05, 0.05], "texture": "#0"}
			}
		},
		{
			"from": [11.9, 6.5, 0.5],
			"to": [12, 6.6, 0.6],
			"rotation": {"angle": -45, "axis": "y", "origin": [0, 0, 0]},
			"faces": {
				"north": {"uv": [0, 0, 0.05, 0.05], "texture": "#0"},
				"east": {"uv": [0, 0, 0.05, 0.05], "texture": "#0"},
				"south": {"uv": [0, 0, 0.05, 0.05], "texture": "#0"},
				"west": {"uv": [0, 0, 0.05, 0.05], "texture": "#0"},
				"up": {"uv": [0, 0, 0.05, 0.05], "texture": "#0"},
				"down": {"uv": [0, 0, 0.05, 0.05], "texture": "#0"}
			}
		},
		{
			"from": [11.9, 9.5, 0.1],
			"to": [12, 9.6, 0.2],
			"rotation": {"angle": -45, "axis": "y", "origin": [0, 0, 0]},
			"faces": {
				"north": {"uv": [0, 0, 0.05, 0.05], "texture": "#0"},
				"east": {"uv": [0, 0, 0.05, 0.05], "texture": "#0"},
				"south": {"uv": [0, 0, 0.05, 0.05], "texture": "#0"},
				"west": {"uv": [0, 0, 0.05, 0.05], "texture": "#0"},
				"up": {"uv": [0, 0, 0.05, 0.05], "texture": "#0"},
				"down": {"uv": [0, 0, 0.05, 0.05], "texture": "#0"}
			}
		},
		{
			"from": [11.9, 7, 0.2],
			"to": [12, 7.1, 0.3],
			"rotation": {"angle": -45, "axis": "y", "origin": [0, 0, 0]},
			"faces": {
				"north": {"uv": [0, 0, 0.05, 0.05], "texture": "#0"},
				"east": {"uv": [0, 0, 0.05, 0.05], "texture": "#0"},
				"south": {"uv": [0, 0, 0.05, 0.05], "texture": "#0"},
				"west": {"uv": [0, 0, 0.05, 0.05], "texture": "#0"},
				"up": {"uv": [0, 0, 0.05, 0.05], "texture": "#0"},
				"down": {"uv": [0, 0, 0.05, 0.05], "texture": "#0"}
			}
		},
		{
			"from": [11.9, 7.5, 0.3],
			"to": [12, 7.6, 0.4],
			"rotation": {"angle": -45, "axis": "y", "origin": [0, 0, 0]},
			"faces": {
				"north": {"uv": [0, 0, 0.05, 0.05], "texture": "#0"},
				"east": {"uv": [0, 0, 0.05, 0.05], "texture": "#0"},
				"south": {"uv": [0, 0, 0.05, 0.05], "texture": "#0"},
				"west": {"uv": [0, 0, 0.05, 0.05], "texture": "#0"},
				"up": {"uv": [0, 0, 0.05, 0.05], "texture": "#0"},
				"down": {"uv": [0, 0, 0.05, 0.05], "texture": "#0"}
			}
		},
		{
			"from": [11.9, 8.1, 0.4],
			"to": [12, 8.2, 0.5],
			"rotation": {"angle": -45, "axis": "y", "origin": [0, 0, 0]},
			"faces": {
				"north": {"uv": [0, 0, 0.05, 0.05], "texture": "#0"},
				"east": {"uv": [0, 0, 0.05, 0.05], "texture": "#0"},
				"south": {"uv": [0, 0, 0.05, 0.05], "texture": "#0"},
				"west": {"uv": [0, 0, 0.05, 0.05], "texture": "#0"},
				"up": {"uv": [0, 0, 0.05, 0.05], "texture": "#0"},
				"down": {"uv": [0, 0, 0.05, 0.05], "texture": "#0"}
			}
		},
		{
			"from": [11.9, 8.9, 0.3],
			"to": [12, 9, 0.4],
			"rotation": {"angle": -45, "axis": "y", "origin": [0, 0, 0]},
			"faces": {
				"north": {"uv": [0, 0, 0.05, 0.05], "texture": "#0"},
				"east": {"uv": [0, 0, 0.05, 0.05], "texture": "#0"},
				"south": {"uv": [0, 0, 0.05, 0.05], "texture": "#0"},
				"west": {"uv": [0, 0, 0.05, 0.05], "texture": "#0"},
				"up": {"uv": [0, 0, 0.05, 0.05], "texture": "#0"},
				"down": {"uv": [0, 0, 0.05, 0.05], "texture": "#0"}
			}
		},
		{
			"from": [11.9, 8.6, 0],
			"to": [12, 8.7, 0.1],
			"rotation": {"angle": -45, "axis": "y", "origin": [0, 0, 0]},
			"faces": {
				"north": {"uv": [0, 0, 0.05, 0.05], "texture": "#0"},
				"east": {"uv": [0, 0, 0.05, 0.05], "texture": "#0"},
				"south": {"uv": [0, 0, 0.05, 0.05], "texture": "#0"},
				"west": {"uv": [0, 0, 0.05, 0.05], "texture": "#0"},
				"up": {"uv": [0, 0, 0.05, 0.05], "texture": "#0"},
				"down": {"uv": [0, 0, 0.05, 0.05], "texture": "#0"}
			}
		},
		{
			"from": [11.9, 9.2, -0.3],
			"to": [12, 9.3, -0.2],
			"rotation": {"angle": -45, "axis": "y", "origin": [0, 0, 0]},
			"faces": {
				"north": {"uv": [0, 0, 0.05, 0.05], "texture": "#0"},
				"east": {"uv": [0, 0, 0.05, 0.05], "texture": "#0"},
				"south": {"uv": [0, 0, 0.05, 0.05], "texture": "#0"},
				"west": {"uv": [0, 0, 0.05, 0.05], "texture": "#0"},
				"up": {"uv": [0, 0, 0.05, 0.05], "texture": "#0"},
				"down": {"uv": [0, 0, 0.05, 0.05], "texture": "#0"}
			}
		},
		{
			"from": [11.9, 8.9, -0.4],
			"to": [12, 9, -0.3],
			"rotation": {"angle": -45, "axis": "y", "origin": [0, 0, 0]},
			"faces": {
				"north": {"uv": [0, 0, 0.05, 0.05], "texture": "#0"},
				"east": {"uv": [0, 0, 0.05, 0.05], "texture": "#0"},
				"south": {"uv": [0, 0, 0.05, 0.05], "texture": "#0"},
				"west": {"uv": [0, 0, 0.05, 0.05], "texture": "#0"},
				"up": {"uv": [0, 0, 0.05, 0.05], "texture": "#0"},
				"down": {"uv": [0, 0, 0.05, 0.05], "texture": "#0"}
			}
		},
		{
			"from": [11.9, 8.2, -0.2],
			"to": [12, 8.3, -0.1],
			"rotation": {"angle": -45, "axis": "y", "origin": [0, 0, 0]},
			"faces": {
				"north": {"uv": [0, 0, 0.05, 0.05], "texture": "#0"},
				"east": {"uv": [0, 0, 0.05, 0.05], "texture": "#0"},
				"south": {"uv": [0, 0, 0.05, 0.05], "texture": "#0"},
				"west": {"uv": [0, 0, 0.05, 0.05], "texture": "#0"},
				"up": {"uv": [0, 0, 0.05, 0.05], "texture": "#0"},
				"down": {"uv": [0, 0, 0.05, 0.05], "texture": "#0"}
			}
		},
		{
			"from": [11.9, 7.8, -0.3],
			"to": [12, 7.9, -0.2],
			"rotation": {"angle": -45, "axis": "y", "origin": [0, 0, 0]},
			"faces": {
				"north": {"uv": [0, 0, 0.05, 0.05], "texture": "#0"},
				"east": {"uv": [0, 0, 0.05, 0.05], "texture": "#0"},
				"south": {"uv": [0, 0, 0.05, 0.05], "texture": "#0"},
				"west": {"uv": [0, 0, 0.05, 0.05], "texture": "#0"},
				"up": {"uv": [0, 0, 0.05, 0.05], "texture": "#0"},
				"down": {"uv": [0, 0, 0.05, 0.05], "texture": "#0"}
			}
		},
		{
			"from": [11.9, 6.5, -0.1],
			"to": [12, 6.6, 0],
			"rotation": {"angle": -45, "axis": "y", "origin": [0, 0, 0]},
			"faces": {
				"north": {"uv": [0, 0, 0.05, 0.05], "texture": "#0"},
				"east": {"uv": [0, 0, 0.05, 0.05], "texture": "#0"},
				"south": {"uv": [0, 0, 0.05, 0.05], "texture": "#0"},
				"west": {"uv": [0, 0, 0.05, 0.05], "texture": "#0"},
				"up": {"uv": [0, 0, 0.05, 0.05], "texture": "#0"},
				"down": {"uv": [0, 0, 0.05, 0.05], "texture": "#0"}
			}
		},
		{
			"from": [11.9, 5.9, 0.4],
			"to": [12, 6, 0.5],
			"rotation": {"angle": -45, "axis": "y", "origin": [0, 0, 0]},
			"faces": {
				"north": {"uv": [0, 0, 0.05, 0.05], "texture": "#0"},
				"east": {"uv": [0, 0, 0.05, 0.05], "texture": "#0"},
				"south": {"uv": [0, 0, 0.05, 0.05], "texture": "#0"},
				"west": {"uv": [0, 0, 0.05, 0.05], "texture": "#0"},
				"up": {"uv": [0, 0, 0.05, 0.05], "texture": "#0"},
				"down": {"uv": [0, 0, 0.05, 0.05], "texture": "#0"}
			}
		},
		{
			"from": [11.9, 5.4, 0.1],
			"to": [12, 5.5, 0.2],
			"rotation": {"angle": -45, "axis": "y", "origin": [0, 0, 0]},
			"faces": {
				"north": {"uv": [0, 0, 0.05, 0.05], "texture": "#0"},
				"east": {"uv": [0, 0, 0.05, 0.05], "texture": "#0"},
				"south": {"uv": [0, 0, 0.05, 0.05], "texture": "#0"},
				"west": {"uv": [0, 0, 0.05, 0.05], "texture": "#0"},
				"up": {"uv": [0, 0, 0.05, 0.05], "texture": "#0"},
				"down": {"uv": [0, 0, 0.05, 0.05], "texture": "#0"}
			}
		},
		{
			"from": [-0.7, 6.5, 11.7],
			"to": [-0.6, 6.6, 11.8],
			"rotation": {"angle": 45, "axis": "y", "origin": [0, 0, 0]},
			"faces": {
				"north": {"uv": [0, 0, 0.05, 0.05], "texture": "#0"},
				"east": {"uv": [0, 0, 0.05, 0.05], "texture": "#0"},
				"south": {"uv": [0, 0, 0.05, 0.05], "texture": "#0"},
				"west": {"uv": [0, 0, 0.05, 0.05], "texture": "#0"},
				"up": {"uv": [0, 0, 0.05, 0.05], "texture": "#0"},
				"down": {"uv": [0, 0, 0.05, 0.05], "texture": "#0"}
			}
		},
		{
			"from": [-0.7, 9.5, 11.3],
			"to": [-0.6, 9.6, 11.4],
			"rotation": {"angle": 45, "axis": "y", "origin": [0, 0, 0]},
			"faces": {
				"north": {"uv": [0, 0, 0.05, 0.05], "texture": "#0"},
				"east": {"uv": [0, 0, 0.05, 0.05], "texture": "#0"},
				"south": {"uv": [0, 0, 0.05, 0.05], "texture": "#0"},
				"west": {"uv": [0, 0, 0.05, 0.05], "texture": "#0"},
				"up": {"uv": [0, 0, 0.05, 0.05], "texture": "#0"},
				"down": {"uv": [0, 0, 0.05, 0.05], "texture": "#0"}
			}
		},
		{
			"from": [-0.7, 7, 11.4],
			"to": [-0.6, 7.1, 11.5],
			"rotation": {"angle": 45, "axis": "y", "origin": [0, 0, 0]},
			"faces": {
				"north": {"uv": [0, 0, 0.05, 0.05], "texture": "#0"},
				"east": {"uv": [0, 0, 0.05, 0.05], "texture": "#0"},
				"south": {"uv": [0, 0, 0.05, 0.05], "texture": "#0"},
				"west": {"uv": [0, 0, 0.05, 0.05], "texture": "#0"},
				"up": {"uv": [0, 0, 0.05, 0.05], "texture": "#0"},
				"down": {"uv": [0, 0, 0.05, 0.05], "texture": "#0"}
			}
		},
		{
			"from": [-0.7, 7.5, 11.5],
			"to": [-0.6, 7.6, 11.6],
			"rotation": {"angle": 45, "axis": "y", "origin": [0, 0, 0]},
			"faces": {
				"north": {"uv": [0, 0, 0.05, 0.05], "texture": "#0"},
				"east": {"uv": [0, 0, 0.05, 0.05], "texture": "#0"},
				"south": {"uv": [0, 0, 0.05, 0.05], "texture": "#0"},
				"west": {"uv": [0, 0, 0.05, 0.05], "texture": "#0"},
				"up": {"uv": [0, 0, 0.05, 0.05], "texture": "#0"},
				"down": {"uv": [0, 0, 0.05, 0.05], "texture": "#0"}
			}
		},
		{
			"from": [-0.7, 8.1, 11.6],
			"to": [-0.6, 8.2, 11.7],
			"rotation": {"angle": 45, "axis": "y", "origin": [0, 0, 0]},
			"faces": {
				"north": {"uv": [0, 0, 0.05, 0.05], "texture": "#0"},
				"east": {"uv": [0, 0, 0.05, 0.05], "texture": "#0"},
				"south": {"uv": [0, 0, 0.05, 0.05], "texture": "#0"},
				"west": {"uv": [0, 0, 0.05, 0.05], "texture": "#0"},
				"up": {"uv": [0, 0, 0.05, 0.05], "texture": "#0"},
				"down": {"uv": [0, 0, 0.05, 0.05], "texture": "#0"}
			}
		},
		{
			"from": [-0.7, 8.9, 11.5],
			"to": [-0.6, 9, 11.6],
			"rotation": {"angle": 45, "axis": "y", "origin": [0, 0, 0]},
			"faces": {
				"north": {"uv": [0, 0, 0.05, 0.05], "texture": "#0"},
				"east": {"uv": [0, 0, 0.05, 0.05], "texture": "#0"},
				"south": {"uv": [0, 0, 0.05, 0.05], "texture": "#0"},
				"west": {"uv": [0, 0, 0.05, 0.05], "texture": "#0"},
				"up": {"uv": [0, 0, 0.05, 0.05], "texture": "#0"},
				"down": {"uv": [0, 0, 0.05, 0.05], "texture": "#0"}
			}
		},
		{
			"from": [-0.7, 8.6, 11.2],
			"to": [-0.6, 8.7, 11.3],
			"rotation": {"angle": 45, "axis": "y", "origin": [0, 0, 0]},
			"faces": {
				"north": {"uv": [0, 0, 0.05, 0.05], "texture": "#0"},
				"east": {"uv": [0, 0, 0.05, 0.05], "texture": "#0"},
				"south": {"uv": [0, 0, 0.05, 0.05], "texture": "#0"},
				"west": {"uv": [0, 0, 0.05, 0.05], "texture": "#0"},
				"up": {"uv": [0, 0, 0.05, 0.05], "texture": "#0"},
				"down": {"uv": [0, 0, 0.05, 0.05], "texture": "#0"}
			}
		},
		{
			"from": [-0.7, 9.2, 10.9],
			"to": [-0.6, 9.3, 11],
			"rotation": {"angle": 45, "axis": "y", "origin": [0, 0, 0]},
			"faces": {
				"north": {"uv": [0, 0, 0.05, 0.05], "texture": "#0"},
				"east": {"uv": [0, 0, 0.05, 0.05], "texture": "#0"},
				"south": {"uv": [0, 0, 0.05, 0.05], "texture": "#0"},
				"west": {"uv": [0, 0, 0.05, 0.05], "texture": "#0"},
				"up": {"uv": [0, 0, 0.05, 0.05], "texture": "#0"},
				"down": {"uv": [0, 0, 0.05, 0.05], "texture": "#0"}
			}
		},
		{
			"from": [-0.7, 8.9, 10.8],
			"to": [-0.6, 9, 10.9],
			"rotation": {"angle": 45, "axis": "y", "origin": [0, 0, 0]},
			"faces": {
				"north": {"uv": [0, 0, 0.05, 0.05], "texture": "#0"},
				"east": {"uv": [0, 0, 0.05, 0.05], "texture": "#0"},
				"south": {"uv": [0, 0, 0.05, 0.05], "texture": "#0"},
				"west": {"uv": [0, 0, 0.05, 0.05], "texture": "#0"},
				"up": {"uv": [0, 0, 0.05, 0.05], "texture": "#0"},
				"down": {"uv": [0, 0, 0.05, 0.05], "texture": "#0"}
			}
		},
		{
			"from": [-0.7, 8.2, 11],
			"to": [-0.6, 8.3, 11.1],
			"rotation": {"angle": 45, "axis": "y", "origin": [0, 0, 0]},
			"faces": {
				"north": {"uv": [0, 0, 0.05, 0.05], "texture": "#0"},
				"east": {"uv": [0, 0, 0.05, 0.05], "texture": "#0"},
				"south": {"uv": [0, 0, 0.05, 0.05], "texture": "#0"},
				"west": {"uv": [0, 0, 0.05, 0.05], "texture": "#0"},
				"up": {"uv": [0, 0, 0.05, 0.05], "texture": "#0"},
				"down": {"uv": [0, 0, 0.05, 0.05], "texture": "#0"}
			}
		},
		{
			"from": [-0.7, 7.8, 10.9],
			"to": [-0.6, 7.9, 11],
			"rotation": {"angle": 45, "axis": "y", "origin": [0, 0, 0]},
			"faces": {
				"north": {"uv": [0, 0, 0.05, 0.05], "texture": "#0"},
				"east": {"uv": [0, 0, 0.05, 0.05], "texture": "#0"},
				"south": {"uv": [0, 0, 0.05, 0.05], "texture": "#0"},
				"west": {"uv": [0, 0, 0.05, 0.05], "texture": "#0"},
				"up": {"uv": [0, 0, 0.05, 0.05], "texture": "#0"},
				"down": {"uv": [0, 0, 0.05, 0.05], "texture": "#0"}
			}
		},
		{
			"from": [-0.7, 6.5, 11.1],
			"to": [-0.6, 6.6, 11.2],
			"rotation": {"angle": 45, "axis": "y", "origin": [0, 0, 0]},
			"faces": {
				"north": {"uv": [0, 0, 0.05, 0.05], "texture": "#0"},
				"east": {"uv": [0, 0, 0.05, 0.05], "texture": "#0"},
				"south": {"uv": [0, 0, 0.05, 0.05], "texture": "#0"},
				"west": {"uv": [0, 0, 0.05, 0.05], "texture": "#0"},
				"up": {"uv": [0, 0, 0.05, 0.05], "texture": "#0"},
				"down": {"uv": [0, 0, 0.05, 0.05], "texture": "#0"}
			}
		},
		{
			"from": [-0.7, 5.9, 11.6],
			"to": [-0.6, 6, 11.7],
			"rotation": {"angle": 45, "axis": "y", "origin": [0, 0, 0]},
			"faces": {
				"north": {"uv": [0, 0, 0.05, 0.05], "texture": "#0"},
				"east": {"uv": [0, 0, 0.05, 0.05], "texture": "#0"},
				"south": {"uv": [0, 0, 0.05, 0.05], "texture": "#0"},
				"west": {"uv": [0, 0, 0.05, 0.05], "texture": "#0"},
				"up": {"uv": [0, 0, 0.05, 0.05], "texture": "#0"},
				"down": {"uv": [0, 0, 0.05, 0.05], "texture": "#0"}
			}
		},
		{
			"from": [-0.7, 5.4, 11.3],
			"to": [-0.6, 5.5, 11.4],
			"rotation": {"angle": 45, "axis": "y", "origin": [0, 0, 0]},
			"faces": {
				"north": {"uv": [0, 0, 0.05, 0.05], "texture": "#0"},
				"east": {"uv": [0, 0, 0.05, 0.05], "texture": "#0"},
				"south": {"uv": [0, 0, 0.05, 0.05], "texture": "#0"},
				"west": {"uv": [0, 0, 0.05, 0.05], "texture": "#0"},
				"up": {"uv": [0, 0, 0.05, 0.05], "texture": "#0"},
				"down": {"uv": [0, 0, 0.05, 0.05], "texture": "#0"}
			}
		}
	],
	"display": {
		"thirdperson_righthand": {
			"translation": [0, 17.5, 1.25],
			"scale": [2.5, 2.5, 2.5]
		},
		"thirdperson_lefthand": {
			"translation": [0, 17.5, 1.25],
			"scale": [2.5, 2.5, 2.5]
		},
		"firstperson_righthand": {
			"rotation": [-61.5, 0, 0],
			"translation": [0, 7.5, -6.25],
			"scale": [2.5, 2.5, 2.5]
		},
		"firstperson_lefthand": {
			"rotation": [-61.5, 0, 0],
			"translation": [0, 7.5, -6.25],
			"scale": [2.5, 2.5, 2.5]
		},
		"ground": {
			"translation": [0, 16.25, 0],
			"scale": [2.5, 2.5, 2.5]
		},
		"gui": {
			"rotation": [-90, -45, -90],
			"translation": [4.75, 4.75, 0],
			"scale": [2, 2, 2]
		},
		"head": {
			"rotation": [-39, 46, -128],
			"translation": [-5.5, 4.75, -0.25],
			"scale": [3, 3, 3]
		},
		"fixed": {
			"rotation": [180, -90, 180],
			"translation": [0, 7, 0],
			"scale": [2, 2, 2]
		}
	},
	"groups": [
		{
			"name": "handle",
			"origin": [8, 8, 8],
			"color": 0,
			"children": []
		},
		0,
		1,
		2,
		3,
		4,
		5,
		6,
		7,
		8,
		9,
		10,
		11,
		12,
		13,
		14,
		15,
		16,
		17,
		18,
		19,
		20,
		21,
		22,
		23,
		24,
		25,
		26,
		27,
		28,
		29,
		30,
		31,
		32,
		33,
		34,
		35,
		36,
		37,
		38,
		39,
		40,
		41,
		42,
		43,
		44,
		45,
		46,
		47,
		48,
		49,
		50,
		51,
		52,
		53,
		54,
		55,
		56,
		57,
		58,
		{
			"name": "dec",
			"origin": [0, 0, 0],
			"color": 0,
			"children": [59, 60, 61, 62, 63, 64, 65, 66, 67, 68, 69, 70, 71, 72]
		},
		{
			"name": "dec",
			"origin": [0, 0, 0],
			"color": 0,
			"children": [73, 74, 75, 76, 77, 78, 79, 80, 81, 82, 83, 84, 85, 86]
		},
		{
			"name": "dec",
			"origin": [0, 0, 0],
			"color": 0,
			"children": [87, 88, 89, 90, 91, 92, 93, 94, 95, 96, 97, 98, 99, 100]
		},
		{
			"name": "dec",
			"origin": [0, 0, 0],
			"color": 0,
			"children": [101, 102, 103, 104, 105, 106, 107, 108, 109, 110, 111, 112, 113, 114]
		}
	]
}