{
	"credit": "Made with Blockbench",
	"texture_size": [8, 8],
	"textures": {
		"layer0": "item/potion_overlay",
		"particle": "item/potion_cork",
		"layer1": "item/potion_cork",
		"layer2": "item/potion"
	},
	"elements": [
		{
			"from": [7, 0, 7],
			"to": [9, 0.5, 9],
			"faces": {
				"north": {"uv": [0, 7, 1, 7.25], "texture": "#layer2"},
				"east": {"uv": [7, 0, 8, 0.25], "texture": "#layer2"},
				"south": {"uv": [7, 0.5, 8, 0.75], "texture": "#layer2"},
				"west": {"uv": [2, 7, 3, 7.25], "texture": "#layer2"},
				"up": {"uv": [2, 4, 1, 3], "texture": "#layer2"},
				"down": {"uv": [4, 1.5, 3, 2.5], "texture": "#layer2"}
			}
		},
		{
			"from": [6, 0.5, 7],
			"to": [7, 1, 9],
			"faces": {
				"north": {"uv": [8, 5, 8.5, 5.25], "texture": "#layer2"},
				"east": {"uv": [6.5, 4, 7.5, 4.25], "texture": "#layer2"},
				"south": {"uv": [8, 5.5, 8.5, 5.75], "texture": "#layer2"},
				"west": {"uv": [6.5, 4.5, 7.5, 4.75], "texture": "#layer2"},
				"up": {"uv": [3.5, 4, 3, 3], "texture": "#layer2"},
				"down": {"uv": [2.5, 3.5, 2, 4.5], "texture": "#layer2"}
			}
		},
		{
			"from": [9, 0.5, 7],
			"to": [10, 1, 9],
			"faces": {
				"north": {"uv": [8, 7, 8.5, 7.25], "texture": "#layer2"},
				"east": {"uv": [6.5, 5.5, 7.5, 5.75], "texture": "#layer2"},
				"south": {"uv": [8, 7.5, 8.5, 7.75], "texture": "#layer2"},
				"west": {"uv": [6, 6.5, 7, 6.75], "texture": "#layer2"},
				"up": {"uv": [3, 4.5, 2.5, 3.5], "texture": "#layer2"},
				"down": {"uv": [4.5, 0, 4, 1], "texture": "#layer2"}
			}
		},
		{
			"from": [7, 0.5, 9],
			"to": [9, 1, 10],
			"faces": {
				"north": {"uv": [6.5, 3, 7.5, 3.25], "texture": "#layer2"},
				"east": {"uv": [8, 4, 8.5, 4.25], "texture": "#layer2"},
				"south": {"uv": [6.5, 3.5, 7.5, 3.75], "texture": "#layer2"},
				"west": {"uv": [8, 4.5, 8.5, 4.75], "texture": "#layer2"},
				"up": {"uv": [3, 3.5, 2, 3], "texture": "#layer2"},
				"down": {"uv": [4, 2.5, 3, 3], "texture": "#layer2"}
			}
		},
		{
			"from": [7, 1, 9.5],
			"to": [9, 3.5, 10],
			"faces": {
				"north": {"uv": [2, 0, 3, 1.25], "texture": "#layer2"},
				"east": {"uv": [1.5, 5, 1.75, 6.25], "texture": "#layer2"},
				"south": {"uv": [2, 1.5, 3, 2.75], "texture": "#layer2"},
				"west": {"uv": [5, 1.5, 5.25, 2.75], "texture": "#layer2"},
				"up": {"uv": [7.5, 1.25, 6.5, 1], "texture": "#layer2"},
				"down": {"uv": [7.5, 1.5, 6.5, 1.75], "texture": "#layer2"}
			}
		},
		{
			"from": [7, 1, 6],
			"to": [9, 3.5, 6.5],
			"faces": {
				"north": {"uv": [0, 0, 1, 1.25], "texture": "#layer2"},
				"east": {"uv": [4, 4.5, 4.25, 5.75], "texture": "#layer2"},
				"south": {"uv": [1, 0, 2, 1.25], "texture": "#layer2"},
				"west": {"uv": [4.5, 4.5, 4.75, 5.75], "texture": "#layer2"},
				"up": {"uv": [6, 6.25, 5, 6], "texture": "#layer2"},
				"down": {"uv": [7, 6, 6, 6.25], "texture": "#layer2"}
			}
		},
		{
			"from": [6, 1, 7],
			"to": [6.5, 3.5, 9],
			"faces": {
				"north": {"uv": [5, 3, 5.25, 4.25], "texture": "#layer2"},
				"east": {"uv": [0, 3, 1, 4.25], "texture": "#layer2"},
				"south": {"uv": [5, 4.5, 5.25, 5.75], "texture": "#layer2"},
				"west": {"uv": [3, 0, 4, 1.25], "texture": "#layer2"},
				"up": {"uv": [1.75, 7.5, 1.5, 6.5], "texture": "#layer2"},
				"down": {"uv": [6.75, 2, 6.5, 3], "texture": "#layer2"}
			}
		},
		{
			"from": [9.5, 1, 7],
			"to": [10, 3.5, 9],
			"faces": {
				"north": {"uv": [5, 0, 5.25, 1.25], "texture": "#layer2"},
				"east": {"uv": [0, 1.5, 1, 2.75], "texture": "#layer2"},
				"south": {"uv": [1, 5, 1.25, 6.25], "texture": "#layer2"},
				"west": {"uv": [1, 1.5, 2, 2.75], "texture": "#layer2"},
				"up": {"uv": [6.75, 1, 6.5, 0], "texture": "#layer2"},
				"down": {"uv": [1.25, 6.5, 1, 7.5], "texture": "#layer2"}
			}
		},
		{
			"from": [7, 1, 7],
			"to": [9, 3.5, 9],
			"faces": {
				"north": {"uv": [6, 2, 10, 7], "texture": "#layer0"},
				"east": {"uv": [6, 2, 10, 7], "texture": "#layer0"},
				"south": {"uv": [6, 2, 10, 7], "texture": "#layer0"},
				"west": {"uv": [6, 2, 10, 7], "texture": "#layer0"},
				"up": {"uv": [6, 2, 10, 6], "texture": "#layer0"},
				"down": {"uv": [6, 2, 10, 6], "texture": "#layer0"}
			}
		},
		{
			"from": [7.5, 3.5, 7.5],
			"to": [8.5, 4.9, 8.5],
			"faces": {
				"north": {"uv": [6, 2, 8, 4.8], "texture": "#layer0"},
				"east": {"uv": [6, 2, 8, 4.8], "texture": "#layer0"},
				"south": {"uv": [6, 2, 8, 4.8], "texture": "#layer0"},
				"west": {"uv": [6, 2, 8, 4.8], "texture": "#layer0"},
				"up": {"uv": [6, 2, 8, 4], "texture": "#layer0"},
				"down": {"uv": [6, 2, 8, 4], "texture": "#layer0"}
			}
		},
		{
			"from": [9, 1, 9],
			"to": [9.5, 3.5, 9.5],
			"faces": {
				"north": {"uv": [2, 5.5, 2.25, 6.75], "texture": "#layer2"},
				"east": {"uv": [2.5, 5.5, 2.75, 6.75], "texture": "#layer2"},
				"south": {"uv": [3, 5.5, 3.25, 6.75], "texture": "#layer2"},
				"west": {"uv": [5.5, 3, 5.75, 4.25], "texture": "#layer2"},
				"up": {"uv": [8.75, 4.25, 8.5, 4], "texture": "#layer2"},
				"down": {"uv": [4.75, 8.5, 4.5, 8.75], "texture": "#layer2"}
			}
		},
		{
			"from": [9, 1, 6.5],
			"to": [9.5, 3.5, 7],
			"faces": {
				"north": {"uv": [3.5, 5.5, 3.75, 6.75], "texture": "#layer2"},
				"east": {"uv": [5.5, 4.5, 5.75, 5.75], "texture": "#layer2"},
				"south": {"uv": [6, 0, 6.25, 1.25], "texture": "#layer2"},
				"west": {"uv": [6, 1.5, 6.25, 2.75], "texture": "#layer2"},
				"up": {"uv": [8.75, 4.75, 8.5, 4.5], "texture": "#layer2"},
				"down": {"uv": [5.25, 8.5, 5, 8.75], "texture": "#layer2"}
			}
		},
		{
			"from": [6.5, 1, 6.5],
			"to": [7, 3.5, 7],
			"faces": {
				"north": {"uv": [6, 3, 6.25, 4.25], "texture": "#layer2"},
				"east": {"uv": [4, 6, 4.25, 7.25], "texture": "#layer2"},
				"south": {"uv": [4.5, 6, 4.75, 7.25], "texture": "#layer2"},
				"west": {"uv": [6, 4.5, 6.25, 5.75], "texture": "#layer2"},
				"up": {"uv": [8.75, 5.25, 8.5, 5], "texture": "#layer2"},
				"down": {"uv": [5.75, 8.5, 5.5, 8.75], "texture": "#layer2"}
			}
		},
		{
			"from": [6.5, 1, 9],
			"to": [7, 3.5, 9.5],
			"faces": {
				"north": {"uv": [0, 5.5, 0.25, 6.75], "texture": "#layer2"},
				"east": {"uv": [5.5, 0, 5.75, 1.25], "texture": "#layer2"},
				"south": {"uv": [0.5, 5.5, 0.75, 6.75], "texture": "#layer2"},
				"west": {"uv": [5.5, 1.5, 5.75, 2.75], "texture": "#layer2"},
				"up": {"uv": [8.75, 3.75, 8.5, 3.5], "texture": "#layer2"},
				"down": {"uv": [4.25, 8.5, 4, 8.75], "texture": "#layer2"}
			}
		},
		{
			"from": [7, 4, 7.5],
			"to": [7.5, 6, 8.5],
			"faces": {
				"north": {"uv": [0, 7.5, 0.25, 8.5], "texture": "#layer2"},
				"east": {"uv": [4.5, 0, 5, 1], "texture": "#layer2"},
				"south": {"uv": [0.5, 7.5, 0.75, 8.5], "texture": "#layer2"},
				"west": {"uv": [0.5, 4.5, 1, 5.5], "texture": "#layer2"},
				"up": {"uv": [8.75, 2, 8.5, 1.5], "texture": "#layer2"},
				"down": {"uv": [2.25, 8.5, 2, 9], "texture": "#layer2"}
			}
		},
		{
			"from": [7, 4, 7],
			"to": [7.5, 5.5, 7.5],
			"faces": {
				"north": {"uv": [7.5, 3, 7.75, 3.75], "texture": "#layer2"},
				"east": {"uv": [3.5, 7.5, 3.75, 8.25], "texture": "#layer2"},
				"south": {"uv": [4, 7.5, 4.25, 8.25], "texture": "#layer2"},
				"west": {"uv": [7.5, 4, 7.75, 4.75], "texture": "#layer2"},
				"up": {"uv": [8.75, 5.75, 8.5, 5.5], "texture": "#layer2"},
				"down": {"uv": [6.25, 8.5, 6, 8.75], "texture": "#layer2"}
			}
		},
		{
			"from": [7, 4, 8.5],
			"to": [7.5, 5.5, 9],
			"faces": {
				"north": {"uv": [4.5, 7.5, 4.75, 8.25], "texture": "#layer2"},
				"east": {"uv": [5, 7.5, 5.25, 8.25], "texture": "#layer2"},
				"south": {"uv": [7.5, 5, 7.75, 5.75], "texture": "#layer2"},
				"west": {"uv": [5.5, 7.5, 5.75, 8.25], "texture": "#layer2"},
				"up": {"uv": [8.75, 6.25, 8.5, 6], "texture": "#layer2"},
				"down": {"uv": [6.75, 8.5, 6.5, 8.75], "texture": "#layer2"}
			}
		},
		{
			"from": [8.5, 4, 8.5],
			"to": [9, 5.5, 9],
			"faces": {
				"north": {"uv": [6, 7.5, 6.25, 8.25], "texture": "#layer2"},
				"east": {"uv": [6.5, 7.5, 6.75, 8.25], "texture": "#layer2"},
				"south": {"uv": [7, 7.5, 7.25, 8.25], "texture": "#layer2"},
				"west": {"uv": [7.5, 7.5, 7.75, 8.25], "texture": "#layer2"},
				"up": {"uv": [8.75, 6.75, 8.5, 6.5], "texture": "#layer2"},
				"down": {"uv": [7.25, 8.5, 7, 8.75], "texture": "#layer2"}
			}
		},
		{
			"from": [8.5, 4, 7],
			"to": [9, 5.5, 7.5],
			"faces": {
				"north": {"uv": [8, 0, 8.25, 0.75], "texture": "#layer2"},
				"east": {"uv": [8, 1, 8.25, 1.75], "texture": "#layer2"},
				"south": {"uv": [8, 2, 8.25, 2.75], "texture": "#layer2"},
				"west": {"uv": [8, 3, 8.25, 3.75], "texture": "#layer2"},
				"up": {"uv": [8.75, 7.25, 8.5, 7], "texture": "#layer2"},
				"down": {"uv": [7.75, 8.5, 7.5, 8.75], "texture": "#layer2"}
			}
		},
		{
			"from": [8.5, 6.3, 8.5],
			"to": [9, 6.5, 9],
			"faces": {
				"north": {"uv": [3, 8, 3.5, 8.25], "texture": "#layer1"},
				"east": {"uv": [8, 3, 8.5, 3.25], "texture": "#layer1"},
				"south": {"uv": [4, 8, 4.5, 8.25], "texture": "#layer1"},
				"west": {"uv": [8, 4, 8.5, 4.25], "texture": "#layer1"},
				"up": {"uv": [5.5, 3.5, 5, 3], "texture": "#layer1"},
				"down": {"uv": [4.5, 5, 4, 5.5], "texture": "#layer1"}
			}
		},
		{
			"from": [7, 6.3, 8.5],
			"to": [7.5, 6.5, 9],
			"faces": {
				"north": {"uv": [1, 8, 1.5, 8.25], "texture": "#layer1"},
				"east": {"uv": [8, 1, 8.5, 1.25], "texture": "#layer1"},
				"south": {"uv": [2, 8, 2.5, 8.25], "texture": "#layer1"},
				"west": {"uv": [8, 2, 8.5, 2.25], "texture": "#layer1"},
				"up": {"uv": [5.5, 2.5, 5, 2], "texture": "#layer1"},
				"down": {"uv": [3.5, 5, 3, 5.5], "texture": "#layer1"}
			}
		},
		{
			"from": [8.5, 6.3, 7],
			"to": [9, 6.5, 7.5],
			"faces": {
				"north": {"uv": [7, 6, 7.5, 6.25], "texture": "#layer1"},
				"east": {"uv": [7, 7, 7.5, 7.25], "texture": "#layer1"},
				"south": {"uv": [0, 8, 0.5, 8.25], "texture": "#layer1"},
				"west": {"uv": [8, 0, 8.5, 0.25], "texture": "#layer1"},
				"up": {"uv": [5.5, 1.5, 5, 1], "texture": "#layer1"},
				"down": {"uv": [2.5, 5, 2, 5.5], "texture": "#layer1"}
			}
		},
		{
			"from": [7, 6.3, 7],
			"to": [7.5, 6.5, 7.5],
			"faces": {
				"north": {"uv": [7, 4, 7.5, 4.25], "texture": "#layer1"},
				"east": {"uv": [5, 7, 5.5, 7.25], "texture": "#layer1"},
				"south": {"uv": [7, 5, 7.5, 5.25], "texture": "#layer1"},
				"west": {"uv": [6, 7, 6.5, 7.25], "texture": "#layer1"},
				"up": {"uv": [5.5, 0.5, 5, 0], "texture": "#layer1"},
				"down": {"uv": [1.5, 5, 1, 5.5], "texture": "#layer1"}
			}
		},
		{
			"from": [8.5, 4, 7.5],
			"to": [9, 6, 8.5],
			"faces": {
				"north": {"uv": [2.5, 7.5, 2.75, 8.5], "texture": "#layer2"},
				"east": {"uv": [4.5, 3, 5, 4], "texture": "#layer2"},
				"south": {"uv": [3, 7.5, 3.25, 8.5], "texture": "#layer2"},
				"west": {"uv": [3.5, 4.5, 4, 5.5], "texture": "#layer2"},
				"up": {"uv": [8.75, 3.5, 8.5, 3], "texture": "#layer2"},
				"down": {"uv": [3.75, 8.5, 3.5, 9], "texture": "#layer2"}
			}
		},
		{
			"from": [7.5, 4, 8.5],
			"to": [8.5, 6, 9],
			"faces": {
				"north": {"uv": [2.5, 4.5, 3, 5.5], "texture": "#layer2"},
				"east": {"uv": [1.5, 7.5, 1.75, 8.5], "texture": "#layer2"},
				"south": {"uv": [3, 4.5, 3.5, 5.5], "texture": "#layer2"},
				"west": {"uv": [2, 7.5, 2.25, 8.5], "texture": "#layer2"},
				"up": {"uv": [9, 2.75, 8.5, 2.5], "texture": "#layer2"},
				"down": {"uv": [3.5, 8.5, 3, 8.75], "texture": "#layer2"}
			}
		},
		{
			"from": [7.5, 4, 7],
			"to": [8.5, 6, 7.5],
			"faces": {
				"north": {"uv": [4.5, 1, 5, 2], "texture": "#layer2"},
				"east": {"uv": [1, 7.5, 1.25, 8.5], "texture": "#layer2"},
				"south": {"uv": [2, 4.5, 2.5, 5.5], "texture": "#layer2"},
				"west": {"uv": [7.5, 1, 7.75, 2], "texture": "#layer2"},
				"up": {"uv": [9, 2.25, 8.5, 2], "texture": "#layer2"},
				"down": {"uv": [3, 8.5, 2.5, 8.75], "texture": "#layer2"}
			}
		},
		{
			"from": [7.5, 6.3, 6.8],
			"to": [8.5, 6.5, 7.5],
			"faces": {
				"north": {"uv": [4, 4, 5, 4.25], "texture": "#layer1"},
				"east": {"uv": [7, 3, 7.75, 3.25], "texture": "#layer1"},
				"south": {"uv": [0, 5, 1, 5.25], "texture": "#layer1"},
				"west": {"uv": [4, 7, 4.75, 7.25], "texture": "#layer1"},
				"up": {"uv": [1, 4.75, 0, 4], "texture": "#layer1"},
				"down": {"uv": [5, 0, 4, 0.75], "texture": "#layer1"}
			}
		},
		{
			"from": [6.8, 6.3, 7.5],
			"to": [7.5, 6.5, 8.5],
			"faces": {
				"north": {"uv": [7, 2, 7.75, 2.25], "texture": "#layer1"},
				"east": {"uv": [3, 4, 4, 4.25], "texture": "#layer1"},
				"south": {"uv": [3, 7, 3.75, 7.25], "texture": "#layer1"},
				"west": {"uv": [4, 3, 5, 3.25], "texture": "#layer1"},
				"up": {"uv": [3.75, 3, 3, 2], "texture": "#layer1"},
				"down": {"uv": [3.75, 3, 3, 4], "texture": "#layer1"}
			}
		},
		{
			"from": [7.5, 6.3, 8.5],
			"to": [8.5, 6.5, 9.2],
			"faces": {
				"north": {"uv": [2, 4, 3, 4.25], "texture": "#layer1"},
				"east": {"uv": [7, 1, 7.75, 1.25], "texture": "#layer1"},
				"south": {"uv": [4, 2, 5, 2.25], "texture": "#layer1"},
				"west": {"uv": [2, 7, 2.75, 7.25], "texture": "#layer1"},
				"up": {"uv": [4, 1.75, 3, 1], "texture": "#layer1"},
				"down": {"uv": [3, 3, 2, 3.75], "texture": "#layer1"}
			}
		},
		{
			"from": [8.5, 6.3, 7.5],
			"to": [9.2, 6.5, 8.5],
			"faces": {
				"north": {"uv": [7, 0, 7.75, 0.25], "texture": "#layer1"},
				"east": {"uv": [1, 4, 2, 4.25], "texture": "#layer1"},
				"south": {"uv": [1, 7, 1.75, 7.25], "texture": "#layer1"},
				"west": {"uv": [4, 1, 5, 1.25], "texture": "#layer1"},
				"up": {"uv": [3.75, 1, 3, 0], "texture": "#layer1"},
				"down": {"uv": [1.75, 3, 1, 4], "texture": "#layer1"}
			}
		},
		{
			"from": [7.5, 5.5, 7.5],
			"to": [8.5, 6.9, 8.5],
			"faces": {
				"north": {"uv": [0, 0, 1, 1.375], "texture": "#layer1"},
				"east": {"uv": [1, 0, 2, 1.375], "texture": "#layer1"},
				"south": {"uv": [0, 2, 1, 3.375], "texture": "#layer1"},
				"west": {"uv": [2, 0, 3, 1.375], "texture": "#layer1"},
				"up": {"uv": [2, 3, 1, 2], "texture": "#layer1"},
				"down": {"uv": [3, 2, 2, 3], "texture": "#layer1"}
			}
		},
		{
			"from": [7.5, 6.5, 8.5],
			"to": [8.5, 6.7, 8.8],
			"faces": {
				"north": {"uv": [5, 4, 6, 4.25], "texture": "#layer1"},
				"east": {"uv": [5, 8, 5.25, 8.25], "texture": "#layer1"},
				"south": {"uv": [5, 5, 6, 5.25], "texture": "#layer1"},
				"west": {"uv": [8, 5, 8.25, 5.25], "texture": "#layer1"},
				"up": {"uv": [1, 6.25, 0, 6], "texture": "#layer1"},
				"down": {"uv": [7, 0, 6, 0.25], "texture": "#layer1"}
			}
		},
		{
			"from": [7.5, 6.5, 7.2],
			"to": [8.5, 6.7, 7.5],
			"faces": {
				"north": {"uv": [1, 6, 2, 6.25], "texture": "#layer1"},
				"east": {"uv": [6, 8, 6.25, 8.25], "texture": "#layer1"},
				"south": {"uv": [6, 1, 7, 1.25], "texture": "#layer1"},
				"west": {"uv": [8, 6, 8.25, 6.25], "texture": "#layer1"},
				"up": {"uv": [3, 6.25, 2, 6], "texture": "#layer1"},
				"down": {"uv": [7, 2, 6, 2.25], "texture": "#layer1"}
			}
		},
		{
			"from": [8.5, 6.5, 7.5],
			"to": [8.8, 6.7, 8.5],
			"faces": {
				"north": {"uv": [7, 8, 7.25, 8.25], "texture": "#layer1"},
				"east": {"uv": [3, 6, 4, 6.25], "texture": "#layer1"},
				"south": {"uv": [8, 7, 8.25, 7.25], "texture": "#layer1"},
				"west": {"uv": [6, 3, 7, 3.25], "texture": "#layer1"},
				"up": {"uv": [4.25, 7, 4, 6], "texture": "#layer1"},
				"down": {"uv": [6.25, 4, 6, 5], "texture": "#layer1"}
			}
		},
		{
			"from": [7.2, 6.5, 7.5],
			"to": [7.5, 6.7, 8.5],
			"faces": {
				"north": {"uv": [8, 8, 8.25, 8.25], "texture": "#layer1"},
				"east": {"uv": [5, 6, 6, 6.25], "texture": "#layer1"},
				"south": {"uv": [0, 9, 0.25, 9.25], "texture": "#layer1"},
				"west": {"uv": [6, 5, 7, 5.25], "texture": "#layer1"},
				"up": {"uv": [6.25, 7, 6, 6], "texture": "#layer1"},
				"down": {"uv": [0.25, 7, 0, 8], "texture": "#layer1"}
			}
		},
		{
			"from": [7, 0.5, 6],
			"to": [9, 1, 7],
			"faces": {
				"north": {"uv": [5, 6.5, 6, 6.75], "texture": "#layer2"},
				"east": {"uv": [8, 6, 8.5, 6.25], "texture": "#layer2"},
				"south": {"uv": [6.5, 5, 7.5, 5.25], "texture": "#layer2"},
				"west": {"uv": [8, 6.5, 8.5, 6.75], "texture": "#layer2"},
				"up": {"uv": [4.5, 3.5, 3.5, 3], "texture": "#layer2"},
				"down": {"uv": [4.5, 3.5, 3.5, 4], "texture": "#layer2"}
			}
		},
		{
			"from": [6, 3.5, 7],
			"to": [7, 4, 9],
			"faces": {
				"north": {"uv": [8.5, 1, 9, 1.25], "texture": "#layer2"},
				"east": {"uv": [7, 6.5, 8, 6.75], "texture": "#layer2"},
				"south": {"uv": [1.5, 8.5, 2, 8.75], "texture": "#layer2"},
				"west": {"uv": [7, 7, 8, 7.25], "texture": "#layer2"},
				"up": {"uv": [2, 5, 1.5, 4], "texture": "#layer2"},
				"down": {"uv": [0.5, 4.5, 0, 5.5], "texture": "#layer2"}
			}
		},
		{
			"from": [7, 3.5, 9],
			"to": [9, 4, 10],
			"faces": {
				"north": {"uv": [3, 7, 4, 7.25], "texture": "#layer2"},
				"east": {"uv": [8.5, 0, 9, 0.25], "texture": "#layer2"},
				"south": {"uv": [5, 7, 6, 7.25], "texture": "#layer2"},
				"west": {"uv": [0.5, 8.5, 1, 8.75], "texture": "#layer2"},
				"up": {"uv": [5, 2.5, 4, 2], "texture": "#layer2"},
				"down": {"uv": [5, 2.5, 4, 3], "texture": "#layer2"}
			}
		},
		{
			"from": [9, 3.5, 7],
			"to": [10, 4, 9],
			"faces": {
				"north": {"uv": [8, 8, 8.5, 8.25], "texture": "#layer2"},
				"east": {"uv": [7, 2, 8, 2.25], "texture": "#layer2"},
				"south": {"uv": [0, 8.5, 0.5, 8.75], "texture": "#layer2"},
				"west": {"uv": [7, 2.5, 8, 2.75], "texture": "#layer2"},
				"up": {"uv": [1.5, 5, 1, 4], "texture": "#layer2"},
				"down": {"uv": [4.5, 1, 4, 2], "texture": "#layer2"}
			}
		},
		{
			"from": [7, 3.5, 6],
			"to": [9, 4, 7],
			"faces": {
				"north": {"uv": [6, 7, 7, 7.25], "texture": "#layer2"},
				"east": {"uv": [8.5, 0.5, 9, 0.75], "texture": "#layer2"},
				"south": {"uv": [7, 6, 8, 6.25], "texture": "#layer2"},
				"west": {"uv": [1, 8.5, 1.5, 8.75], "texture": "#layer2"},
				"up": {"uv": [4, 4.5, 3, 4], "texture": "#layer2"},
				"down": {"uv": [5, 4, 4, 4.5], "texture": "#layer2"}
			}
		}
	],
	"display": {
		"thirdperson_righthand": {
			"translation": [0, 8, 1]
		},
		"thirdperson_lefthand": {
			"translation": [0, 8, 1]
		},
		"firstperson_righthand": {
			"translation": [0, 9.5, 2]
		},
		"firstperson_lefthand": {
			"translation": [0, 9.5, 2]
		},
		"ground": {
			"translation": [0, 15.5, 0],
			"scale": [2, 2, 2]
		},
		"gui": {
			"translation": [0, 9.5, 0],
			"scale": [2, 2, 2]
		},
		"head": {
			"translation": [0, 17.75, 0],
			"scale": [3, 3, 3]
		},
		"fixed": {
			"translation": [0, 10, 0],
			"scale": [2, 2, 2]
		}
	}
}