{
	"credit": "Made with Blockbench",
	"texture_size": [32, 32],
	"textures": {
		"0": "item/shears",
		"particle": "item/shears"
	},
	"elements": [
		{
			"from": [7.85, 3.1, 2],
			"to": [8.15, 5.1, 4],
			"faces": {
				"north": {"uv": [6, 1, 6.125, 2], "texture": "#0"},
				"east": {"uv": [0, 0, 1, 1], "texture": "#0"},
				"south": {"uv": [2, 6, 2.125, 7], "texture": "#0"},
				"west": {"uv": [0, 1, 1, 2], "texture": "#0"},
				"up": {"uv": [2.625, 7, 2.5, 6], "texture": "#0"},
				"down": {"uv": [3.125, 6, 3, 7], "texture": "#0"}
			}
		},
		{
			"from": [7.55, 3.5, 2.4],
			"to": [7.85, 4.7, 3.6],
			"faces": {
				"north": {"uv": [4, 6.5, 4.125, 7.125], "texture": "#0"},
				"east": {"uv": [2, 1, 2.625, 1.625], "texture": "#0"},
				"south": {"uv": [4.5, 6.5, 4.625, 7.125], "texture": "#0"},
				"west": {"uv": [1.5, 2, 2.125, 2.625], "texture": "#0"},
				"up": {"uv": [5.125, 7.125, 5, 6.5], "texture": "#0"},
				"down": {"uv": [5.625, 6.5, 5.5, 7.125], "texture": "#0"}
			}
		},
		{
			"from": [7.05, 3.8, 2.7],
			"to": [7.55, 4.4, 3.3],
			"faces": {
				"north": {"uv": [7, 0, 7.25, 0.3125], "texture": "#0"},
				"east": {"uv": [6.5, 1, 6.8125, 1.3125], "texture": "#0"},
				"south": {"uv": [0.5, 7, 0.75, 7.3125], "texture": "#0"},
				"west": {"uv": [1.5, 6.5, 1.8125, 6.8125], "texture": "#0"},
				"up": {"uv": [7.25, 0.8125, 7, 0.5], "texture": "#0"},
				"down": {"uv": [1.25, 7, 1, 7.3125], "texture": "#0"}
			}
		},
		{
			"from": [8.45, 3.8, 2.7],
			"to": [8.95, 4.4, 3.3],
			"faces": {
				"north": {"uv": [7, 1, 7.25, 1.3125], "texture": "#0"},
				"east": {"uv": [6.5, 1.5, 6.8125, 1.8125], "texture": "#0"},
				"south": {"uv": [1.5, 7, 1.75, 7.3125], "texture": "#0"},
				"west": {"uv": [3.5, 6.5, 3.8125, 6.8125], "texture": "#0"},
				"up": {"uv": [7.25, 1.8125, 7, 1.5], "texture": "#0"},
				"down": {"uv": [2.25, 7, 2, 7.3125], "texture": "#0"}
			}
		},
		{
			"from": [8.45, 2.5, 4.7],
			"to": [8.95, 3.1, 4.9],
			"rotation": {"angle": -22.5, "axis": "x", "origin": [0, 0, 0]},
			"faces": {
				"north": {"uv": [7, 2, 7.25, 2.3125], "texture": "#0"},
				"east": {"uv": [7.5, 8, 7.625, 8.3125], "texture": "#0"},
				"south": {"uv": [2.5, 7, 2.75, 7.3125], "texture": "#0"},
				"west": {"uv": [8, 7.5, 8.125, 7.8125], "texture": "#0"},
				"up": {"uv": [8.75, 2.125, 8.5, 2], "texture": "#0"},
				"down": {"uv": [2.75, 8.5, 2.5, 8.625], "texture": "#0"}
			}
		},
		{
			"from": [8.45, 2.5, 3.7],
			"to": [8.95, 3.1, 3.9],
			"rotation": {"angle": -22.5, "axis": "x", "origin": [0, 0, 0]},
			"faces": {
				"north": {"uv": [2, 8, 2.25, 8.3125], "texture": "#0"},
				"east": {"uv": [8.5, 0.5, 8.625, 0.8125], "texture": "#0"},
				"south": {"uv": [2.5, 8, 2.75, 8.3125], "texture": "#0"},
				"west": {"uv": [1, 8.5, 1.125, 8.8125], "texture": "#0"},
				"up": {"uv": [5.25, 9.125, 5, 9], "texture": "#0"},
				"down": {"uv": [9.25, 5, 9, 5.125], "texture": "#0"}
			}
		},
		{
			"from": [8.45, 2.5, 2.5],
			"to": [8.95, 3.1, 2.7],
			"rotation": {"angle": -22.5, "axis": "x", "origin": [0, 0, 0]},
			"faces": {
				"north": {"uv": [4.5, 8, 4.75, 8.3125], "texture": "#0"},
				"east": {"uv": [8.5, 1.5, 8.625, 1.8125], "texture": "#0"},
				"south": {"uv": [8, 4.5, 8.25, 4.8125], "texture": "#0"},
				"west": {"uv": [2, 8.5, 2.125, 8.8125], "texture": "#0"},
				"up": {"uv": [7.25, 9.125, 7, 9], "texture": "#0"},
				"down": {"uv": [9.25, 7, 9, 7.125], "texture": "#0"}
			}
		},
		{
			"from": [8.55, 2.6, 1.3],
			"to": [8.85, 3, 2.5],
			"rotation": {"angle": -22.5, "axis": "x", "origin": [0, 0, 0]},
			"faces": {
				"north": {"uv": [9, 9, 9.125, 9.1875], "texture": "#0"},
				"east": {"uv": [6, 3.5, 6.625, 3.6875], "texture": "#0"},
				"south": {"uv": [0, 9.5, 0.125, 9.6875], "texture": "#0"},
				"west": {"uv": [6, 4, 6.625, 4.1875], "texture": "#0"},
				"up": {"uv": [5.125, 8.625, 5, 8], "texture": "#0"},
				"down": {"uv": [5.625, 8, 5.5, 8.625], "texture": "#0"}
			}
		},
		{
			"from": [8.45, 3.1, 4.9],
			"to": [8.95, 3.3, 6.1],
			"rotation": {"angle": -22.5, "axis": "x", "origin": [0, 0, 0]},
			"faces": {
				"north": {"uv": [4, 8.5, 4.25, 8.625], "texture": "#0"},
				"east": {"uv": [7, 3, 7.625, 3.125], "texture": "#0"},
				"south": {"uv": [8.5, 4, 8.75, 4.125], "texture": "#0"},
				"west": {"uv": [7, 3.5, 7.625, 3.625], "texture": "#0"},
				"up": {"uv": [2.25, 5.125, 2, 4.5], "texture": "#0"},
				"down": {"uv": [2.75, 4.5, 2.5, 5.125], "texture": "#0"}
			}
		},
		{
			"from": [8.45, 2.9, 5.7],
			"to": [8.95, 3.1, 6.9],
			"rotation": {"angle": -22.5, "axis": "x", "origin": [0, 0, 0]},
			"faces": {
				"north": {"uv": [8.5, 6.5, 8.75, 6.625], "texture": "#0"},
				"east": {"uv": [7, 7, 7.625, 7.125], "texture": "#0"},
				"south": {"uv": [7, 8.5, 7.25, 8.625], "texture": "#0"},
				"west": {"uv": [7.5, 0, 8.125, 0.125], "texture": "#0"},
				"up": {"uv": [5.25, 0.625, 5, 0], "texture": "#0"},
				"down": {"uv": [1.25, 5, 1, 5.625], "texture": "#0"}
			}
		},
		{
			"from": [8.45, 2.3, 4.9],
			"to": [8.95, 2.5, 6.1],
			"rotation": {"angle": -22.5, "axis": "x", "origin": [0, 0, 0]},
			"faces": {
				"north": {"uv": [4.5, 8.5, 4.75, 8.625], "texture": "#0"},
				"east": {"uv": [7, 4, 7.625, 4.125], "texture": "#0"},
				"south": {"uv": [8.5, 4.5, 8.75, 4.625], "texture": "#0"},
				"west": {"uv": [7, 4.5, 7.625, 4.625], "texture": "#0"},
				"up": {"uv": [4.75, 3.125, 4.5, 2.5], "texture": "#0"},
				"down": {"uv": [3.25, 4.5, 3, 5.125], "texture": "#0"}
			}
		},
		{
			"from": [8.45, 3.1, 2.5],
			"to": [8.95, 3.3, 3.7],
			"rotation": {"angle": -22.5, "axis": "x", "origin": [0, 0, 0]},
			"faces": {
				"north": {"uv": [6, 9, 6.25, 9.125], "texture": "#0"},
				"east": {"uv": [8, 3, 8.625, 3.125], "texture": "#0"},
				"south": {"uv": [9, 6, 9.25, 6.125], "texture": "#0"},
				"west": {"uv": [8, 3.5, 8.625, 3.625], "texture": "#0"},
				"up": {"uv": [6.25, 0.625, 6, 0], "texture": "#0"},
				"down": {"uv": [1.25, 6, 1, 6.625], "texture": "#0"}
			}
		},
		{
			"from": [8.45, 2.3, 2.5],
			"to": [8.95, 2.5, 3.7],
			"rotation": {"angle": -22.5, "axis": "x", "origin": [0, 0, 0]},
			"faces": {
				"north": {"uv": [5.5, 9, 5.75, 9.125], "texture": "#0"},
				"east": {"uv": [8, 2.5, 8.625, 2.625], "texture": "#0"},
				"south": {"uv": [9, 5.5, 9.25, 5.625], "texture": "#0"},
				"west": {"uv": [3, 8, 3.625, 8.125], "texture": "#0"},
				"up": {"uv": [5.75, 6.125, 5.5, 5.5], "texture": "#0"},
				"down": {"uv": [0.25, 6, 0, 6.625], "texture": "#0"}
			}
		},
		{
			"from": [8.45, 2.5, 5.7],
			"to": [8.95, 2.7, 6.9],
			"rotation": {"angle": -22.5, "axis": "x", "origin": [0, 0, 0]},
			"faces": {
				"north": {"uv": [8.5, 7, 8.75, 7.125], "texture": "#0"},
				"east": {"uv": [0.5, 7.5, 1.125, 7.625], "texture": "#0"},
				"south": {"uv": [7.5, 8.5, 7.75, 8.625], "texture": "#0"},
				"west": {"uv": [7.5, 0.5, 8.125, 0.625], "texture": "#0"},
				"up": {"uv": [5.25, 1.625, 5, 1], "texture": "#0"},
				"down": {"uv": [5.25, 2, 5, 2.625], "texture": "#0"}
			}
		},
		{
			"from": [8.45, 2.1, 6.1],
			"to": [8.65, 2.5, 8.9],
			"rotation": {"angle": -22.5, "axis": "x", "origin": [0, 0, 0]},
			"faces": {
				"north": {"uv": [8.5, 9, 8.625, 9.1875], "texture": "#0"},
				"east": {"uv": [3, 1.5, 4.375, 1.6875], "texture": "#0"},
				"south": {"uv": [9, 8.5, 9.125, 8.6875], "texture": "#0"},
				"west": {"uv": [0, 3.5, 1.375, 3.6875], "texture": "#0"},
				"up": {"uv": [0.125, 5.875, 0, 4.5], "texture": "#0"},
				"down": {"uv": [4.625, 0, 4.5, 1.375], "texture": "#0"}
			}
		},
		{
			"from": [7.95, 1.9, 6.4],
			"to": [8.45, 2.1, 8.9],
			"rotation": {"angle": -22.5, "axis": "x", "origin": [0, 0, 0]},
			"faces": {
				"north": {"uv": [3, 9, 3.25, 9.125], "texture": "#0"},
				"east": {"uv": [5.5, 2.5, 6.75, 2.625], "texture": "#0"},
				"south": {"uv": [9, 3, 9.25, 3.125], "texture": "#0"},
				"west": {"uv": [5.5, 3, 6.75, 3.125], "texture": "#0"},
				"up": {"uv": [2.75, 4.25, 2.5, 3], "texture": "#0"},
				"down": {"uv": [3.25, 3, 3, 4.25], "texture": "#0"}
			}
		},
		{
			"from": [8.45, 2.5, 7.7],
			"to": [8.95, 2.7, 8.1],
			"rotation": {"angle": -22.5, "axis": "x", "origin": [0, 0, 0]},
			"faces": {
				"north": {"uv": [1, 9, 1.25, 9.125], "texture": "#0"},
				"east": {"uv": [7.5, 9, 7.6875, 9.125], "texture": "#0"},
				"south": {"uv": [9, 1, 9.25, 1.125], "texture": "#0"},
				"west": {"uv": [9, 7.5, 9.1875, 7.625], "texture": "#0"},
				"up": {"uv": [6.75, 8.1875, 6.5, 8], "texture": "#0"},
				"down": {"uv": [8.25, 6.5, 8, 6.6875], "texture": "#0"}
			}
		},
		{
			"from": [8.45, 2.7, 6.7],
			"to": [8.95, 2.9, 7.9],
			"rotation": {"angle": -22.5, "axis": "x", "origin": [0, 0, 0]},
			"faces": {
				"north": {"uv": [0.5, 9, 0.75, 9.125], "texture": "#0"},
				"east": {"uv": [4.5, 7.5, 5.125, 7.625], "texture": "#0"},
				"south": {"uv": [9, 0.5, 9.25, 0.625], "texture": "#0"},
				"west": {"uv": [7.5, 5, 8.125, 5.125], "texture": "#0"},
				"up": {"uv": [5.75, 1.625, 5.5, 1], "texture": "#0"},
				"down": {"uv": [1.75, 5.5, 1.5, 6.125], "texture": "#0"}
			}
		},
		{
			"from": [7.05, 5.1, 1.8],
			"to": [7.55, 5.3, 3],
			"rotation": {"angle": 22.5, "axis": "x", "origin": [0, 0, 0]},
			"faces": {
				"north": {"uv": [3, 8.5, 3.25, 8.625], "texture": "#0"},
				"east": {"uv": [7, 2.5, 7.625, 2.625], "texture": "#0"},
				"south": {"uv": [3.5, 8.5, 3.75, 8.625], "texture": "#0"},
				"west": {"uv": [3, 7, 3.625, 7.125], "texture": "#0"},
				"up": {"uv": [0.75, 5.125, 0.5, 4.5], "texture": "#0"},
				"down": {"uv": [1.75, 4.5, 1.5, 5.125], "texture": "#0"}
			}
		},
		{
			"from": [7.05, 4.9, 2.6],
			"to": [7.55, 5.1, 3.8],
			"rotation": {"angle": 22.5, "axis": "x", "origin": [0, 0, 0]},
			"faces": {
				"north": {"uv": [8.5, 7.5, 8.75, 7.625], "texture": "#0"},
				"east": {"uv": [7.5, 1, 8.125, 1.125], "texture": "#0"},
				"south": {"uv": [8, 8.5, 8.25, 8.625], "texture": "#0"},
				"west": {"uv": [1.5, 7.5, 2.125, 7.625], "texture": "#0"},
				"up": {"uv": [5.25, 3.625, 5, 3], "texture": "#0"},
				"down": {"uv": [4.25, 5, 4, 5.625], "texture": "#0"}
			}
		},
		{
			"from": [7.35, 5.1, 3],
			"to": [7.55, 5.6, 5.8],
			"rotation": {"angle": 22.5, "axis": "x", "origin": [0, 0, 0]},
			"faces": {
				"north": {"uv": [2, 9, 2.125, 9.25], "texture": "#0"},
				"east": {"uv": [0, 3, 1.375, 3.25], "texture": "#0"},
				"south": {"uv": [9, 2, 9.125, 2.25], "texture": "#0"},
				"west": {"uv": [3, 1, 4.375, 1.25], "texture": "#0"},
				"up": {"uv": [3.625, 5.375, 3.5, 4], "texture": "#0"},
				"down": {"uv": [4.125, 3.5, 4, 4.875], "texture": "#0"}
			}
		},
		{
			"from": [7.55, 5.6, 3.3],
			"to": [8.05, 5.8, 5.8],
			"rotation": {"angle": 22.5, "axis": "x", "origin": [0, 0, 0]},
			"faces": {
				"north": {"uv": [2.5, 9, 2.75, 9.125], "texture": "#0"},
				"east": {"uv": [2, 5.5, 3.25, 5.625], "texture": "#0"},
				"south": {"uv": [9, 2.5, 9.25, 2.625], "texture": "#0"},
				"west": {"uv": [5.5, 2, 6.75, 2.125], "texture": "#0"},
				"up": {"uv": [1.75, 4.25, 1.5, 3], "texture": "#0"},
				"down": {"uv": [2.25, 3, 2, 4.25], "texture": "#0"}
			}
		},
		{
			"from": [7.05, 4.7, 3.6],
			"to": [7.55, 4.9, 4.8],
			"rotation": {"angle": 22.5, "axis": "x", "origin": [0, 0, 0]},
			"faces": {
				"north": {"uv": [0, 9, 0.25, 9.125], "texture": "#0"},
				"east": {"uv": [2.5, 7.5, 3.125, 7.625], "texture": "#0"},
				"south": {"uv": [9, 0, 9.25, 0.125], "texture": "#0"},
				"west": {"uv": [3.5, 7.5, 4.125, 7.625], "texture": "#0"},
				"up": {"uv": [5.75, 0.625, 5.5, 0], "texture": "#0"},
				"down": {"uv": [0.75, 5.5, 0.5, 6.125], "texture": "#0"}
			}
		},
		{
			"from": [7.05, 4.3, 1.8],
			"to": [7.55, 4.5, 3],
			"rotation": {"angle": 22.5, "axis": "x", "origin": [0, 0, 0]},
			"faces": {
				"north": {"uv": [8.5, 6, 8.75, 6.125], "texture": "#0"},
				"east": {"uv": [7, 6, 7.625, 6.125], "texture": "#0"},
				"south": {"uv": [6.5, 8.5, 6.75, 8.625], "texture": "#0"},
				"west": {"uv": [7, 6.5, 7.625, 6.625], "texture": "#0"},
				"up": {"uv": [4.75, 4.125, 4.5, 3.5], "texture": "#0"},
				"down": {"uv": [4.75, 4.5, 4.5, 5.125], "texture": "#0"}
			}
		},
		{
			"from": [7.05, 5.1, -0.6],
			"to": [7.55, 5.3, 0.6],
			"rotation": {"angle": 22.5, "axis": "x", "origin": [0, 0, 0]},
			"faces": {
				"north": {"uv": [4.5, 9, 4.75, 9.125], "texture": "#0"},
				"east": {"uv": [0, 8, 0.625, 8.125], "texture": "#0"},
				"south": {"uv": [9, 4.5, 9.25, 4.625], "texture": "#0"},
				"west": {"uv": [1, 8, 1.625, 8.125], "texture": "#0"},
				"up": {"uv": [4.75, 6.125, 4.5, 5.5], "texture": "#0"},
				"down": {"uv": [5.75, 4.5, 5.5, 5.125], "texture": "#0"}
			}
		},
		{
			"from": [7.05, 4.3, -0.6],
			"to": [7.55, 4.5, 0.6],
			"rotation": {"angle": 22.5, "axis": "x", "origin": [0, 0, 0]},
			"faces": {
				"north": {"uv": [4, 9, 4.25, 9.125], "texture": "#0"},
				"east": {"uv": [6, 7.5, 6.625, 7.625], "texture": "#0"},
				"south": {"uv": [9, 4, 9.25, 4.125], "texture": "#0"},
				"west": {"uv": [7, 7.5, 7.625, 7.625], "texture": "#0"},
				"up": {"uv": [3.75, 6.125, 3.5, 5.5], "texture": "#0"},
				"down": {"uv": [5.75, 3.5, 5.5, 4.125], "texture": "#0"}
			}
		},
		{
			"from": [7.05, 4.5, 2.6],
			"to": [7.55, 4.7, 3.8],
			"rotation": {"angle": 22.5, "axis": "x", "origin": [0, 0, 0]},
			"faces": {
				"north": {"uv": [8.5, 8, 8.75, 8.125], "texture": "#0"},
				"east": {"uv": [7.5, 1.5, 8.125, 1.625], "texture": "#0"},
				"south": {"uv": [8.5, 8.5, 8.75, 8.625], "texture": "#0"},
				"west": {"uv": [7.5, 2, 8.125, 2.125], "texture": "#0"},
				"up": {"uv": [5.25, 4.625, 5, 4], "texture": "#0"},
				"down": {"uv": [5.25, 5, 5, 5.625], "texture": "#0"}
			}
		},
		{
			"from": [7.05, 4.9, 4.6],
			"to": [7.55, 5.1, 5],
			"rotation": {"angle": 22.5, "axis": "x", "origin": [0, 0, 0]},
			"faces": {
				"north": {"uv": [1.5, 9, 1.75, 9.125], "texture": "#0"},
				"east": {"uv": [8, 9, 8.1875, 9.125], "texture": "#0"},
				"south": {"uv": [9, 1.5, 9.25, 1.625], "texture": "#0"},
				"west": {"uv": [9, 8, 9.1875, 8.125], "texture": "#0"},
				"up": {"uv": [7.25, 8.1875, 7, 8], "texture": "#0"},
				"down": {"uv": [8.25, 7, 8, 7.1875], "texture": "#0"}
			}
		},
		{
			"from": [7.05, 4.5, -0.6],
			"to": [7.55, 5.1, -0.4],
			"rotation": {"angle": 22.5, "axis": "x", "origin": [0, 0, 0]},
			"faces": {
				"north": {"uv": [7, 5, 7.25, 5.3125], "texture": "#0"},
				"east": {"uv": [8, 8, 8.125, 8.3125], "texture": "#0"},
				"south": {"uv": [7, 5.5, 7.25, 5.8125], "texture": "#0"},
				"west": {"uv": [0, 8.5, 0.125, 8.8125], "texture": "#0"},
				"up": {"uv": [8.75, 5.125, 8.5, 5], "texture": "#0"},
				"down": {"uv": [8.75, 5.5, 8.5, 5.625], "texture": "#0"}
			}
		},
		{
			"from": [7.15, 4.6, -1.8],
			"to": [7.45, 5, -0.6],
			"rotation": {"angle": 22.5, "axis": "x", "origin": [0, 0, 0]},
			"faces": {
				"north": {"uv": [9.5, 0, 9.625, 0.1875], "texture": "#0"},
				"east": {"uv": [6, 4.5, 6.625, 4.6875], "texture": "#0"},
				"south": {"uv": [0.5, 9.5, 0.625, 9.6875], "texture": "#0"},
				"west": {"uv": [6, 5, 6.625, 5.1875], "texture": "#0"},
				"up": {"uv": [8.125, 6.125, 8, 5.5], "texture": "#0"},
				"down": {"uv": [6.125, 8, 6, 8.625], "texture": "#0"}
			}
		},
		{
			"from": [7.05, 4.5, 0.6],
			"to": [7.55, 5.1, 0.8],
			"rotation": {"angle": 22.5, "axis": "x", "origin": [0, 0, 0]},
			"faces": {
				"north": {"uv": [4, 8, 4.25, 8.3125], "texture": "#0"},
				"east": {"uv": [8.5, 1, 8.625, 1.3125], "texture": "#0"},
				"south": {"uv": [8, 4, 8.25, 4.3125], "texture": "#0"},
				"west": {"uv": [1.5, 8.5, 1.625, 8.8125], "texture": "#0"},
				"up": {"uv": [6.75, 9.125, 6.5, 9], "texture": "#0"},
				"down": {"uv": [9.25, 6.5, 9, 6.625], "texture": "#0"}
			}
		},
		{
			"from": [7.05, 4.5, 1.6],
			"to": [7.55, 5.1, 1.8],
			"rotation": {"angle": 22.5, "axis": "x", "origin": [0, 0, 0]},
			"faces": {
				"north": {"uv": [5.5, 7.5, 5.75, 7.8125], "texture": "#0"},
				"east": {"uv": [8.5, 0, 8.625, 0.3125], "texture": "#0"},
				"south": {"uv": [7.5, 5.5, 7.75, 5.8125], "texture": "#0"},
				"west": {"uv": [0.5, 8.5, 0.625, 8.8125], "texture": "#0"},
				"up": {"uv": [3.75, 9.125, 3.5, 9], "texture": "#0"},
				"down": {"uv": [9.25, 3.5, 9, 3.625], "texture": "#0"}
			}
		},
		{
			"from": [8.15, 3.5, 2.4],
			"to": [8.45, 4.7, 3.6],
			"faces": {
				"north": {"uv": [6.5, 5.5, 6.625, 6.125], "texture": "#0"},
				"east": {"uv": [2.5, 0, 3.125, 0.625], "texture": "#0"},
				"south": {"uv": [6, 6.5, 6.125, 7.125], "texture": "#0"},
				"west": {"uv": [2.5, 2, 3.125, 2.625], "texture": "#0"},
				"up": {"uv": [6.625, 7.125, 6.5, 6.5], "texture": "#0"},
				"down": {"uv": [0.125, 7, 0, 7.625], "texture": "#0"}
			}
		},
		{
			"from": [7.55, 5.1, 2],
			"to": [8.45, 5.6, 4],
			"faces": {
				"north": {"uv": [4.5, 1.5, 4.9375, 1.75], "texture": "#0"},
				"east": {"uv": [3.5, 0, 4.5, 0.25], "texture": "#0"},
				"south": {"uv": [4, 6, 4.4375, 6.25], "texture": "#0"},
				"west": {"uv": [3.5, 0.5, 4.5, 0.75], "texture": "#0"},
				"up": {"uv": [1.4375, 1, 1, 0], "texture": "#0"},
				"down": {"uv": [1.4375, 1, 1, 2], "texture": "#0"}
			}
		},
		{
			"from": [7.55, 3.1, 4],
			"to": [8.45, 5.1, 4.5],
			"faces": {
				"north": {"uv": [1.5, 0, 1.9375, 1], "texture": "#0"},
				"east": {"uv": [3.5, 2, 3.75, 3], "texture": "#0"},
				"south": {"uv": [1.5, 1, 1.9375, 2], "texture": "#0"},
				"west": {"uv": [3.5, 3, 3.75, 4], "texture": "#0"},
				"up": {"uv": [5.4375, 6.25, 5, 6], "texture": "#0"},
				"down": {"uv": [6.4375, 5.5, 6, 5.75], "texture": "#0"}
			}
		},
		{
			"from": [7.55, 2.6, 2],
			"to": [8.45, 3.1, 4],
			"faces": {
				"north": {"uv": [6, 6, 6.4375, 6.25], "texture": "#0"},
				"east": {"uv": [0, 4, 1, 4.25], "texture": "#0"},
				"south": {"uv": [6.5, 0, 6.9375, 0.25], "texture": "#0"},
				"west": {"uv": [4, 2, 5, 2.25], "texture": "#0"},
				"up": {"uv": [0.4375, 3, 0, 2], "texture": "#0"},
				"down": {"uv": [2.4375, 0, 2, 1], "texture": "#0"}
			}
		},
		{
			"from": [7.55, 3.1, 1.5],
			"to": [8.45, 5.1, 2],
			"faces": {
				"north": {"uv": [0.5, 2, 0.9375, 3], "texture": "#0"},
				"east": {"uv": [1, 4, 1.25, 5], "texture": "#0"},
				"south": {"uv": [1, 2, 1.4375, 3], "texture": "#0"},
				"west": {"uv": [4, 2.5, 4.25, 3.5], "texture": "#0"},
				"up": {"uv": [0.9375, 6.75, 0.5, 6.5], "texture": "#0"},
				"down": {"uv": [6.9375, 0.5, 6.5, 0.75], "texture": "#0"}
			}
		}
	],
	"display": {
		"thirdperson_righthand": {
			"rotation": [-90, 0, 0],
			"translation": [0, 6.5, -4.5],
			"scale": [1.25, 1.25, 1.25]
		},
		"thirdperson_lefthand": {
			"rotation": [-90, 0, 0],
			"translation": [0, 6.5, -4.5],
			"scale": [1.25, 1.25, 1.25]
		},
		"firstperson_righthand": {
			"rotation": [-176.36, -4.14, -171],
			"translation": [-2.5, 8.75, -0.25]
		},
		"firstperson_lefthand": {
			"rotation": [-176.36, -4.14, -174],
			"translation": [-2.5, 8.75, -0.25]
		},
		"ground": {
			"translation": [0, 8.5, 0],
			"scale": [1.5, 1.5, 1.5]
		},
		"gui": {
			"rotation": [-90, 45, 90],
			"translation": [0.5, 11.75, 0],
			"scale": [2, 2, 2]
		},
		"head": {
			"rotation": [0, 180, 0],
			"translation": [0, 0, -11.5]
		},
		"fixed": {
			"rotation": [-90, -45, -90],
			"translation": [0.5, 10.25, 0],
			"scale": [2, 2, 2]
		}
	}
}