{
	"credit": "Made with Blockbench",
	"texture_size": [64, 64],
	"textures": {
		"0": "item/snowball",
		"particle": "item/snowball"
	},
	"elements": [
		{
			"from": [2, 6, 7],
			"to": [14, 10, 9],
			"faces": {
				"north": {"uv": [0, 0, 3, 1], "texture": "#0"},
				"east": {"uv": [8.5, 7.75, 9, 8.75], "texture": "#0"},
				"south": {"uv": [0, 1, 3, 2], "texture": "#0"},
				"west": {"uv": [4, 8.75, 4.5, 9.75], "texture": "#0"},
				"up": {"uv": [6, 0.5, 3, 0], "texture": "#0"},
				"down": {"uv": [6, 0.5, 3, 1], "texture": "#0"}
			}
		},
		{
			"from": [3, 10, 7],
			"to": [13, 12, 9],
			"faces": {
				"north": {"uv": [0, 4, 2.5, 4.5], "texture": "#0"},
				"east": {"uv": [8, 9, 8.5, 9.5], "texture": "#0"},
				"south": {"uv": [4, 1, 6.5, 1.5], "texture": "#0"},
				"west": {"uv": [9.75, 0.5, 10.25, 1], "texture": "#0"},
				"up": {"uv": [6.5, 2, 4, 1.5], "texture": "#0"},
				"down": {"uv": [6.5, 2, 4, 2.5], "texture": "#0"}
			}
		},
		{
			"from": [4, 12, 7],
			"to": [12, 13, 9],
			"faces": {
				"north": {"uv": [8.75, 4, 10.75, 4.25], "texture": "#0"},
				"east": {"uv": [8, 7.75, 8.5, 8], "texture": "#0"},
				"south": {"uv": [8.75, 4.25, 10.75, 4.5], "texture": "#0"},
				"west": {"uv": [6, 9.25, 6.5, 9.5], "texture": "#0"},
				"up": {"uv": [7, 4.5, 5, 4], "texture": "#0"},
				"down": {"uv": [7, 4.5, 5, 5], "texture": "#0"}
			}
		},
		{
			"from": [6, 13, 7],
			"to": [10, 14, 9],
			"faces": {
				"north": {"uv": [3.75, 9.75, 4.75, 10], "texture": "#0"},
				"east": {"uv": [9.75, 5.75, 10.25, 6], "texture": "#0"},
				"south": {"uv": [9.75, 4.5, 10.75, 4.75], "texture": "#0"},
				"west": {"uv": [3.75, 10, 4.25, 10.25], "texture": "#0"},
				"up": {"uv": [5.5, 9.25, 4.5, 8.75], "texture": "#0"},
				"down": {"uv": [9.75, 4.5, 8.75, 5], "texture": "#0"}
			}
		},
		{
			"from": [6, 2, 7],
			"to": [10, 3, 9],
			"faces": {
				"north": {"uv": [9.75, 4.75, 10.75, 5], "texture": "#0"},
				"east": {"uv": [6.25, 10, 6.75, 10.25], "texture": "#0"},
				"south": {"uv": [9.75, 5.5, 10.75, 5.75], "texture": "#0"},
				"west": {"uv": [6.75, 10, 7.25, 10.25], "texture": "#0"},
				"up": {"uv": [6.5, 9.25, 5.5, 8.75], "texture": "#0"},
				"down": {"uv": [9.75, 5.5, 8.75, 6], "texture": "#0"}
			}
		},
		{
			"from": [4, 3, 7],
			"to": [12, 4, 9],
			"faces": {
				"north": {"uv": [8.75, 5, 10.75, 5.25], "texture": "#0"},
				"east": {"uv": [4.25, 10, 4.75, 10.25], "texture": "#0"},
				"south": {"uv": [8.75, 5.25, 10.75, 5.5], "texture": "#0"},
				"west": {"uv": [5.75, 10, 6.25, 10.25], "texture": "#0"},
				"up": {"uv": [4, 6, 2, 5.5], "texture": "#0"},
				"down": {"uv": [6, 5.5, 4, 6], "texture": "#0"}
			}
		},
		{
			"from": [3, 4, 7],
			"to": [13, 6, 9],
			"faces": {
				"north": {"uv": [2.5, 4, 5, 4.5], "texture": "#0"},
				"east": {"uv": [4.75, 9.75, 5.25, 10.25], "texture": "#0"},
				"south": {"uv": [4, 2.5, 6.5, 3], "texture": "#0"},
				"west": {"uv": [5.25, 9.75, 5.75, 10.25], "texture": "#0"},
				"up": {"uv": [6.5, 3.5, 4, 3], "texture": "#0"},
				"down": {"uv": [6.5, 3.5, 4, 4], "texture": "#0"}
			}
		},
		{
			"from": [7, 6, 2],
			"to": [9, 10, 14],
			"faces": {
				"north": {"uv": [8.75, 6.75, 9.25, 7.75], "texture": "#0"},
				"east": {"uv": [0, 2, 3, 3], "texture": "#0"},
				"south": {"uv": [8.5, 8.75, 9, 9.75], "texture": "#0"},
				"west": {"uv": [0, 3, 3, 4], "texture": "#0"},
				"up": {"uv": [3.5, 4, 3, 1], "texture": "#0"},
				"down": {"uv": [4, 1, 3.5, 4], "texture": "#0"}
			}
		},
		{
			"from": [9, 6, 3],
			"to": [13, 10, 7],
			"faces": {
				"north": {"uv": [6, 0, 7, 1], "texture": "#0"},
				"east": {"uv": [4, 6, 5, 7], "texture": "#0"},
				"south": {"uv": [5, 6, 6, 7], "texture": "#0"},
				"west": {"uv": [6, 5, 7, 6], "texture": "#0"},
				"up": {"uv": [7, 7, 6, 6], "texture": "#0"},
				"down": {"uv": [7.5, 1, 6.5, 2], "texture": "#0"}
			}
		},
		{
			"from": [3, 6, 9],
			"to": [7, 10, 13],
			"faces": {
				"north": {"uv": [6.5, 2, 7.5, 3], "texture": "#0"},
				"east": {"uv": [6.5, 3, 7.5, 4], "texture": "#0"},
				"south": {"uv": [7, 0, 8, 1], "texture": "#0"},
				"west": {"uv": [4, 7, 5, 8], "texture": "#0"},
				"up": {"uv": [8, 5, 7, 4], "texture": "#0"},
				"down": {"uv": [6, 7, 5, 8], "texture": "#0"}
			}
		},
		{
			"from": [9, 6, 9],
			"to": [13, 10, 13],
			"faces": {
				"north": {"uv": [7.5, 2, 8.5, 3], "texture": "#0"},
				"east": {"uv": [7.5, 3, 8.5, 4], "texture": "#0"},
				"south": {"uv": [8, 0, 9, 1], "texture": "#0"},
				"west": {"uv": [1, 8, 2, 9], "texture": "#0"},
				"up": {"uv": [3, 9, 2, 8], "texture": "#0"},
				"down": {"uv": [4, 8, 3, 9], "texture": "#0"}
			}
		},
		{
			"from": [3, 6, 3],
			"to": [7, 10, 7],
			"faces": {
				"north": {"uv": [7, 5, 8, 6], "texture": "#0"},
				"east": {"uv": [6, 7, 7, 8], "texture": "#0"},
				"south": {"uv": [7, 6, 8, 7], "texture": "#0"},
				"west": {"uv": [7, 7, 8, 8], "texture": "#0"},
				"up": {"uv": [1, 8.5, 0, 7.5], "texture": "#0"},
				"down": {"uv": [8.5, 1, 7.5, 2], "texture": "#0"}
			}
		},
		{
			"from": [9, 4, 4],
			"to": [12, 6, 7],
			"faces": {
				"north": {"uv": [9, 0, 9.75, 0.5], "texture": "#0"},
				"east": {"uv": [9, 0.5, 9.75, 1], "texture": "#0"},
				"south": {"uv": [0.75, 9, 1.5, 9.5], "texture": "#0"},
				"west": {"uv": [1.5, 9, 2.25, 9.5], "texture": "#0"},
				"up": {"uv": [4.75, 8.75, 4, 8], "texture": "#0"},
				"down": {"uv": [8.75, 4, 8, 4.75], "texture": "#0"}
			}
		},
		{
			"from": [9, 3, 5],
			"to": [11, 4, 7],
			"faces": {
				"north": {"uv": [10.25, 8, 10.75, 8.25], "texture": "#0"},
				"east": {"uv": [8.25, 10.25, 8.75, 10.5], "texture": "#0"},
				"south": {"uv": [10.25, 8.25, 10.75, 8.5], "texture": "#0"},
				"west": {"uv": [10.25, 8.5, 10.75, 8.75], "texture": "#0"},
				"up": {"uv": [10.25, 9.25, 9.75, 8.75], "texture": "#0"},
				"down": {"uv": [9.75, 9.75, 9.25, 10.25], "texture": "#0"}
			}
		},
		{
			"from": [9, 12, 5],
			"to": [11, 13, 7],
			"faces": {
				"north": {"uv": [8.75, 10.25, 9.25, 10.5], "texture": "#0"},
				"east": {"uv": [10.25, 8.75, 10.75, 9], "texture": "#0"},
				"south": {"uv": [10.25, 9, 10.75, 9.25], "texture": "#0"},
				"west": {"uv": [9.25, 10.25, 9.75, 10.5], "texture": "#0"},
				"up": {"uv": [10.25, 9.75, 9.75, 9.25], "texture": "#0"},
				"down": {"uv": [10.25, 9.75, 9.75, 10.25], "texture": "#0"}
			}
		},
		{
			"from": [5, 12, 5],
			"to": [7, 13, 7],
			"faces": {
				"north": {"uv": [10.25, 10, 10.75, 10.25], "texture": "#0"},
				"east": {"uv": [10.25, 10.25, 10.75, 10.5], "texture": "#0"},
				"south": {"uv": [0, 10.5, 0.5, 10.75], "texture": "#0"},
				"west": {"uv": [10.5, 0, 11, 0.25], "texture": "#0"},
				"up": {"uv": [1.75, 10.5, 1.25, 10], "texture": "#0"},
				"down": {"uv": [10.5, 1.5, 10, 2], "texture": "#0"}
			}
		},
		{
			"from": [5, 3, 5],
			"to": [7, 4, 7],
			"faces": {
				"north": {"uv": [10.25, 9.25, 10.75, 9.5], "texture": "#0"},
				"east": {"uv": [10.25, 9.5, 10.75, 9.75], "texture": "#0"},
				"south": {"uv": [9.75, 10.25, 10.25, 10.5], "texture": "#0"},
				"west": {"uv": [10.25, 9.75, 10.75, 10], "texture": "#0"},
				"up": {"uv": [1.25, 10.5, 0.75, 10], "texture": "#0"},
				"down": {"uv": [10.5, 1, 10, 1.5], "texture": "#0"}
			}
		},
		{
			"from": [5, 12, 9],
			"to": [7, 13, 11],
			"faces": {
				"north": {"uv": [10.5, 1.25, 11, 1.5], "texture": "#0"},
				"east": {"uv": [1.5, 10.5, 2, 10.75], "texture": "#0"},
				"south": {"uv": [10.5, 1.5, 11, 1.75], "texture": "#0"},
				"west": {"uv": [10.5, 1.75, 11, 2], "texture": "#0"},
				"up": {"uv": [2.75, 10.5, 2.25, 10], "texture": "#0"},
				"down": {"uv": [10.5, 2.5, 10, 3], "texture": "#0"}
			}
		},
		{
			"from": [5, 3, 9],
			"to": [7, 4, 11],
			"faces": {
				"north": {"uv": [10.5, 0.25, 11, 0.5], "texture": "#0"},
				"east": {"uv": [0.5, 10.5, 1, 10.75], "texture": "#0"},
				"south": {"uv": [1, 10.5, 1.5, 10.75], "texture": "#0"},
				"west": {"uv": [10.5, 1, 11, 1.25], "texture": "#0"},
				"up": {"uv": [2.25, 10.5, 1.75, 10], "texture": "#0"},
				"down": {"uv": [10.5, 2, 10, 2.5], "texture": "#0"}
			}
		},
		{
			"from": [9, 12, 9],
			"to": [11, 13, 11],
			"faces": {
				"north": {"uv": [10.5, 2.5, 11, 2.75], "texture": "#0"},
				"east": {"uv": [10.5, 2.75, 11, 3], "texture": "#0"},
				"south": {"uv": [3, 10.5, 3.5, 10.75], "texture": "#0"},
				"west": {"uv": [10.5, 3, 11, 3.25], "texture": "#0"},
				"up": {"uv": [3.75, 10.5, 3.25, 10], "texture": "#0"},
				"down": {"uv": [10.5, 3.5, 10, 4], "texture": "#0"}
			}
		},
		{
			"from": [9, 3, 9],
			"to": [11, 4, 11],
			"faces": {
				"north": {"uv": [2, 10.5, 2.5, 10.75], "texture": "#0"},
				"east": {"uv": [10.5, 2, 11, 2.25], "texture": "#0"},
				"south": {"uv": [10.5, 2.25, 11, 2.5], "texture": "#0"},
				"west": {"uv": [2.5, 10.5, 3, 10.75], "texture": "#0"},
				"up": {"uv": [3.25, 10.5, 2.75, 10], "texture": "#0"},
				"down": {"uv": [10.5, 3, 10, 3.5], "texture": "#0"}
			}
		},
		{
			"from": [9, 10, 4],
			"to": [12, 12, 7],
			"faces": {
				"north": {"uv": [2.25, 9, 3, 9.5], "texture": "#0"},
				"east": {"uv": [3, 9, 3.75, 9.5], "texture": "#0"},
				"south": {"uv": [6.5, 9, 7.25, 9.5], "texture": "#0"},
				"west": {"uv": [7.25, 9, 8, 9.5], "texture": "#0"},
				"up": {"uv": [5.5, 8.75, 4.75, 8], "texture": "#0"},
				"down": {"uv": [8.75, 4.75, 8, 5.5], "texture": "#0"}
			}
		},
		{
			"from": [9, 10, 9],
			"to": [12, 12, 12],
			"faces": {
				"north": {"uv": [9.25, 1, 10, 1.5], "texture": "#0"},
				"east": {"uv": [9.25, 1.5, 10, 2], "texture": "#0"},
				"south": {"uv": [9.25, 2, 10, 2.5], "texture": "#0"},
				"west": {"uv": [9.25, 2.5, 10, 3], "texture": "#0"},
				"up": {"uv": [7, 8.75, 6.25, 8], "texture": "#0"},
				"down": {"uv": [8.75, 6.25, 8, 7], "texture": "#0"}
			}
		},
		{
			"from": [9, 4, 9],
			"to": [12, 6, 12],
			"faces": {
				"north": {"uv": [9, 7.75, 9.75, 8.25], "texture": "#0"},
				"east": {"uv": [9, 8.25, 9.75, 8.75], "texture": "#0"},
				"south": {"uv": [9, 8.75, 9.75, 9.25], "texture": "#0"},
				"west": {"uv": [0, 9.25, 0.75, 9.75], "texture": "#0"},
				"up": {"uv": [6.25, 8.75, 5.5, 8], "texture": "#0"},
				"down": {"uv": [8.75, 5.5, 8, 6.25], "texture": "#0"}
			}
		},
		{
			"from": [4, 10, 9],
			"to": [7, 12, 12],
			"faces": {
				"north": {"uv": [9.25, 6.75, 10, 7.25], "texture": "#0"},
				"east": {"uv": [9.25, 7.25, 10, 7.75], "texture": "#0"},
				"south": {"uv": [9, 9.25, 9.75, 9.75], "texture": "#0"},
				"west": {"uv": [0.75, 9.5, 1.5, 10], "texture": "#0"},
				"up": {"uv": [8.5, 8.75, 7.75, 8], "texture": "#0"},
				"down": {"uv": [0.75, 8.5, 0, 9.25], "texture": "#0"}
			}
		},
		{
			"from": [4, 4, 9],
			"to": [7, 6, 12],
			"faces": {
				"north": {"uv": [9.25, 3, 10, 3.5], "texture": "#0"},
				"east": {"uv": [9.25, 3.5, 10, 4], "texture": "#0"},
				"south": {"uv": [4.5, 9.25, 5.25, 9.75], "texture": "#0"},
				"west": {"uv": [5.25, 9.25, 6, 9.75], "texture": "#0"},
				"up": {"uv": [7.75, 8.75, 7, 8], "texture": "#0"},
				"down": {"uv": [8.75, 7, 8, 7.75], "texture": "#0"}
			}
		},
		{
			"from": [4, 10, 4],
			"to": [7, 12, 7],
			"faces": {
				"north": {"uv": [6.75, 9.5, 7.5, 10], "texture": "#0"},
				"east": {"uv": [7.5, 9.5, 8.25, 10], "texture": "#0"},
				"south": {"uv": [0, 9.75, 0.75, 10.25], "texture": "#0"},
				"west": {"uv": [9.75, 0, 10.5, 0.5], "texture": "#0"},
				"up": {"uv": [9.25, 3.25, 8.5, 2.5], "texture": "#0"},
				"down": {"uv": [9.25, 3.25, 8.5, 4], "texture": "#0"}
			}
		},
		{
			"from": [4, 4, 4],
			"to": [7, 6, 7],
			"faces": {
				"north": {"uv": [1.5, 9.5, 2.25, 10], "texture": "#0"},
				"east": {"uv": [2.25, 9.5, 3, 10], "texture": "#0"},
				"south": {"uv": [3, 9.5, 3.75, 10], "texture": "#0"},
				"west": {"uv": [6, 9.5, 6.75, 10], "texture": "#0"},
				"up": {"uv": [9.25, 1.75, 8.5, 1], "texture": "#0"},
				"down": {"uv": [9.25, 1.75, 8.5, 2.5], "texture": "#0"}
			}
		},
		{
			"from": [7, 10, 3],
			"to": [9, 12, 13],
			"faces": {
				"north": {"uv": [9.75, 8.25, 10.25, 8.75], "texture": "#0"},
				"east": {"uv": [1, 5, 3.5, 5.5], "texture": "#0"},
				"south": {"uv": [8.75, 9.75, 9.25, 10.25], "texture": "#0"},
				"west": {"uv": [3.5, 5, 6, 5.5], "texture": "#0"},
				"up": {"uv": [1.5, 8, 1, 5.5], "texture": "#0"},
				"down": {"uv": [2, 5.5, 1.5, 8], "texture": "#0"}
			}
		},
		{
			"from": [7, 12, 4],
			"to": [9, 13, 12],
			"faces": {
				"north": {"uv": [4.25, 10.25, 4.75, 10.5], "texture": "#0"},
				"east": {"uv": [6.5, 8.75, 8.5, 9], "texture": "#0"},
				"south": {"uv": [4.75, 10.25, 5.25, 10.5], "texture": "#0"},
				"west": {"uv": [8.75, 6.5, 10.75, 6.75], "texture": "#0"},
				"up": {"uv": [3.5, 8, 3, 6], "texture": "#0"},
				"down": {"uv": [4, 6, 3.5, 8], "texture": "#0"}
			}
		},
		{
			"from": [7, 13, 6],
			"to": [9, 14, 7],
			"faces": {
				"north": {"uv": [0, 10.25, 0.5, 10.5], "texture": "#0"},
				"east": {"uv": [3.75, 9, 4, 9.25], "texture": "#0"},
				"south": {"uv": [10.25, 0.5, 10.75, 0.75], "texture": "#0"},
				"west": {"uv": [3.75, 9.25, 4, 9.5], "texture": "#0"},
				"up": {"uv": [10.75, 1, 10.25, 0.75], "texture": "#0"},
				"down": {"uv": [4.25, 10.25, 3.75, 10.5], "texture": "#0"}
			}
		},
		{
			"from": [7, 13, 9],
			"to": [9, 14, 10],
			"faces": {
				"north": {"uv": [5.25, 10.25, 5.75, 10.5], "texture": "#0"},
				"east": {"uv": [3.75, 9.5, 4, 9.75], "texture": "#0"},
				"south": {"uv": [5.75, 10.25, 6.25, 10.5], "texture": "#0"},
				"west": {"uv": [8.25, 9.5, 8.5, 9.75], "texture": "#0"},
				"up": {"uv": [10.75, 6, 10.25, 5.75], "texture": "#0"},
				"down": {"uv": [6.75, 10.25, 6.25, 10.5], "texture": "#0"}
			}
		},
		{
			"from": [7, 2, 6],
			"to": [9, 3, 7],
			"faces": {
				"north": {"uv": [7.25, 10, 7.75, 10.25], "texture": "#0"},
				"east": {"uv": [0.75, 8.5, 1, 8.75], "texture": "#0"},
				"south": {"uv": [10, 7.25, 10.5, 7.5], "texture": "#0"},
				"west": {"uv": [0.75, 8.75, 1, 9], "texture": "#0"},
				"up": {"uv": [10.5, 7.75, 10, 7.5], "texture": "#0"},
				"down": {"uv": [8.25, 10, 7.75, 10.25], "texture": "#0"}
			}
		},
		{
			"from": [7, 2, 9],
			"to": [9, 3, 10],
			"faces": {
				"north": {"uv": [6.75, 10.25, 7.25, 10.5], "texture": "#0"},
				"east": {"uv": [5.75, 9.75, 6, 10], "texture": "#0"},
				"south": {"uv": [7.25, 10.25, 7.75, 10.5], "texture": "#0"},
				"west": {"uv": [0.5, 10.25, 0.75, 10.5], "texture": "#0"},
				"up": {"uv": [8.25, 10.5, 7.75, 10.25], "texture": "#0"},
				"down": {"uv": [10.75, 7.75, 10.25, 8], "texture": "#0"}
			}
		},
		{
			"from": [7, 3, 4],
			"to": [9, 4, 12],
			"faces": {
				"north": {"uv": [10, 6.75, 10.5, 7], "texture": "#0"},
				"east": {"uv": [8.75, 6, 10.75, 6.25], "texture": "#0"},
				"south": {"uv": [10, 7, 10.5, 7.25], "texture": "#0"},
				"west": {"uv": [8.75, 6.25, 10.75, 6.5], "texture": "#0"},
				"up": {"uv": [2.5, 8, 2, 6], "texture": "#0"},
				"down": {"uv": [3, 6, 2.5, 8], "texture": "#0"}
			}
		},
		{
			"from": [7, 4, 3],
			"to": [9, 6, 13],
			"faces": {
				"north": {"uv": [9.75, 7.75, 10.25, 8.25], "texture": "#0"},
				"east": {"uv": [0, 4.5, 2.5, 5], "texture": "#0"},
				"south": {"uv": [8.25, 9.75, 8.75, 10.25], "texture": "#0"},
				"west": {"uv": [2.5, 4.5, 5, 5], "texture": "#0"},
				"up": {"uv": [0.5, 7.5, 0, 5], "texture": "#0"},
				"down": {"uv": [1, 5, 0.5, 7.5], "texture": "#0"}
			}
		}
	],
	"display": {
		"thirdperson_righthand": {
			"rotation": [70.63, 28.49, -57.52],
			"scale": [0.59766, 0.59375, 0.59961]
		},
		"thirdperson_lefthand": {
			"rotation": [70.63, 28.49, -57.52],
			"scale": [0.59766, 0.59375, 0.59961]
		},
		"firstperson_righthand": {
			"rotation": [-22.5, 44.25, 34.25],
			"translation": [0, 2, 0],
			"scale": [0.69, 0.69, 0.69]
		},
		"firstperson_lefthand": {
			"rotation": [-22.5, 44.25, 34.25],
			"translation": [0, 2, 0],
			"scale": [0.69, 0.69, 0.69]
		},
		"ground": {
			"rotation": [56, 35, 13],
			"translation": [0, -0.25, 0],
			"scale": [0.43, 0.43, 0.43]
		},
		"head": {
			"rotation": [38.5, -29.5, 19.75],
			"translation": [0, 1.25, 0],
			"scale": [1.99, 1.99, 1.99]
		}
	}
}