{
	"credit": "Made with Blockbench",
	"texture_size": [32, 32],
	"textures": {
		"0": "item/stone_pickaxe",
		"particle": "item/stone_pickaxe"
	},
	"elements": [
		{
			"from": [7.6, -15, 7.6],
			"to": [8.4, -11.3, 8.4],
			"faces": {
				"north": {"uv": [6, 10, 6.375, 11.875], "texture": "#0"},
				"east": {"uv": [6.5, 10, 6.875, 11.875], "texture": "#0"},
				"south": {"uv": [7, 10, 7.375, 11.875], "texture": "#0"},
				"west": {"uv": [7.5, 10, 7.875, 11.875], "texture": "#0"},
				"up": {"uv": [2.375, 6.375, 2, 6], "texture": "#0"},
				"down": {"uv": [2.375, 6.5, 2, 6.875], "texture": "#0"}
			}
		},
		{
			"from": [7.7, -11.3, 7.7],
			"to": [8.3, -2.3, 8.3],
			"faces": {
				"north": {"uv": [5, 9, 5.3125, 13.5], "texture": "#0"},
				"east": {"uv": [5.5, 9, 5.8125, 13.5], "texture": "#0"},
				"south": {"uv": [1.5, 10, 1.8125, 14.5], "texture": "#0"},
				"west": {"uv": [10, 4, 10.3125, 8.5], "texture": "#0"},
				"up": {"uv": [3.3125, 12.3125, 3, 12], "texture": "#0"},
				"down": {"uv": [12.3125, 3, 12, 3.3125], "texture": "#0"}
			}
		},
		{
			"from": [7.8, -2.8, 7.3],
			"to": [8.2, -2.4, 7.7],
			"faces": {
				"north": {"uv": [13, 8.5, 13.1875, 8.6875], "texture": "#0"},
				"east": {"uv": [9, 13, 9.1875, 13.1875], "texture": "#0"},
				"south": {"uv": [13, 9, 13.1875, 9.1875], "texture": "#0"},
				"west": {"uv": [9.5, 13, 9.6875, 13.1875], "texture": "#0"},
				"up": {"uv": [13.1875, 9.6875, 13, 9.5], "texture": "#0"},
				"down": {"uv": [10.1875, 13, 10, 13.1875], "texture": "#0"}
			}
		},
		{
			"from": [7.8, -2.4, 6.9],
			"to": [8.2, -2, 7.3],
			"faces": {
				"north": {"uv": [13, 10, 13.1875, 10.1875], "texture": "#0"},
				"east": {"uv": [10.5, 13, 10.6875, 13.1875], "texture": "#0"},
				"south": {"uv": [13, 10.5, 13.1875, 10.6875], "texture": "#0"},
				"west": {"uv": [11, 13, 11.1875, 13.1875], "texture": "#0"},
				"up": {"uv": [13.1875, 11.1875, 13, 11], "texture": "#0"},
				"down": {"uv": [11.6875, 13, 11.5, 13.1875], "texture": "#0"}
			}
		},
		{
			"from": [7.8, -2, 6.5],
			"to": [8.2, -1.6, 6.9],
			"faces": {
				"north": {"uv": [13, 11.5, 13.1875, 11.6875], "texture": "#0"},
				"east": {"uv": [12, 13, 12.1875, 13.1875], "texture": "#0"},
				"south": {"uv": [13, 12, 13.1875, 12.1875], "texture": "#0"},
				"west": {"uv": [12.5, 13, 12.6875, 13.1875], "texture": "#0"},
				"up": {"uv": [13.1875, 12.6875, 13, 12.5], "texture": "#0"},
				"down": {"uv": [13.1875, 13, 13, 13.1875], "texture": "#0"}
			}
		},
		{
			"from": [7.8, -1.6, 6.1],
			"to": [8.2, -1.2, 6.5],
			"faces": {
				"north": {"uv": [0, 13.5, 0.1875, 13.6875], "texture": "#0"},
				"east": {"uv": [13.5, 0, 13.6875, 0.1875], "texture": "#0"},
				"south": {"uv": [0.5, 13.5, 0.6875, 13.6875], "texture": "#0"},
				"west": {"uv": [13.5, 0.5, 13.6875, 0.6875], "texture": "#0"},
				"up": {"uv": [1.1875, 13.6875, 1, 13.5], "texture": "#0"},
				"down": {"uv": [13.6875, 1, 13.5, 1.1875], "texture": "#0"}
			}
		},
		{
			"from": [7.8, -1.2, 4.7],
			"to": [8.2, -0.7, 6.1],
			"faces": {
				"north": {"uv": [11, 12, 11.1875, 12.25], "texture": "#0"},
				"east": {"uv": [9, 1.5, 9.6875, 1.75], "texture": "#0"},
				"south": {"uv": [3.5, 12.5, 3.6875, 12.75], "texture": "#0"},
				"west": {"uv": [11.5, 5, 12.1875, 5.25], "texture": "#0"},
				"up": {"uv": [6.1875, 7.6875, 6, 7], "texture": "#0"},
				"down": {"uv": [11.6875, 11.5, 11.5, 12.1875], "texture": "#0"}
			}
		},
		{
			"from": [7.8, -2.8, 8.3],
			"to": [8.2, -2.4, 8.7],
			"faces": {
				"north": {"uv": [13.5, 1.5, 13.6875, 1.6875], "texture": "#0"},
				"east": {"uv": [2, 13.5, 2.1875, 13.6875], "texture": "#0"},
				"south": {"uv": [13.5, 2, 13.6875, 2.1875], "texture": "#0"},
				"west": {"uv": [2.5, 13.5, 2.6875, 13.6875], "texture": "#0"},
				"up": {"uv": [13.6875, 2.6875, 13.5, 2.5], "texture": "#0"},
				"down": {"uv": [3.1875, 13.5, 3, 13.6875], "texture": "#0"}
			}
		},
		{
			"from": [7.8, -2.4, 8.7],
			"to": [8.2, -2, 9.1],
			"faces": {
				"north": {"uv": [13.5, 3, 13.6875, 3.1875], "texture": "#0"},
				"east": {"uv": [3.5, 13.5, 3.6875, 13.6875], "texture": "#0"},
				"south": {"uv": [13.5, 3.5, 13.6875, 3.6875], "texture": "#0"},
				"west": {"uv": [4, 13.5, 4.1875, 13.6875], "texture": "#0"},
				"up": {"uv": [13.6875, 4.1875, 13.5, 4], "texture": "#0"},
				"down": {"uv": [4.6875, 13.5, 4.5, 13.6875], "texture": "#0"}
			}
		},
		{
			"from": [7.8, -2, 9.1],
			"to": [8.2, -1.6, 9.5],
			"faces": {
				"north": {"uv": [13.5, 4.5, 13.6875, 4.6875], "texture": "#0"},
				"east": {"uv": [5, 13.5, 5.1875, 13.6875], "texture": "#0"},
				"south": {"uv": [13.5, 5, 13.6875, 5.1875], "texture": "#0"},
				"west": {"uv": [5.5, 13.5, 5.6875, 13.6875], "texture": "#0"},
				"up": {"uv": [13.6875, 5.6875, 13.5, 5.5], "texture": "#0"},
				"down": {"uv": [6.1875, 13.5, 6, 13.6875], "texture": "#0"}
			}
		},
		{
			"from": [7.8, -1.6, 9.5],
			"to": [8.2, -1.2, 9.9],
			"faces": {
				"north": {"uv": [13.5, 6, 13.6875, 6.1875], "texture": "#0"},
				"east": {"uv": [6.5, 13.5, 6.6875, 13.6875], "texture": "#0"},
				"south": {"uv": [7, 13.5, 7.1875, 13.6875], "texture": "#0"},
				"west": {"uv": [7.5, 13.5, 7.6875, 13.6875], "texture": "#0"},
				"up": {"uv": [8.1875, 13.6875, 8, 13.5], "texture": "#0"},
				"down": {"uv": [13.6875, 8, 13.5, 8.1875], "texture": "#0"}
			}
		},
		{
			"from": [7.8, -1.2, 9.9],
			"to": [8.2, -0.7, 11.3],
			"faces": {
				"north": {"uv": [4.5, 13, 4.6875, 13.25], "texture": "#0"},
				"east": {"uv": [11.5, 5.5, 12.1875, 5.75], "texture": "#0"},
				"south": {"uv": [13, 8, 13.1875, 8.25], "texture": "#0"},
				"west": {"uv": [11.5, 6, 12.1875, 6.25], "texture": "#0"},
				"up": {"uv": [2.1875, 12.6875, 2, 12], "texture": "#0"},
				"down": {"uv": [12.1875, 2, 12, 2.6875], "texture": "#0"}
			}
		},
		{
			"from": [6.6, -0.1, 7.7],
			"to": [9.4, 2.7, 8.3],
			"faces": {
				"north": {"uv": [8.5, 4, 9.875, 5.375], "texture": "#0"},
				"east": {"uv": [8, 10, 8.3125, 11.375], "texture": "#0"},
				"south": {"uv": [8.5, 5.5, 9.875, 6.875], "texture": "#0"},
				"west": {"uv": [8.5, 10, 8.8125, 11.375], "texture": "#0"},
				"up": {"uv": [9.875, 7.3125, 8.5, 7], "texture": "#0"},
				"down": {"uv": [9.875, 7.5, 8.5, 7.8125], "texture": "#0"}
			}
		},
		{
			"from": [6.4, -0.3, 8.3],
			"to": [9.6, 2.9, 8.5],
			"faces": {
				"north": {"uv": [6.5, 6, 8.125, 7.625], "texture": "#0"},
				"east": {"uv": [9, 11, 9.125, 12.625], "texture": "#0"},
				"south": {"uv": [7, 0, 8.625, 1.625], "texture": "#0"},
				"west": {"uv": [11, 9, 11.125, 10.625], "texture": "#0"},
				"up": {"uv": [12.625, 11.125, 11, 11], "texture": "#0"},
				"down": {"uv": [13.125, 0, 11.5, 0.125], "texture": "#0"}
			}
		},
		{
			"from": [6.6, -0.1, 2.6],
			"to": [9.4, 2.7, 2.8],
			"faces": {
				"north": {"uv": [9, 0, 10.375, 1.375], "texture": "#0"},
				"east": {"uv": [4.5, 11.5, 4.625, 12.875], "texture": "#0"},
				"south": {"uv": [2, 9, 3.375, 10.375], "texture": "#0"},
				"west": {"uv": [11.5, 6.5, 11.625, 7.875], "texture": "#0"},
				"up": {"uv": [12.875, 9.125, 11.5, 9], "texture": "#0"},
				"down": {"uv": [12.875, 9.5, 11.5, 9.625], "texture": "#0"}
			}
		},
		{
			"from": [6.4, -0.3, 2.8],
			"to": [9.6, 2.9, 3],
			"faces": {
				"north": {"uv": [2, 7, 3.625, 8.625], "texture": "#0"},
				"east": {"uv": [9.5, 11, 9.625, 12.625], "texture": "#0"},
				"south": {"uv": [4, 7, 5.625, 8.625], "texture": "#0"},
				"west": {"uv": [0, 11.5, 0.125, 13.125], "texture": "#0"},
				"up": {"uv": [13.125, 0.625, 11.5, 0.5], "texture": "#0"},
				"down": {"uv": [13.125, 1, 11.5, 1.125], "texture": "#0"}
			}
		},
		{
			"from": [6.4, -0.3, 7.5],
			"to": [9.6, 2.9, 7.7],
			"faces": {
				"north": {"uv": [0, 8, 1.625, 9.625], "texture": "#0"},
				"east": {"uv": [0.5, 11.5, 0.625, 13.125], "texture": "#0"},
				"south": {"uv": [6, 8, 7.625, 9.625], "texture": "#0"},
				"west": {"uv": [1, 11.5, 1.125, 13.125], "texture": "#0"},
				"up": {"uv": [13.125, 1.625, 11.5, 1.5], "texture": "#0"},
				"down": {"uv": [3.625, 11.5, 2, 11.625], "texture": "#0"}
			}
		},
		{
			"from": [6.4, -0.3, 13],
			"to": [9.6, 2.9, 13.2],
			"faces": {
				"north": {"uv": [8, 8, 9.625, 9.625], "texture": "#0"},
				"east": {"uv": [11.5, 2, 11.625, 3.625], "texture": "#0"},
				"south": {"uv": [8.5, 2, 10.125, 3.625], "texture": "#0"},
				"west": {"uv": [4, 11.5, 4.125, 13.125], "texture": "#0"},
				"up": {"uv": [13.125, 4.125, 11.5, 4], "texture": "#0"},
				"down": {"uv": [13.125, 4.5, 11.5, 4.625], "texture": "#0"}
			}
		},
		{
			"from": [6.6, -0.1, 13.2],
			"to": [9.4, 2.7, 13.4],
			"faces": {
				"north": {"uv": [3.5, 9, 4.875, 10.375], "texture": "#0"},
				"east": {"uv": [8, 11.5, 8.125, 12.875], "texture": "#0"},
				"south": {"uv": [0, 10, 1.375, 11.375], "texture": "#0"},
				"west": {"uv": [8.5, 11.5, 8.625, 12.875], "texture": "#0"},
				"up": {"uv": [11.375, 11.625, 10, 11.5], "texture": "#0"},
				"down": {"uv": [12.875, 10, 11.5, 10.125], "texture": "#0"}
			}
		},
		{
			"from": [6, -0.7, 3],
			"to": [10, 3.3, 7.5],
			"faces": {
				"north": {"uv": [2.5, 5, 4.5, 7], "texture": "#0"},
				"east": {"uv": [0, 0, 2.25, 2], "texture": "#0"},
				"south": {"uv": [0, 6, 2, 8], "texture": "#0"},
				"west": {"uv": [0, 2, 2.25, 4], "texture": "#0"},
				"up": {"uv": [4.5, 2.25, 2.5, 0], "texture": "#0"},
				"down": {"uv": [4.5, 2.5, 2.5, 4.75], "texture": "#0"}
			}
		},
		{
			"from": [6, -0.7, 8.5],
			"to": [10, 3.3, 13],
			"faces": {
				"north": {"uv": [6.5, 2, 8.5, 4], "texture": "#0"},
				"east": {"uv": [0, 4, 2.25, 6], "texture": "#0"},
				"south": {"uv": [6.5, 4, 8.5, 6], "texture": "#0"},
				"west": {"uv": [4.5, 0, 6.75, 2], "texture": "#0"},
				"up": {"uv": [6.5, 4.25, 4.5, 2], "texture": "#0"},
				"down": {"uv": [6.5, 4.5, 4.5, 6.75], "texture": "#0"}
			}
		},
		{
			"from": [7.4, -11.8, 7.4],
			"to": [8.6, -11.5, 8.6],
			"faces": {
				"north": {"uv": [6, 12, 6.625, 12.125], "texture": "#0"},
				"east": {"uv": [12, 6.5, 12.625, 6.625], "texture": "#0"},
				"south": {"uv": [7, 12, 7.625, 12.125], "texture": "#0"},
				"west": {"uv": [12, 7, 12.625, 7.125], "texture": "#0"},
				"up": {"uv": [10.625, 9.125, 10, 8.5], "texture": "#0"},
				"down": {"uv": [9.625, 10, 9, 10.625], "texture": "#0"}
			}
		},
		{
			"from": [7.4, -12.3, 7.4],
			"to": [8.6, -12, 8.6],
			"faces": {
				"north": {"uv": [12, 7.5, 12.625, 7.625], "texture": "#0"},
				"east": {"uv": [12, 8, 12.625, 8.125], "texture": "#0"},
				"south": {"uv": [12, 8.5, 12.625, 8.625], "texture": "#0"},
				"west": {"uv": [10, 12, 10.625, 12.125], "texture": "#0"},
				"up": {"uv": [10.625, 10.125, 10, 9.5], "texture": "#0"},
				"down": {"uv": [11.125, 0, 10.5, 0.625], "texture": "#0"}
			}
		},
		{
			"from": [7.4, -12.8, 7.4],
			"to": [8.6, -12.5, 8.6],
			"faces": {
				"north": {"uv": [12, 10.5, 12.625, 10.625], "texture": "#0"},
				"east": {"uv": [12, 11.5, 12.625, 11.625], "texture": "#0"},
				"south": {"uv": [12, 12, 12.625, 12.125], "texture": "#0"},
				"west": {"uv": [12.5, 2, 13.125, 2.125], "texture": "#0"},
				"up": {"uv": [11.125, 1.625, 10.5, 1], "texture": "#0"},
				"down": {"uv": [2.625, 10.5, 2, 11.125], "texture": "#0"}
			}
		},
		{
			"from": [7.4, -13.3, 7.4],
			"to": [8.6, -13, 8.6],
			"faces": {
				"north": {"uv": [2.5, 12.5, 3.125, 12.625], "texture": "#0"},
				"east": {"uv": [12.5, 2.5, 13.125, 2.625], "texture": "#0"},
				"south": {"uv": [12.5, 3, 13.125, 3.125], "texture": "#0"},
				"west": {"uv": [12.5, 3.5, 13.125, 3.625], "texture": "#0"},
				"up": {"uv": [11.125, 2.625, 10.5, 2], "texture": "#0"},
				"down": {"uv": [3.625, 10.5, 3, 11.125], "texture": "#0"}
			}
		},
		{
			"from": [7.4, -13.8, 7.4],
			"to": [8.6, -13.5, 8.6],
			"faces": {
				"north": {"uv": [12.5, 5, 13.125, 5.125], "texture": "#0"},
				"east": {"uv": [12.5, 5.5, 13.125, 5.625], "texture": "#0"},
				"south": {"uv": [6, 12.5, 6.625, 12.625], "texture": "#0"},
				"west": {"uv": [12.5, 6, 13.125, 6.125], "texture": "#0"},
				"up": {"uv": [11.125, 3.625, 10.5, 3], "texture": "#0"},
				"down": {"uv": [4.625, 10.5, 4, 11.125], "texture": "#0"}
			}
		},
		{
			"from": [7.4, -14.3, 7.4],
			"to": [8.6, -14, 8.6],
			"faces": {
				"north": {"uv": [7, 12.5, 7.625, 12.625], "texture": "#0"},
				"east": {"uv": [10, 12.5, 10.625, 12.625], "texture": "#0"},
				"south": {"uv": [11, 12.5, 11.625, 12.625], "texture": "#0"},
				"west": {"uv": [12, 12.5, 12.625, 12.625], "texture": "#0"},
				"up": {"uv": [11.125, 4.625, 10.5, 4], "texture": "#0"},
				"down": {"uv": [11.125, 5, 10.5, 5.625], "texture": "#0"}
			}
		},
		{
			"from": [7.4, -14.8, 7.4],
			"to": [8.6, -14.5, 8.6],
			"faces": {
				"north": {"uv": [2, 13, 2.625, 13.125], "texture": "#0"},
				"east": {"uv": [3, 13, 3.625, 13.125], "texture": "#0"},
				"south": {"uv": [6, 13, 6.625, 13.125], "texture": "#0"},
				"west": {"uv": [13, 6.5, 13.625, 6.625], "texture": "#0"},
				"up": {"uv": [11.125, 6.625, 10.5, 6], "texture": "#0"},
				"down": {"uv": [11.125, 7, 10.5, 7.625], "texture": "#0"}
			}
		},
		{
			"from": [7.4, -15.3, 7.4],
			"to": [8.6, -15, 8.6],
			"faces": {
				"north": {"uv": [7, 13, 7.625, 13.125], "texture": "#0"},
				"east": {"uv": [13, 7, 13.625, 7.125], "texture": "#0"},
				"south": {"uv": [13, 7.5, 13.625, 7.625], "texture": "#0"},
				"west": {"uv": [8, 13, 8.625, 13.125], "texture": "#0"},
				"up": {"uv": [10.625, 11.125, 10, 10.5], "texture": "#0"},
				"down": {"uv": [11.625, 8, 11, 8.625], "texture": "#0"}
			}
		},
		{
			"from": [7.7, -16, 7.7],
			"to": [8.3, -15.3, 8.3],
			"faces": {
				"north": {"uv": [10, 1.5, 10.3125, 1.875], "texture": "#0"},
				"east": {"uv": [10.5, 8, 10.8125, 8.375], "texture": "#0"},
				"south": {"uv": [11.5, 10.5, 11.8125, 10.875], "texture": "#0"},
				"west": {"uv": [2.5, 12, 2.8125, 12.375], "texture": "#0"},
				"up": {"uv": [3.8125, 12.3125, 3.5, 12], "texture": "#0"},
				"down": {"uv": [12.3125, 3.5, 12, 3.8125], "texture": "#0"}
			}
		}
	],
	"display": {
		"thirdperson_righthand": {
			"translation": [0, 23.75, 1.25]
		},
		"thirdperson_lefthand": {
			"translation": [0, 23.75, 1.25]
		},
		"firstperson_righthand": {
			"rotation": [-40.25, 0, 0],
			"translation": [-1.25, 14.5, -5]
		},
		"firstperson_lefthand": {
			"rotation": [-40.25, 0, 0],
			"translation": [-1.25, 14.5, -5]
		},
		"ground": {
			"translation": [0, 21, 0]
		},
		"gui": {
			"rotation": [90, 45, -90],
			"translation": [6.75, 6.75, 0],
			"scale": [0.8, 0.8, 0.8]
		},
		"head": {
			"rotation": [-123, 0, 0],
			"translation": [0, 7.25, -15.25],
			"scale": [1.5, 1.5, 1.5]
		},
		"fixed": {
			"rotation": [0, 90, 0],
			"translation": [0, 14.25, 0]
		}
	},
	"groups": [
		{
			"name": "group",
			"origin": [8, 8, 8],
			"color": 0,
			"children": [0, 1, 2, 3, 4, 5, 6, 7, 8, 9, 10, 11, 12, 13, 14, 15, 16, 17, 18, 19, 20, 21, 22, 23, 24, 25, 26, 27, 28, 29]
		}
	]
}