{
	"credit": "Made with Blockbench",
	"texture_size": [32, 32],
	"textures": {
		"0": "item/stone_sword",
		"particle": "item/stone_sword"
	},
	"elements": [
		{
			"from": [7.4, 0.7, 6.1],
			"to": [8.6, 1.7, 9.9],
			"faces": {
				"north": {"uv": [8.5, 0.5, 9.125, 1], "texture": "#0"},
				"east": {"uv": [6, 0, 7.875, 0.5], "texture": "#0"},
				"south": {"uv": [8.5, 1, 9.125, 1.5], "texture": "#0"},
				"west": {"uv": [6, 0.5, 7.875, 1], "texture": "#0"},
				"up": {"uv": [3.625, 3.875, 3, 2], "texture": "#0"},
				"down": {"uv": [4.625, 2, 4, 3.875], "texture": "#0"}
			}
		},
		{
			"from": [7.4, 0.5, 6.1],
			"to": [8.6, 0.7, 9.9],
			"faces": {
				"north": {"uv": [11, 7.5, 11.625, 7.625], "texture": "#0"},
				"east": {"uv": [8, 8.5, 9.875, 8.625], "texture": "#0"},
				"south": {"uv": [11, 8, 11.625, 8.125], "texture": "#0"},
				"west": {"uv": [0, 9, 1.875, 9.125], "texture": "#0"},
				"up": {"uv": [3.625, 5.875, 3, 4], "texture": "#0"},
				"down": {"uv": [4.625, 4, 4, 5.875], "texture": "#0"}
			}
		},
		{
			"from": [7.5, 0.3, 6.4],
			"to": [8.5, 0.5, 9.6],
			"faces": {
				"north": {"uv": [11.5, 2, 12, 2.125], "texture": "#0"},
				"east": {"uv": [9, 6.5, 10.625, 6.625], "texture": "#0"},
				"south": {"uv": [2.5, 11.5, 3, 11.625], "texture": "#0"},
				"west": {"uv": [9, 7, 10.625, 7.125], "texture": "#0"},
				"up": {"uv": [6.5, 5.625, 6, 4], "texture": "#0"},
				"down": {"uv": [5, 6, 4.5, 7.625], "texture": "#0"}
			}
		},
		{
			"from": [7.6, 0.1, 6.7],
			"to": [8.4, 0.3, 9.3],
			"faces": {
				"north": {"uv": [5, 11.5, 5.375, 11.625], "texture": "#0"},
				"east": {"uv": [9.5, 7.5, 10.8125, 7.625], "texture": "#0"},
				"south": {"uv": [11.5, 5.5, 11.875, 5.625], "texture": "#0"},
				"west": {"uv": [8, 9.5, 9.3125, 9.625], "texture": "#0"},
				"up": {"uv": [8.375, 2.3125, 8, 1], "texture": "#0"},
				"down": {"uv": [8.375, 2.5, 8, 3.8125], "texture": "#0"}
			}
		},
		{
			"from": [7.7, -0.1, 7],
			"to": [8.3, 0.1, 9],
			"faces": {
				"north": {"uv": [11.5, 11.5, 11.8125, 11.625], "texture": "#0"},
				"east": {"uv": [10.5, 2, 11.5, 2.125], "texture": "#0"},
				"south": {"uv": [12, 0, 12.3125, 0.125], "texture": "#0"},
				"west": {"uv": [3.5, 10.5, 4.5, 10.625], "texture": "#0"},
				"up": {"uv": [8.8125, 2.5, 8.5, 1.5], "texture": "#0"},
				"down": {"uv": [8.8125, 2.5, 8.5, 3.5], "texture": "#0"}
			}
		},
		{
			"from": [7.8, -0.3, 7.3],
			"to": [8.2, -0.1, 8.7],
			"faces": {
				"north": {"uv": [4.5, 12, 4.6875, 12.125], "texture": "#0"},
				"east": {"uv": [11, 4.5, 11.6875, 4.625], "texture": "#0"},
				"south": {"uv": [12, 4.5, 12.1875, 4.625], "texture": "#0"},
				"west": {"uv": [11, 5, 11.6875, 5.125], "texture": "#0"},
				"up": {"uv": [10.1875, 10.6875, 10, 10], "texture": "#0"},
				"down": {"uv": [0.6875, 10.5, 0.5, 11.1875], "texture": "#0"}
			}
		},
		{
			"from": [7.5, 7.7, 6.1],
			"to": [8.5, 9.7, 9.9],
			"faces": {
				"north": {"uv": [7.5, 7.5, 8, 8.5], "texture": "#0"},
				"east": {"uv": [3, 0, 4.875, 1], "texture": "#0"},
				"south": {"uv": [8, 0, 8.5, 1], "texture": "#0"},
				"west": {"uv": [3, 1, 4.875, 2], "texture": "#0"},
				"up": {"uv": [6.5, 2.875, 6, 1], "texture": "#0"},
				"down": {"uv": [3.5, 6, 3, 7.875], "texture": "#0"}
			}
		},
		{
			"from": [7.6, 9.7, 6.4],
			"to": [8.4, 9.9, 9.6],
			"faces": {
				"north": {"uv": [11.5, 6, 11.875, 6.125], "texture": "#0"},
				"east": {"uv": [7.5, 9, 9.125, 9.125], "texture": "#0"},
				"south": {"uv": [11.5, 6.5, 11.875, 6.625], "texture": "#0"},
				"west": {"uv": [0, 9.5, 1.625, 9.625], "texture": "#0"},
				"up": {"uv": [6.875, 5.625, 6.5, 4], "texture": "#0"},
				"down": {"uv": [6.375, 6.5, 6, 8.125], "texture": "#0"}
			}
		},
		{
			"from": [7.7, 9.9, 6.5],
			"to": [8.3, 10.1, 9.5],
			"faces": {
				"north": {"uv": [12, 0.5, 12.3125, 0.625], "texture": "#0"},
				"east": {"uv": [9.5, 5, 11, 5.125], "texture": "#0"},
				"south": {"uv": [12, 1, 12.3125, 1.125], "texture": "#0"},
				"west": {"uv": [9.5, 5.5, 11, 5.625], "texture": "#0"},
				"up": {"uv": [3.3125, 9.5, 3, 8], "texture": "#0"},
				"down": {"uv": [3.8125, 8, 3.5, 9.5], "texture": "#0"}
			}
		},
		{
			"from": [7.9, 10.1, 6.7],
			"to": [8.1, 27.2, 9.3],
			"faces": {
				"north": {"uv": [5, 0, 5.125, 8.5625], "texture": "#0"},
				"east": {"uv": [0, 0, 1.3125, 8.5625], "texture": "#0"},
				"south": {"uv": [5.5, 0, 5.625, 8.5625], "texture": "#0"},
				"west": {"uv": [1.5, 0, 2.8125, 8.5625], "texture": "#0"},
				"up": {"uv": [9.625, 10.3125, 9.5, 9], "texture": "#0"},
				"down": {"uv": [0.125, 10, 0, 11.3125], "texture": "#0"}
			}
		},
		{
			"from": [7.9, 27.2, 6.8],
			"to": [8.1, 27.6, 9.2],
			"faces": {
				"north": {"uv": [5, 12, 5.125, 12.1875], "texture": "#0"},
				"east": {"uv": [9, 1.5, 10.1875, 1.6875], "texture": "#0"},
				"south": {"uv": [12, 5, 12.125, 5.1875], "texture": "#0"},
				"west": {"uv": [9, 2, 10.1875, 2.1875], "texture": "#0"},
				"up": {"uv": [8.125, 11.1875, 8, 10], "texture": "#0"},
				"down": {"uv": [8.625, 10, 8.5, 11.1875], "texture": "#0"}
			}
		},
		{
			"from": [7.9, 27.6, 6.9],
			"to": [8.1, 28, 9.1],
			"faces": {
				"north": {"uv": [5.5, 12, 5.625, 12.1875], "texture": "#0"},
				"east": {"uv": [9, 4, 10.125, 4.1875], "texture": "#0"},
				"south": {"uv": [12, 5.5, 12.125, 5.6875], "texture": "#0"},
				"west": {"uv": [9, 4.5, 10.125, 4.6875], "texture": "#0"},
				"up": {"uv": [10.125, 9.625, 10, 8.5], "texture": "#0"},
				"down": {"uv": [9.125, 10, 9, 11.125], "texture": "#0"}
			}
		},
		{
			"from": [7.9, 28, 7],
			"to": [8.1, 28.4, 9],
			"faces": {
				"north": {"uv": [6, 12, 6.125, 12.1875], "texture": "#0"},
				"east": {"uv": [4, 9.5, 5, 9.6875], "texture": "#0"},
				"south": {"uv": [12, 6, 12.125, 6.1875], "texture": "#0"},
				"west": {"uv": [6, 9.5, 7, 9.6875], "texture": "#0"},
				"up": {"uv": [10.625, 5, 10.5, 4], "texture": "#0"},
				"down": {"uv": [5.125, 10.5, 5, 11.5], "texture": "#0"}
			}
		},
		{
			"from": [7.9, 28.4, 7.1],
			"to": [8.1, 28.8, 8.9],
			"faces": {
				"north": {"uv": [6.5, 12, 6.625, 12.1875], "texture": "#0"},
				"east": {"uv": [9.5, 8, 10.375, 8.1875], "texture": "#0"},
				"south": {"uv": [12, 6.5, 12.125, 6.6875], "texture": "#0"},
				"west": {"uv": [10, 0, 10.875, 0.1875], "texture": "#0"},
				"up": {"uv": [10.625, 8.875, 10.5, 8], "texture": "#0"},
				"down": {"uv": [10.625, 9, 10.5, 9.875], "texture": "#0"}
			}
		},
		{
			"from": [7.9, 28.8, 7.2],
			"to": [8.1, 29.2, 8.8],
			"faces": {
				"north": {"uv": [7, 12, 7.125, 12.1875], "texture": "#0"},
				"east": {"uv": [6, 10, 6.8125, 10.1875], "texture": "#0"},
				"south": {"uv": [12, 7, 12.125, 7.1875], "texture": "#0"},
				"west": {"uv": [10, 6, 10.8125, 6.1875], "texture": "#0"},
				"up": {"uv": [9.625, 11.3125, 9.5, 10.5], "texture": "#0"},
				"down": {"uv": [10.625, 10, 10.5, 10.8125], "texture": "#0"}
			}
		},
		{
			"from": [7.9, 29.2, 7.3],
			"to": [8.1, 29.6, 8.7],
			"faces": {
				"north": {"uv": [7.5, 12, 7.625, 12.1875], "texture": "#0"},
				"east": {"uv": [10.5, 0.5, 11.1875, 0.6875], "texture": "#0"},
				"south": {"uv": [12, 7.5, 12.125, 7.6875], "texture": "#0"},
				"west": {"uv": [1, 10.5, 1.6875, 10.6875], "texture": "#0"},
				"up": {"uv": [5.625, 11.6875, 5.5, 11], "texture": "#0"},
				"down": {"uv": [11.125, 5.5, 11, 6.1875], "texture": "#0"}
			}
		},
		{
			"from": [7.9, 29.6, 7.4],
			"to": [8.1, 30, 8.6],
			"faces": {
				"north": {"uv": [8, 12, 8.125, 12.1875], "texture": "#0"},
				"east": {"uv": [5.5, 10.5, 6.125, 10.6875], "texture": "#0"},
				"south": {"uv": [12, 8, 12.125, 8.1875], "texture": "#0"},
				"west": {"uv": [6.5, 10.5, 7.125, 10.6875], "texture": "#0"},
				"up": {"uv": [7.625, 11.625, 7.5, 11], "texture": "#0"},
				"down": {"uv": [11.125, 8.5, 11, 9.125], "texture": "#0"}
			}
		},
		{
			"from": [7.9, 30, 7.5],
			"to": [8.1, 30.4, 8.5],
			"faces": {
				"north": {"uv": [8.5, 12, 8.625, 12.1875], "texture": "#0"},
				"east": {"uv": [11, 0, 11.5, 0.1875], "texture": "#0"},
				"south": {"uv": [12, 8.5, 12.125, 8.6875], "texture": "#0"},
				"west": {"uv": [1, 11, 1.5, 11.1875], "texture": "#0"},
				"up": {"uv": [11.625, 3, 11.5, 2.5], "texture": "#0"},
				"down": {"uv": [3.125, 11.5, 3, 12], "texture": "#0"}
			}
		},
		{
			"from": [7.9, 30.4, 7.6],
			"to": [8.1, 30.8, 8.4],
			"faces": {
				"north": {"uv": [9, 12, 9.125, 12.1875], "texture": "#0"},
				"east": {"uv": [11.5, 1.5, 11.875, 1.6875], "texture": "#0"},
				"south": {"uv": [12, 9, 12.125, 9.1875], "texture": "#0"},
				"west": {"uv": [2, 11.5, 2.375, 11.6875], "texture": "#0"},
				"up": {"uv": [11.625, 7.375, 11.5, 7], "texture": "#0"},
				"down": {"uv": [8.125, 11.5, 8, 11.875], "texture": "#0"}
			}
		},
		{
			"from": [7.9, 31.2, 7.8],
			"to": [8.1, 31.6, 8.2],
			"faces": {
				"north": {"uv": [9.5, 12, 9.625, 12.1875], "texture": "#0"},
				"east": {"uv": [3, 12, 3.1875, 12.1875], "texture": "#0"},
				"south": {"uv": [12, 9.5, 12.125, 9.6875], "texture": "#0"},
				"west": {"uv": [12, 3, 12.1875, 3.1875], "texture": "#0"},
				"up": {"uv": [10.125, 12.1875, 10, 12], "texture": "#0"},
				"down": {"uv": [12.125, 10, 12, 10.1875], "texture": "#0"}
			}
		},
		{
			"from": [7.9, 31.6, 7.9],
			"to": [8.1, 32, 8.1],
			"faces": {
				"north": {"uv": [10.5, 12, 10.625, 12.1875], "texture": "#0"},
				"east": {"uv": [12, 10.5, 12.125, 10.6875], "texture": "#0"},
				"south": {"uv": [11, 12, 11.125, 12.1875], "texture": "#0"},
				"west": {"uv": [12, 11, 12.125, 11.1875], "texture": "#0"},
				"up": {"uv": [7.125, 13.125, 7, 13], "texture": "#0"},
				"down": {"uv": [13.125, 7, 13, 7.125], "texture": "#0"}
			}
		},
		{
			"from": [7.9, 30.8, 7.7],
			"to": [8.1, 31.2, 8.3],
			"faces": {
				"north": {"uv": [11.5, 12, 11.625, 12.1875], "texture": "#0"},
				"east": {"uv": [11.5, 3, 11.8125, 3.1875], "texture": "#0"},
				"south": {"uv": [12, 11.5, 12.125, 11.6875], "texture": "#0"},
				"west": {"uv": [3.5, 11.5, 3.8125, 11.6875], "texture": "#0"},
				"up": {"uv": [1.625, 12.3125, 1.5, 12], "texture": "#0"},
				"down": {"uv": [12.125, 1.5, 12, 1.8125], "texture": "#0"}
			}
		},
		{
			"from": [7.8, 10.1, 7.2],
			"to": [8.2, 10.6, 8.8],
			"faces": {
				"north": {"uv": [8.5, 11.5, 8.6875, 11.75], "texture": "#0"},
				"east": {"uv": [9.5, 0.5, 10.3125, 0.75], "texture": "#0"},
				"south": {"uv": [11.5, 8.5, 11.6875, 8.75], "texture": "#0"},
				"west": {"uv": [9.5, 1, 10.3125, 1.25], "texture": "#0"},
				"up": {"uv": [4.6875, 10.8125, 4.5, 10], "texture": "#0"},
				"down": {"uv": [7.6875, 10, 7.5, 10.8125], "texture": "#0"}
			}
		},
		{
			"from": [8.2, 10.6, 7.6],
			"to": [8.2, 11.1, 8.4],
			"faces": {
				"north": {"uv": [0, 0, 0, 0.25], "texture": "#0"},
				"east": {"uv": [11, 1, 11.375, 1.25], "texture": "#0"},
				"south": {"uv": [0, 0, 0, 0.25], "texture": "#0"},
				"west": {"uv": [1.5, 11, 1.875, 11.25], "texture": "#0"},
				"up": {"uv": [0, 0.375, 0, 0], "texture": "#0"},
				"down": {"uv": [0, 0, 0, 0.375], "texture": "#0"}
			}
		},
		{
			"from": [7.8, 10.6, 7.6],
			"to": [7.8, 11.1, 8.4],
			"faces": {
				"north": {"uv": [0, 0, 0, 0.25], "texture": "#0"},
				"east": {"uv": [11, 1.5, 11.375, 1.75], "texture": "#0"},
				"south": {"uv": [0, 0, 0, 0.25], "texture": "#0"},
				"west": {"uv": [11, 2.5, 11.375, 2.75], "texture": "#0"},
				"up": {"uv": [0, 0.375, 0, 0], "texture": "#0"},
				"down": {"uv": [0, 0, 0, 0.375], "texture": "#0"}
			}
		},
		{
			"from": [7.95, 10.9, 9.3],
			"to": [8.05, 11.3, 9.5],
			"faces": {
				"north": {"uv": [8.5, 13, 8.5625, 13.1875], "texture": "#0"},
				"east": {"uv": [12, 12, 12.125, 12.1875], "texture": "#0"},
				"south": {"uv": [13, 8.5, 13.0625, 8.6875], "texture": "#0"},
				"west": {"uv": [0, 12.5, 0.125, 12.6875], "texture": "#0"},
				"up": {"uv": [2.5625, 14.125, 2.5, 14], "texture": "#0"},
				"down": {"uv": [14.0625, 2.5, 14, 2.625], "texture": "#0"}
			}
		},
		{
			"from": [7.95, 12.5, 9.3],
			"to": [8.05, 12.9, 9.5],
			"faces": {
				"north": {"uv": [9, 13, 9.0625, 13.1875], "texture": "#0"},
				"east": {"uv": [12.5, 0, 12.625, 0.1875], "texture": "#0"},
				"south": {"uv": [13, 9, 13.0625, 9.1875], "texture": "#0"},
				"west": {"uv": [0.5, 12.5, 0.625, 12.6875], "texture": "#0"},
				"up": {"uv": [3.0625, 14.125, 3, 14], "texture": "#0"},
				"down": {"uv": [14.0625, 3, 14, 3.125], "texture": "#0"}
			}
		},
		{
			"from": [7.95, 11.7, 9.3],
			"to": [8.05, 12.1, 9.5],
			"faces": {
				"north": {"uv": [9.5, 13, 9.5625, 13.1875], "texture": "#0"},
				"east": {"uv": [12.5, 0.5, 12.625, 0.6875], "texture": "#0"},
				"south": {"uv": [13, 9.5, 13.0625, 9.6875], "texture": "#0"},
				"west": {"uv": [1, 12.5, 1.125, 12.6875], "texture": "#0"},
				"up": {"uv": [3.5625, 14.125, 3.5, 14], "texture": "#0"},
				"down": {"uv": [14.0625, 3.5, 14, 3.625], "texture": "#0"}
			}
		},
		{
			"from": [7.95, 14.1, 9.3],
			"to": [8.05, 14.5, 9.5],
			"faces": {
				"north": {"uv": [10, 13, 10.0625, 13.1875], "texture": "#0"},
				"east": {"uv": [12.5, 1, 12.625, 1.1875], "texture": "#0"},
				"south": {"uv": [13, 10, 13.0625, 10.1875], "texture": "#0"},
				"west": {"uv": [1.5, 12.5, 1.625, 12.6875], "texture": "#0"},
				"up": {"uv": [4.0625, 14.125, 4, 14], "texture": "#0"},
				"down": {"uv": [14.0625, 4, 14, 4.125], "texture": "#0"}
			}
		},
		{
			"from": [7.95, 13.3, 9.3],
			"to": [8.05, 13.7, 9.5],
			"faces": {
				"north": {"uv": [10.5, 13, 10.5625, 13.1875], "texture": "#0"},
				"east": {"uv": [12.5, 1.5, 12.625, 1.6875], "texture": "#0"},
				"south": {"uv": [13, 10.5, 13.0625, 10.6875], "texture": "#0"},
				"west": {"uv": [2, 12.5, 2.125, 12.6875], "texture": "#0"},
				"up": {"uv": [4.5625, 14.125, 4.5, 14], "texture": "#0"},
				"down": {"uv": [14.0625, 4.5, 14, 4.625], "texture": "#0"}
			}
		},
		{
			"from": [7.95, 15.7, 9.3],
			"to": [8.05, 16.1, 9.5],
			"faces": {
				"north": {"uv": [11, 13, 11.0625, 13.1875], "texture": "#0"},
				"east": {"uv": [12.5, 2, 12.625, 2.1875], "texture": "#0"},
				"south": {"uv": [13, 11, 13.0625, 11.1875], "texture": "#0"},
				"west": {"uv": [2.5, 12.5, 2.625, 12.6875], "texture": "#0"},
				"up": {"uv": [5.0625, 14.125, 5, 14], "texture": "#0"},
				"down": {"uv": [14.0625, 5, 14, 5.125], "texture": "#0"}
			}
		},
		{
			"from": [7.95, 14.9, 9.3],
			"to": [8.05, 15.3, 9.5],
			"faces": {
				"north": {"uv": [11.5, 13, 11.5625, 13.1875], "texture": "#0"},
				"east": {"uv": [12.5, 2.5, 12.625, 2.6875], "texture": "#0"},
				"south": {"uv": [13, 11.5, 13.0625, 11.6875], "texture": "#0"},
				"west": {"uv": [3, 12.5, 3.125, 12.6875], "texture": "#0"},
				"up": {"uv": [5.5625, 14.125, 5.5, 14], "texture": "#0"},
				"down": {"uv": [14.0625, 5.5, 14, 5.625], "texture": "#0"}
			}
		},
		{
			"from": [7.95, 17.3, 9.3],
			"to": [8.05, 17.7, 9.5],
			"faces": {
				"north": {"uv": [12, 13, 12.0625, 13.1875], "texture": "#0"},
				"east": {"uv": [12.5, 3, 12.625, 3.1875], "texture": "#0"},
				"south": {"uv": [13, 12, 13.0625, 12.1875], "texture": "#0"},
				"west": {"uv": [3.5, 12.5, 3.625, 12.6875], "texture": "#0"},
				"up": {"uv": [6.0625, 14.125, 6, 14], "texture": "#0"},
				"down": {"uv": [14.0625, 6, 14, 6.125], "texture": "#0"}
			}
		},
		{
			"from": [7.95, 16.5, 9.3],
			"to": [8.05, 16.9, 9.5],
			"faces": {
				"north": {"uv": [12.5, 13, 12.5625, 13.1875], "texture": "#0"},
				"east": {"uv": [12.5, 3.5, 12.625, 3.6875], "texture": "#0"},
				"south": {"uv": [13, 12.5, 13.0625, 12.6875], "texture": "#0"},
				"west": {"uv": [4, 12.5, 4.125, 12.6875], "texture": "#0"},
				"up": {"uv": [6.5625, 14.125, 6.5, 14], "texture": "#0"},
				"down": {"uv": [14.0625, 6.5, 14, 6.625], "texture": "#0"}
			}
		},
		{
			"from": [7.95, 20.5, 9.3],
			"to": [8.05, 20.9, 9.5],
			"faces": {
				"north": {"uv": [13, 13, 13.0625, 13.1875], "texture": "#0"},
				"east": {"uv": [12.5, 4, 12.625, 4.1875], "texture": "#0"},
				"south": {"uv": [0, 13.5, 0.0625, 13.6875], "texture": "#0"},
				"west": {"uv": [4.5, 12.5, 4.625, 12.6875], "texture": "#0"},
				"up": {"uv": [7.0625, 14.125, 7, 14], "texture": "#0"},
				"down": {"uv": [14.0625, 7, 14, 7.125], "texture": "#0"}
			}
		},
		{
			"from": [7.95, 19.7, 9.3],
			"to": [8.05, 20.1, 9.5],
			"faces": {
				"north": {"uv": [13.5, 0, 13.5625, 0.1875], "texture": "#0"},
				"east": {"uv": [12.5, 4.5, 12.625, 4.6875], "texture": "#0"},
				"south": {"uv": [0.5, 13.5, 0.5625, 13.6875], "texture": "#0"},
				"west": {"uv": [5, 12.5, 5.125, 12.6875], "texture": "#0"},
				"up": {"uv": [7.5625, 14.125, 7.5, 14], "texture": "#0"},
				"down": {"uv": [14.0625, 7.5, 14, 7.625], "texture": "#0"}
			}
		},
		{
			"from": [7.95, 18.9, 9.3],
			"to": [8.05, 19.3, 9.5],
			"faces": {
				"north": {"uv": [13.5, 0.5, 13.5625, 0.6875], "texture": "#0"},
				"east": {"uv": [12.5, 5, 12.625, 5.1875], "texture": "#0"},
				"south": {"uv": [1, 13.5, 1.0625, 13.6875], "texture": "#0"},
				"west": {"uv": [5.5, 12.5, 5.625, 12.6875], "texture": "#0"},
				"up": {"uv": [8.0625, 14.125, 8, 14], "texture": "#0"},
				"down": {"uv": [14.0625, 8, 14, 8.125], "texture": "#0"}
			}
		},
		{
			"from": [7.95, 18.1, 9.3],
			"to": [8.05, 18.5, 9.5],
			"faces": {
				"north": {"uv": [13.5, 1, 13.5625, 1.1875], "texture": "#0"},
				"east": {"uv": [12.5, 5.5, 12.625, 5.6875], "texture": "#0"},
				"south": {"uv": [1.5, 13.5, 1.5625, 13.6875], "texture": "#0"},
				"west": {"uv": [6, 12.5, 6.125, 12.6875], "texture": "#0"},
				"up": {"uv": [8.5625, 14.125, 8.5, 14], "texture": "#0"},
				"down": {"uv": [14.0625, 8.5, 14, 8.625], "texture": "#0"}
			}
		},
		{
			"from": [7.95, 23.7, 9.3],
			"to": [8.05, 24.1, 9.5],
			"faces": {
				"north": {"uv": [13.5, 1.5, 13.5625, 1.6875], "texture": "#0"},
				"east": {"uv": [12.5, 6, 12.625, 6.1875], "texture": "#0"},
				"south": {"uv": [2, 13.5, 2.0625, 13.6875], "texture": "#0"},
				"west": {"uv": [6.5, 12.5, 6.625, 12.6875], "texture": "#0"},
				"up": {"uv": [9.0625, 14.125, 9, 14], "texture": "#0"},
				"down": {"uv": [14.0625, 9, 14, 9.125], "texture": "#0"}
			}
		},
		{
			"from": [7.95, 22.9, 9.3],
			"to": [8.05, 23.3, 9.5],
			"faces": {
				"north": {"uv": [13.5, 2, 13.5625, 2.1875], "texture": "#0"},
				"east": {"uv": [12.5, 6.5, 12.625, 6.6875], "texture": "#0"},
				"south": {"uv": [2.5, 13.5, 2.5625, 13.6875], "texture": "#0"},
				"west": {"uv": [7, 12.5, 7.125, 12.6875], "texture": "#0"},
				"up": {"uv": [9.5625, 14.125, 9.5, 14], "texture": "#0"},
				"down": {"uv": [14.0625, 9.5, 14, 9.625], "texture": "#0"}
			}
		},
		{
			"from": [7.95, 22.1, 9.3],
			"to": [8.05, 22.5, 9.5],
			"faces": {
				"north": {"uv": [13.5, 2.5, 13.5625, 2.6875], "texture": "#0"},
				"east": {"uv": [12.5, 7, 12.625, 7.1875], "texture": "#0"},
				"south": {"uv": [3, 13.5, 3.0625, 13.6875], "texture": "#0"},
				"west": {"uv": [7.5, 12.5, 7.625, 12.6875], "texture": "#0"},
				"up": {"uv": [10.0625, 14.125, 10, 14], "texture": "#0"},
				"down": {"uv": [14.0625, 10, 14, 10.125], "texture": "#0"}
			}
		},
		{
			"from": [7.95, 21.3, 9.3],
			"to": [8.05, 21.7, 9.5],
			"faces": {
				"north": {"uv": [13.5, 3, 13.5625, 3.1875], "texture": "#0"},
				"east": {"uv": [12.5, 7.5, 12.625, 7.6875], "texture": "#0"},
				"south": {"uv": [3.5, 13.5, 3.5625, 13.6875], "texture": "#0"},
				"west": {"uv": [8, 12.5, 8.125, 12.6875], "texture": "#0"},
				"up": {"uv": [10.5625, 14.125, 10.5, 14], "texture": "#0"},
				"down": {"uv": [14.0625, 10.5, 14, 10.625], "texture": "#0"}
			}
		},
		{
			"from": [7.95, 26.1, 9.3],
			"to": [8.05, 26.5, 9.5],
			"faces": {
				"north": {"uv": [13.5, 3.5, 13.5625, 3.6875], "texture": "#0"},
				"east": {"uv": [12.5, 8, 12.625, 8.1875], "texture": "#0"},
				"south": {"uv": [4, 13.5, 4.0625, 13.6875], "texture": "#0"},
				"west": {"uv": [8.5, 12.5, 8.625, 12.6875], "texture": "#0"},
				"up": {"uv": [11.0625, 14.125, 11, 14], "texture": "#0"},
				"down": {"uv": [14.0625, 11, 14, 11.125], "texture": "#0"}
			}
		},
		{
			"from": [7.95, 25.3, 9.3],
			"to": [8.05, 25.7, 9.5],
			"faces": {
				"north": {"uv": [13.5, 4, 13.5625, 4.1875], "texture": "#0"},
				"east": {"uv": [12.5, 8.5, 12.625, 8.6875], "texture": "#0"},
				"south": {"uv": [4.5, 13.5, 4.5625, 13.6875], "texture": "#0"},
				"west": {"uv": [9, 12.5, 9.125, 12.6875], "texture": "#0"},
				"up": {"uv": [11.5625, 14.125, 11.5, 14], "texture": "#0"},
				"down": {"uv": [14.0625, 11.5, 14, 11.625], "texture": "#0"}
			}
		},
		{
			"from": [7.95, 24.5, 9.3],
			"to": [8.05, 24.9, 9.5],
			"faces": {
				"north": {"uv": [13.5, 4.5, 13.5625, 4.6875], "texture": "#0"},
				"east": {"uv": [12.5, 9, 12.625, 9.1875], "texture": "#0"},
				"south": {"uv": [5, 13.5, 5.0625, 13.6875], "texture": "#0"},
				"west": {"uv": [9.5, 12.5, 9.625, 12.6875], "texture": "#0"},
				"up": {"uv": [12.0625, 14.125, 12, 14], "texture": "#0"},
				"down": {"uv": [14.0625, 12, 14, 12.125], "texture": "#0"}
			}
		},
		{
			"from": [7.95, 26.1, 6.5],
			"to": [8.05, 26.5, 6.7],
			"faces": {
				"north": {"uv": [13.5, 5, 13.5625, 5.1875], "texture": "#0"},
				"east": {"uv": [12.5, 9.5, 12.625, 9.6875], "texture": "#0"},
				"south": {"uv": [5.5, 13.5, 5.5625, 13.6875], "texture": "#0"},
				"west": {"uv": [10, 12.5, 10.125, 12.6875], "texture": "#0"},
				"up": {"uv": [12.5625, 14.125, 12.5, 14], "texture": "#0"},
				"down": {"uv": [14.0625, 12.5, 14, 12.625], "texture": "#0"}
			}
		},
		{
			"from": [7.95, 25.3, 6.5],
			"to": [8.05, 25.7, 6.7],
			"faces": {
				"north": {"uv": [13.5, 5.5, 13.5625, 5.6875], "texture": "#0"},
				"east": {"uv": [12.5, 10, 12.625, 10.1875], "texture": "#0"},
				"south": {"uv": [6, 13.5, 6.0625, 13.6875], "texture": "#0"},
				"west": {"uv": [10.5, 12.5, 10.625, 12.6875], "texture": "#0"},
				"up": {"uv": [13.0625, 14.125, 13, 14], "texture": "#0"},
				"down": {"uv": [14.0625, 13, 14, 13.125], "texture": "#0"}
			}
		},
		{
			"from": [7.95, 24.5, 6.5],
			"to": [8.05, 24.9, 6.7],
			"faces": {
				"north": {"uv": [13.5, 6, 13.5625, 6.1875], "texture": "#0"},
				"east": {"uv": [12.5, 10.5, 12.625, 10.6875], "texture": "#0"},
				"south": {"uv": [6.5, 13.5, 6.5625, 13.6875], "texture": "#0"},
				"west": {"uv": [11, 12.5, 11.125, 12.6875], "texture": "#0"},
				"up": {"uv": [13.5625, 14.125, 13.5, 14], "texture": "#0"},
				"down": {"uv": [14.0625, 13.5, 14, 13.625], "texture": "#0"}
			}
		},
		{
			"from": [7.95, 23.7, 6.5],
			"to": [8.05, 24.1, 6.7],
			"faces": {
				"north": {"uv": [13.5, 6.5, 13.5625, 6.6875], "texture": "#0"},
				"east": {"uv": [12.5, 11, 12.625, 11.1875], "texture": "#0"},
				"south": {"uv": [7, 13.5, 7.0625, 13.6875], "texture": "#0"},
				"west": {"uv": [11.5, 12.5, 11.625, 12.6875], "texture": "#0"},
				"up": {"uv": [14.0625, 14.125, 14, 14], "texture": "#0"},
				"down": {"uv": [0.0625, 14.5, 0, 14.625], "texture": "#0"}
			}
		},
		{
			"from": [7.95, 22.9, 6.5],
			"to": [8.05, 23.3, 6.7],
			"faces": {
				"north": {"uv": [13.5, 7, 13.5625, 7.1875], "texture": "#0"},
				"east": {"uv": [12.5, 11.5, 12.625, 11.6875], "texture": "#0"},
				"south": {"uv": [7.5, 13.5, 7.5625, 13.6875], "texture": "#0"},
				"west": {"uv": [12, 12.5, 12.125, 12.6875], "texture": "#0"},
				"up": {"uv": [14.5625, 0.125, 14.5, 0], "texture": "#0"},
				"down": {"uv": [0.5625, 14.5, 0.5, 14.625], "texture": "#0"}
			}
		},
		{
			"from": [7.95, 22.1, 6.5],
			"to": [8.05, 22.5, 6.7],
			"faces": {
				"north": {"uv": [13.5, 7.5, 13.5625, 7.6875], "texture": "#0"},
				"east": {"uv": [12.5, 12, 12.625, 12.1875], "texture": "#0"},
				"south": {"uv": [8, 13.5, 8.0625, 13.6875], "texture": "#0"},
				"west": {"uv": [12.5, 12.5, 12.625, 12.6875], "texture": "#0"},
				"up": {"uv": [14.5625, 0.625, 14.5, 0.5], "texture": "#0"},
				"down": {"uv": [1.0625, 14.5, 1, 14.625], "texture": "#0"}
			}
		},
		{
			"from": [7.95, 21.3, 6.5],
			"to": [8.05, 21.7, 6.7],
			"faces": {
				"north": {"uv": [13.5, 8, 13.5625, 8.1875], "texture": "#0"},
				"east": {"uv": [0, 13, 0.125, 13.1875], "texture": "#0"},
				"south": {"uv": [8.5, 13.5, 8.5625, 13.6875], "texture": "#0"},
				"west": {"uv": [13, 0, 13.125, 0.1875], "texture": "#0"},
				"up": {"uv": [14.5625, 1.125, 14.5, 1], "texture": "#0"},
				"down": {"uv": [1.5625, 14.5, 1.5, 14.625], "texture": "#0"}
			}
		},
		{
			"from": [7.95, 20.5, 6.5],
			"to": [8.05, 20.9, 6.7],
			"faces": {
				"north": {"uv": [13.5, 8.5, 13.5625, 8.6875], "texture": "#0"},
				"east": {"uv": [0.5, 13, 0.625, 13.1875], "texture": "#0"},
				"south": {"uv": [9, 13.5, 9.0625, 13.6875], "texture": "#0"},
				"west": {"uv": [13, 0.5, 13.125, 0.6875], "texture": "#0"},
				"up": {"uv": [14.5625, 1.625, 14.5, 1.5], "texture": "#0"},
				"down": {"uv": [2.0625, 14.5, 2, 14.625], "texture": "#0"}
			}
		},
		{
			"from": [7.95, 19.7, 6.5],
			"to": [8.05, 20.1, 6.7],
			"faces": {
				"north": {"uv": [13.5, 9, 13.5625, 9.1875], "texture": "#0"},
				"east": {"uv": [1, 13, 1.125, 13.1875], "texture": "#0"},
				"south": {"uv": [9.5, 13.5, 9.5625, 13.6875], "texture": "#0"},
				"west": {"uv": [13, 1, 13.125, 1.1875], "texture": "#0"},
				"up": {"uv": [14.5625, 2.125, 14.5, 2], "texture": "#0"},
				"down": {"uv": [2.5625, 14.5, 2.5, 14.625], "texture": "#0"}
			}
		},
		{
			"from": [7.95, 18.9, 6.5],
			"to": [8.05, 19.3, 6.7],
			"faces": {
				"north": {"uv": [13.5, 9.5, 13.5625, 9.6875], "texture": "#0"},
				"east": {"uv": [1.5, 13, 1.625, 13.1875], "texture": "#0"},
				"south": {"uv": [10, 13.5, 10.0625, 13.6875], "texture": "#0"},
				"west": {"uv": [13, 1.5, 13.125, 1.6875], "texture": "#0"},
				"up": {"uv": [14.5625, 2.625, 14.5, 2.5], "texture": "#0"},
				"down": {"uv": [3.0625, 14.5, 3, 14.625], "texture": "#0"}
			}
		},
		{
			"from": [7.95, 18.1, 6.5],
			"to": [8.05, 18.5, 6.7],
			"faces": {
				"north": {"uv": [13.5, 10, 13.5625, 10.1875], "texture": "#0"},
				"east": {"uv": [2, 13, 2.125, 13.1875], "texture": "#0"},
				"south": {"uv": [10.5, 13.5, 10.5625, 13.6875], "texture": "#0"},
				"west": {"uv": [13, 2, 13.125, 2.1875], "texture": "#0"},
				"up": {"uv": [14.5625, 3.125, 14.5, 3], "texture": "#0"},
				"down": {"uv": [3.5625, 14.5, 3.5, 14.625], "texture": "#0"}
			}
		},
		{
			"from": [7.95, 17.3, 6.5],
			"to": [8.05, 17.7, 6.7],
			"faces": {
				"north": {"uv": [13.5, 10.5, 13.5625, 10.6875], "texture": "#0"},
				"east": {"uv": [2.5, 13, 2.625, 13.1875], "texture": "#0"},
				"south": {"uv": [11, 13.5, 11.0625, 13.6875], "texture": "#0"},
				"west": {"uv": [13, 2.5, 13.125, 2.6875], "texture": "#0"},
				"up": {"uv": [14.5625, 3.625, 14.5, 3.5], "texture": "#0"},
				"down": {"uv": [4.0625, 14.5, 4, 14.625], "texture": "#0"}
			}
		},
		{
			"from": [7.95, 16.5, 6.5],
			"to": [8.05, 16.9, 6.7],
			"faces": {
				"north": {"uv": [13.5, 11, 13.5625, 11.1875], "texture": "#0"},
				"east": {"uv": [3, 13, 3.125, 13.1875], "texture": "#0"},
				"south": {"uv": [11.5, 13.5, 11.5625, 13.6875], "texture": "#0"},
				"west": {"uv": [13, 3, 13.125, 3.1875], "texture": "#0"},
				"up": {"uv": [14.5625, 4.125, 14.5, 4], "texture": "#0"},
				"down": {"uv": [4.5625, 14.5, 4.5, 14.625], "texture": "#0"}
			}
		},
		{
			"from": [7.95, 15.7, 6.5],
			"to": [8.05, 16.1, 6.7],
			"faces": {
				"north": {"uv": [13.5, 11.5, 13.5625, 11.6875], "texture": "#0"},
				"east": {"uv": [3.5, 13, 3.625, 13.1875], "texture": "#0"},
				"south": {"uv": [12, 13.5, 12.0625, 13.6875], "texture": "#0"},
				"west": {"uv": [13, 3.5, 13.125, 3.6875], "texture": "#0"},
				"up": {"uv": [14.5625, 4.625, 14.5, 4.5], "texture": "#0"},
				"down": {"uv": [5.0625, 14.5, 5, 14.625], "texture": "#0"}
			}
		},
		{
			"from": [7.95, 14.9, 6.5],
			"to": [8.05, 15.3, 6.7],
			"faces": {
				"north": {"uv": [13.5, 12, 13.5625, 12.1875], "texture": "#0"},
				"east": {"uv": [4, 13, 4.125, 13.1875], "texture": "#0"},
				"south": {"uv": [12.5, 13.5, 12.5625, 13.6875], "texture": "#0"},
				"west": {"uv": [13, 4, 13.125, 4.1875], "texture": "#0"},
				"up": {"uv": [14.5625, 5.125, 14.5, 5], "texture": "#0"},
				"down": {"uv": [5.5625, 14.5, 5.5, 14.625], "texture": "#0"}
			}
		},
		{
			"from": [7.95, 14.1, 6.5],
			"to": [8.05, 14.5, 6.7],
			"faces": {
				"north": {"uv": [13.5, 12.5, 13.5625, 12.6875], "texture": "#0"},
				"east": {"uv": [4.5, 13, 4.625, 13.1875], "texture": "#0"},
				"south": {"uv": [13, 13.5, 13.0625, 13.6875], "texture": "#0"},
				"west": {"uv": [13, 4.5, 13.125, 4.6875], "texture": "#0"},
				"up": {"uv": [14.5625, 5.625, 14.5, 5.5], "texture": "#0"},
				"down": {"uv": [6.0625, 14.5, 6, 14.625], "texture": "#0"}
			}
		},
		{
			"from": [7.95, 13.3, 6.5],
			"to": [8.05, 13.7, 6.7],
			"faces": {
				"north": {"uv": [13.5, 13, 13.5625, 13.1875], "texture": "#0"},
				"east": {"uv": [5, 13, 5.125, 13.1875], "texture": "#0"},
				"south": {"uv": [13.5, 13.5, 13.5625, 13.6875], "texture": "#0"},
				"west": {"uv": [13, 5, 13.125, 5.1875], "texture": "#0"},
				"up": {"uv": [14.5625, 6.125, 14.5, 6], "texture": "#0"},
				"down": {"uv": [6.5625, 14.5, 6.5, 14.625], "texture": "#0"}
			}
		},
		{
			"from": [7.95, 12.5, 6.5],
			"to": [8.05, 12.9, 6.7],
			"faces": {
				"north": {"uv": [0, 14, 0.0625, 14.1875], "texture": "#0"},
				"east": {"uv": [5.5, 13, 5.625, 13.1875], "texture": "#0"},
				"south": {"uv": [14, 0, 14.0625, 0.1875], "texture": "#0"},
				"west": {"uv": [13, 5.5, 13.125, 5.6875], "texture": "#0"},
				"up": {"uv": [14.5625, 6.625, 14.5, 6.5], "texture": "#0"},
				"down": {"uv": [7.0625, 14.5, 7, 14.625], "texture": "#0"}
			}
		},
		{
			"from": [7.95, 11.7, 6.5],
			"to": [8.05, 12.1, 6.7],
			"faces": {
				"north": {"uv": [0.5, 14, 0.5625, 14.1875], "texture": "#0"},
				"east": {"uv": [6, 13, 6.125, 13.1875], "texture": "#0"},
				"south": {"uv": [14, 0.5, 14.0625, 0.6875], "texture": "#0"},
				"west": {"uv": [13, 6, 13.125, 6.1875], "texture": "#0"},
				"up": {"uv": [14.5625, 7.125, 14.5, 7], "texture": "#0"},
				"down": {"uv": [7.5625, 14.5, 7.5, 14.625], "texture": "#0"}
			}
		},
		{
			"from": [7.95, 10.9, 6.5],
			"to": [8.05, 11.3, 6.7],
			"faces": {
				"north": {"uv": [1, 14, 1.0625, 14.1875], "texture": "#0"},
				"east": {"uv": [6.5, 13, 6.625, 13.1875], "texture": "#0"},
				"south": {"uv": [14, 1, 14.0625, 1.1875], "texture": "#0"},
				"west": {"uv": [13, 6.5, 13.125, 6.6875], "texture": "#0"},
				"up": {"uv": [14.5625, 7.625, 14.5, 7.5], "texture": "#0"},
				"down": {"uv": [8.0625, 14.5, 8, 14.625], "texture": "#0"}
			}
		},
		{
			"from": [7.7, 8.1, 10],
			"to": [8.3, 9.3, 10.3],
			"faces": {
				"north": {"uv": [2, 9.5, 2.3125, 10.125], "texture": "#0"},
				"east": {"uv": [11, 9.5, 11.125, 10.125], "texture": "#0"},
				"south": {"uv": [2.5, 9.5, 2.8125, 10.125], "texture": "#0"},
				"west": {"uv": [10, 11, 10.125, 11.625], "texture": "#0"},
				"up": {"uv": [2.3125, 12.125, 2, 12], "texture": "#0"},
				"down": {"uv": [12.3125, 2, 12, 2.125], "texture": "#0"}
			}
		},
		{
			"from": [7.7, 8.1, 5.7],
			"to": [8.3, 9.3, 5.9],
			"faces": {
				"north": {"uv": [3, 9.5, 3.3125, 10.125], "texture": "#0"},
				"east": {"uv": [10.5, 11, 10.625, 11.625], "texture": "#0"},
				"south": {"uv": [3.5, 9.5, 3.8125, 10.125], "texture": "#0"},
				"west": {"uv": [11, 10.5, 11.125, 11.125], "texture": "#0"},
				"up": {"uv": [2.8125, 12.125, 2.5, 12], "texture": "#0"},
				"down": {"uv": [12.3125, 2.5, 12, 2.625], "texture": "#0"}
			}
		},
		{
			"from": [7.8, 8.7, 4.3],
			"to": [8.2, 9.3, 5.7],
			"faces": {
				"north": {"uv": [11.5, 3.5, 11.6875, 3.8125], "texture": "#0"},
				"east": {"uv": [2, 9, 2.6875, 9.3125], "texture": "#0"},
				"south": {"uv": [4, 11.5, 4.1875, 11.8125], "texture": "#0"},
				"west": {"uv": [9, 2.5, 9.6875, 2.8125], "texture": "#0"},
				"up": {"uv": [10.6875, 1.6875, 10.5, 1], "texture": "#0"},
				"down": {"uv": [2.1875, 10.5, 2, 11.1875], "texture": "#0"}
			}
		},
		{
			"from": [7.8, 8.7, 10.3],
			"to": [8.2, 9.3, 11.7],
			"faces": {
				"north": {"uv": [11.5, 4, 11.6875, 4.3125], "texture": "#0"},
				"east": {"uv": [9, 3, 9.6875, 3.3125], "texture": "#0"},
				"south": {"uv": [4.5, 11.5, 4.6875, 11.8125], "texture": "#0"},
				"west": {"uv": [9, 3.5, 9.6875, 3.8125], "texture": "#0"},
				"up": {"uv": [2.6875, 11.1875, 2.5, 10.5], "texture": "#0"},
				"down": {"uv": [3.1875, 10.5, 3, 11.1875], "texture": "#0"}
			}
		},
		{
			"from": [7.9, 8.8, 3.1],
			"to": [8.1, 9.3, 4.3],
			"faces": {
				"north": {"uv": [3.5, 12, 3.625, 12.25], "texture": "#0"},
				"east": {"uv": [0.5, 10, 1.125, 10.25], "texture": "#0"},
				"south": {"uv": [12, 3.5, 12.125, 3.75], "texture": "#0"},
				"west": {"uv": [10, 2.5, 10.625, 2.75], "texture": "#0"},
				"up": {"uv": [0.125, 12.125, 0, 11.5], "texture": "#0"},
				"down": {"uv": [11.625, 0, 11.5, 0.625], "texture": "#0"}
			}
		},
		{
			"from": [7.95, 9.3, 2.8],
			"to": [8.05, 9.8, 3.2],
			"faces": {
				"north": {"uv": [7.5, 13, 7.5625, 13.25], "texture": "#0"},
				"east": {"uv": [9, 11.5, 9.1875, 11.75], "texture": "#0"},
				"south": {"uv": [13, 7.5, 13.0625, 7.75], "texture": "#0"},
				"west": {"uv": [11.5, 9, 11.6875, 9.25], "texture": "#0"},
				"up": {"uv": [1.5625, 14.1875, 1.5, 14], "texture": "#0"},
				"down": {"uv": [14.0625, 1.5, 14, 1.6875], "texture": "#0"}
			}
		},
		{
			"from": [7.95, 9.3, 12.8],
			"to": [8.05, 9.8, 13.2],
			"faces": {
				"north": {"uv": [8, 13, 8.0625, 13.25], "texture": "#0"},
				"east": {"uv": [9.5, 11.5, 9.6875, 11.75], "texture": "#0"},
				"south": {"uv": [13, 8, 13.0625, 8.25], "texture": "#0"},
				"west": {"uv": [11.5, 9.5, 11.6875, 9.75], "texture": "#0"},
				"up": {"uv": [2.0625, 14.1875, 2, 14], "texture": "#0"},
				"down": {"uv": [14.0625, 2, 14, 2.1875], "texture": "#0"}
			}
		},
		{
			"from": [7.9, 8.8, 11.7],
			"to": [8.1, 9.3, 12.9],
			"faces": {
				"north": {"uv": [4, 12, 4.125, 12.25], "texture": "#0"},
				"east": {"uv": [10, 3, 10.625, 3.25], "texture": "#0"},
				"south": {"uv": [12, 4, 12.125, 4.25], "texture": "#0"},
				"west": {"uv": [10, 3.5, 10.625, 3.75], "texture": "#0"},
				"up": {"uv": [0.625, 12.125, 0.5, 11.5], "texture": "#0"},
				"down": {"uv": [1.125, 11.5, 1, 12.125], "texture": "#0"}
			}
		},
		{
			"from": [7.6, 8, 9.9],
			"to": [8.4, 9.4, 10.1],
			"faces": {
				"north": {"uv": [8.5, 3.5, 8.875, 4.1875], "texture": "#0"},
				"east": {"uv": [6, 11, 6.125, 11.6875], "texture": "#0"},
				"south": {"uv": [8.5, 4.5, 8.875, 5.1875], "texture": "#0"},
				"west": {"uv": [6.5, 11, 6.625, 11.6875], "texture": "#0"},
				"up": {"uv": [11.875, 10.125, 11.5, 10], "texture": "#0"},
				"down": {"uv": [11.875, 10.5, 11.5, 10.625], "texture": "#0"}
			}
		},
		{
			"from": [7.6, 8, 5.9],
			"to": [8.4, 9.4, 6.1],
			"faces": {
				"north": {"uv": [6, 8.5, 6.375, 9.1875], "texture": "#0"},
				"east": {"uv": [11, 6.5, 11.125, 7.1875], "texture": "#0"},
				"south": {"uv": [8.5, 6.5, 8.875, 7.1875], "texture": "#0"},
				"west": {"uv": [7, 11, 7.125, 11.6875], "texture": "#0"},
				"up": {"uv": [11.375, 11.625, 11, 11.5], "texture": "#0"},
				"down": {"uv": [11.875, 11, 11.5, 11.125], "texture": "#0"}
			}
		},
		{
			"from": [7.5, 1.7, 6.3],
			"to": [8.5, 2.7, 9.7],
			"faces": {
				"north": {"uv": [8.5, 5.5, 9, 6], "texture": "#0"},
				"east": {"uv": [6, 3, 7.6875, 3.5], "texture": "#0"},
				"south": {"uv": [7.5, 8.5, 8, 9], "texture": "#0"},
				"west": {"uv": [6, 3.5, 7.6875, 4], "texture": "#0"},
				"up": {"uv": [4, 7.6875, 3.5, 6], "texture": "#0"},
				"down": {"uv": [4.5, 6, 4, 7.6875], "texture": "#0"}
			}
		},
		{
			"from": [7.6, 2.7, 6.5],
			"to": [8.4, 3.7, 9.5],
			"faces": {
				"north": {"uv": [9.5, 6, 9.875, 6.5], "texture": "#0"},
				"east": {"uv": [6, 6, 7.5, 6.5], "texture": "#0"},
				"south": {"uv": [7.5, 9.5, 7.875, 10], "texture": "#0"},
				"west": {"uv": [6.5, 1, 8, 1.5], "texture": "#0"},
				"up": {"uv": [6.875, 8, 6.5, 6.5], "texture": "#0"},
				"down": {"uv": [7.375, 4, 7, 5.5], "texture": "#0"}
			}
		},
		{
			"from": [7.7, 3.7, 6.7],
			"to": [8.3, 4.7, 9.3],
			"faces": {
				"north": {"uv": [1.5, 10, 1.8125, 10.5], "texture": "#0"},
				"east": {"uv": [6.5, 1.5, 7.8125, 2], "texture": "#0"},
				"south": {"uv": [4, 10, 4.3125, 10.5], "texture": "#0"},
				"west": {"uv": [6.5, 2, 7.8125, 2.5], "texture": "#0"},
				"up": {"uv": [4.3125, 9.3125, 4, 8], "texture": "#0"},
				"down": {"uv": [8.3125, 4, 8, 5.3125], "texture": "#0"}
			}
		},
		{
			"from": [7.7, 6.7, 6.7],
			"to": [8.3, 7.2, 9.3],
			"faces": {
				"north": {"uv": [11.5, 1, 11.8125, 1.25], "texture": "#0"},
				"east": {"uv": [8, 8, 9.3125, 8.25], "texture": "#0"},
				"south": {"uv": [1.5, 11.5, 1.8125, 11.75], "texture": "#0"},
				"west": {"uv": [8.5, 0, 9.8125, 0.25], "texture": "#0"},
				"up": {"uv": [4.8125, 9.3125, 4.5, 8], "texture": "#0"},
				"down": {"uv": [6.8125, 8, 6.5, 9.3125], "texture": "#0"}
			}
		},
		{
			"from": [7.6, 7.2, 6.6],
			"to": [8.4, 7.7, 9.4],
			"faces": {
				"north": {"uv": [11, 3, 11.375, 3.25], "texture": "#0"},
				"east": {"uv": [7.5, 6, 8.875, 6.25], "texture": "#0"},
				"south": {"uv": [3.5, 11, 3.875, 11.25], "texture": "#0"},
				"west": {"uv": [8, 7.5, 9.375, 7.75], "texture": "#0"},
				"up": {"uv": [7.875, 5.375, 7.5, 4], "texture": "#0"},
				"down": {"uv": [7.375, 7.5, 7, 8.875], "texture": "#0"}
			}
		},
		{
			"from": [7.8, 4.7, 6.9],
			"to": [8.2, 5.7, 9.1],
			"faces": {
				"north": {"uv": [11, 3.5, 11.1875, 4], "texture": "#0"},
				"east": {"uv": [6.5, 2.5, 7.625, 3], "texture": "#0"},
				"south": {"uv": [4, 11, 4.1875, 11.5], "texture": "#0"},
				"west": {"uv": [7, 5.5, 8.125, 6], "texture": "#0"},
				"up": {"uv": [5.1875, 10.125, 5, 9], "texture": "#0"},
				"down": {"uv": [9.1875, 5, 9, 6.125], "texture": "#0"}
			}
		},
		{
			"from": [7.8, 5.7, 6.9],
			"to": [8.2, 6.7, 9.1],
			"faces": {
				"north": {"uv": [11, 4, 11.1875, 4.5], "texture": "#0"},
				"east": {"uv": [7, 6.5, 8.125, 7], "texture": "#0"},
				"south": {"uv": [4.5, 11, 4.6875, 11.5], "texture": "#0"},
				"west": {"uv": [7, 7, 8.125, 7.5], "texture": "#0"},
				"up": {"uv": [5.6875, 10.125, 5.5, 9], "texture": "#0"},
				"down": {"uv": [7.1875, 9, 7, 10.125], "texture": "#0"}
			}
		}
	],
	"display": {
		"thirdperson_righthand": {
			"translation": [0, 5.75, 1.5],
			"scale": [0.75, 0.75, 0.75]
		},
		"thirdperson_lefthand": {
			"translation": [0, 5.75, 1.5],
			"scale": [0.75, 0.75, 0.75]
		},
		"firstperson_righthand": {
			"rotation": [-55, 0, 0]
		},
		"firstperson_lefthand": {
			"rotation": [-55, 0, 0]
		},
		"ground": {
			"translation": [0, 2.75, 0],
			"scale": [0.75, 0.75, 0.75]
		},
		"gui": {
			"rotation": [90, 45, -90],
			"translation": [-3, -3, 0],
			"scale": [0.6, 0.6, 0.6]
		},
		"head": {
			"rotation": [-26.68, 66.38, -124.7],
			"translation": [-10.5, 18.25, 9]
		},
		"fixed": {
			"rotation": [0, 90, 0],
			"translation": [0, -6, 0],
			"scale": [0.7, 0.7, 0.7]
		}
	},
	"groups": [
		{
			"name": "group",
			"origin": [8, 8, 8],
			"color": 0,
			"children": [0, 1, 2, 3, 4, 5, 6, 7, 8, 9, 10, 11, 12, 13, 14, 15, 16, 17, 18, 19, 20, 21, 22, 23, 24, 25, 26, 27, 28, 29, 30, 31, 32, 33, 34, 35, 36, 37, 38, 39, 40, 41, 42, 43, 44, 45, 46, 47, 48, 49, 50, 51, 52, 53, 54, 55, 56, 57, 58, 59, 60, 61, 62, 63, 64, 65, 66, 67, 68, 69, 70, 71, 72, 73, 74, 75, 76, 77, 78, 79, 80, 81]
		}
	]
}