{
	"credit": "Made with Blockbench",
	"texture_size": [32, 32],
	"textures": {
		"0": "item/stone_axe",
		"1": "item/stone_axe2",
		"particle": "item/stone_axe"
	},
	"elements": [
		{
			"from": [7.6, -15, 7.6],
			"to": [8.4, -11.3, 8.4],
			"faces": {
				"north": {"uv": [6, 10, 6.375, 11.875], "texture": "#0"},
				"east": {"uv": [6.5, 10, 6.875, 11.875], "texture": "#0"},
				"south": {"uv": [7, 10, 7.375, 11.875], "texture": "#0"},
				"west": {"uv": [7.5, 10, 7.875, 11.875], "texture": "#0"},
				"up": {"uv": [2.375, 6.375, 2, 6], "texture": "#0"},
				"down": {"uv": [2.375, 6.5, 2, 6.875], "texture": "#0"}
			}
		},
		{
			"from": [7.7, -11.3, 7.7],
			"to": [8.3, -2.3, 8.3],
			"faces": {
				"north": {"uv": [5, 9, 5.3125, 13.5], "texture": "#0"},
				"east": {"uv": [5.5, 9, 5.8125, 13.5], "texture": "#0"},
				"south": {"uv": [1.5, 10, 1.8125, 14.5], "texture": "#0"},
				"west": {"uv": [10, 4, 10.3125, 8.5], "texture": "#0"},
				"up": {"uv": [3.3125, 12.3125, 3, 12], "texture": "#0"},
				"down": {"uv": [12.3125, 3, 12, 3.3125], "texture": "#0"}
			}
		},
		{
			"from": [7.8, -2.3, 7.8],
			"to": [8.2, 0.9, 8.2],
			"faces": {
				"north": {"uv": [0, 4, 0.1875, 5.625], "texture": "#1"},
				"east": {"uv": [4, 0, 4.1875, 1.625], "texture": "#1"},
				"south": {"uv": [0.5, 4, 0.6875, 5.625], "texture": "#1"},
				"west": {"uv": [1, 4, 1.1875, 5.625], "texture": "#1"},
				"up": {"uv": [7.1875, 7.6875, 7, 7.5], "texture": "#1"},
				"down": {"uv": [7.6875, 7, 7.5, 7.1875], "texture": "#1"}
			}
		},
		{
			"from": [7.8, 0.9, 7.9],
			"to": [8.2, 2.1, 8.1],
			"faces": {
				"north": {"uv": [6, 3, 6.1875, 3.625], "texture": "#1"},
				"east": {"uv": [0.5, 7, 0.625, 7.625], "texture": "#1"},
				"south": {"uv": [4, 6, 4.1875, 6.625], "texture": "#1"},
				"west": {"uv": [7, 0.5, 7.125, 1.125], "texture": "#1"},
				"up": {"uv": [3.6875, 9.125, 3.5, 9], "texture": "#1"},
				"down": {"uv": [9.1875, 3.5, 9, 3.625], "texture": "#1"}
			}
		},
		{
			"from": [7.8, 2.05, 7.9],
			"to": [8.2, 3.25, 8.1],
			"faces": {
				"north": {"uv": [6, 4, 6.1875, 4.625], "texture": "#1"},
				"east": {"uv": [1, 7, 1.125, 7.625], "texture": "#1"},
				"south": {"uv": [5, 6, 5.1875, 6.625], "texture": "#1"},
				"west": {"uv": [1.5, 7, 1.625, 7.625], "texture": "#1"},
				"up": {"uv": [4.1875, 9.125, 4, 9], "texture": "#1"},
				"down": {"uv": [9.1875, 4, 9, 4.125], "texture": "#1"}
			}
		},
		{
			"from": [7.9, 0.85, 7.7],
			"to": [8.1, 3.25, 7.9],
			"faces": {
				"north": {"uv": [5.5, 1, 5.625, 2.1875], "texture": "#1"},
				"east": {"uv": [1.5, 5.5, 1.625, 6.6875], "texture": "#1"},
				"south": {"uv": [2, 5.5, 2.125, 6.6875], "texture": "#1"},
				"west": {"uv": [2.5, 5.5, 2.625, 6.6875], "texture": "#1"},
				"up": {"uv": [7.625, 9.125, 7.5, 9], "texture": "#1"},
				"down": {"uv": [9.125, 7.5, 9, 7.625], "texture": "#1"}
			}
		},
		{
			"from": [7.8, 1.15, 7.5],
			"to": [8.2, 2.95, 7.7],
			"faces": {
				"north": {"uv": [4, 5, 4.1875, 5.875], "texture": "#1"},
				"east": {"uv": [6, 5, 6.125, 5.875], "texture": "#1"},
				"south": {"uv": [5, 4, 5.1875, 4.875], "texture": "#1"},
				"west": {"uv": [6, 6, 6.125, 6.875], "texture": "#1"},
				"up": {"uv": [4.6875, 9.125, 4.5, 9], "texture": "#1"},
				"down": {"uv": [9.1875, 4.5, 9, 4.625], "texture": "#1"}
			}
		},
		{
			"from": [7.8, 1.15, 8.3],
			"to": [8.2, 2.95, 8.5],
			"faces": {
				"north": {"uv": [5, 5, 5.1875, 5.875], "texture": "#1"},
				"east": {"uv": [6.5, 0, 6.625, 0.875], "texture": "#1"},
				"south": {"uv": [5.5, 0, 5.6875, 0.875], "texture": "#1"},
				"west": {"uv": [6.5, 1, 6.625, 1.875], "texture": "#1"},
				"up": {"uv": [5.1875, 9.125, 5, 9], "texture": "#1"},
				"down": {"uv": [9.1875, 5, 9, 5.125], "texture": "#1"}
			}
		},
		{
			"from": [7.8, 0.65, 8.5],
			"to": [8.2, 3.45, 8.9],
			"faces": {
				"north": {"uv": [1.5, 4, 1.6875, 5.375], "texture": "#1"},
				"east": {"uv": [2, 4, 2.1875, 5.375], "texture": "#1"},
				"south": {"uv": [4, 2, 4.1875, 3.375], "texture": "#1"},
				"west": {"uv": [2.5, 4, 2.6875, 5.375], "texture": "#1"},
				"up": {"uv": [0.6875, 8.1875, 0.5, 8], "texture": "#1"},
				"down": {"uv": [8.1875, 0.5, 8, 0.6875], "texture": "#1"}
			}
		},
		{
			"from": [7.8, 0.65, 7.1],
			"to": [8.2, 3.45, 7.5],
			"faces": {
				"north": {"uv": [3, 4, 3.1875, 5.375], "texture": "#1"},
				"east": {"uv": [3.5, 4, 3.6875, 5.375], "texture": "#1"},
				"south": {"uv": [4, 3.5, 4.1875, 4.875], "texture": "#1"},
				"west": {"uv": [4.5, 0, 4.6875, 1.375], "texture": "#1"},
				"up": {"uv": [1.1875, 8.1875, 1, 8], "texture": "#1"},
				"down": {"uv": [8.1875, 1, 8, 1.1875], "texture": "#1"}
			}
		},
		{
			"from": [7.7, 0.35, 8.9],
			"to": [8.3, 3.75, 9.5],
			"faces": {
				"north": {"uv": [0, 2, 0.3125, 3.6875], "texture": "#1"},
				"east": {"uv": [2, 0, 2.3125, 1.6875], "texture": "#1"},
				"south": {"uv": [0.5, 2, 0.8125, 3.6875], "texture": "#1"},
				"west": {"uv": [1, 2, 1.3125, 3.6875], "texture": "#1"},
				"up": {"uv": [6.8125, 3.3125, 6.5, 3], "texture": "#1"},
				"down": {"uv": [6.8125, 3.5, 6.5, 3.8125], "texture": "#1"}
			}
		},
		{
			"from": [7.7, 0.35, 6.5],
			"to": [8.3, 3.75, 7.1],
			"faces": {
				"north": {"uv": [1.5, 2, 1.8125, 3.6875], "texture": "#1"},
				"east": {"uv": [2, 2, 2.3125, 3.6875], "texture": "#1"},
				"south": {"uv": [2.5, 0, 2.8125, 1.6875], "texture": "#1"},
				"west": {"uv": [2.5, 2, 2.8125, 3.6875], "texture": "#1"},
				"up": {"uv": [6.8125, 4.3125, 6.5, 4], "texture": "#1"},
				"down": {"uv": [4.8125, 6.5, 4.5, 6.8125], "texture": "#1"}
			}
		},
		{
			"from": [7.8, 0.55, 9.5],
			"to": [8.2, 1.45, 9.7],
			"faces": {
				"north": {"uv": [5.5, 6.5, 5.6875, 6.9375], "texture": "#1"},
				"east": {"uv": [2.5, 7.5, 2.625, 7.9375], "texture": "#1"},
				"south": {"uv": [6.5, 5.5, 6.6875, 5.9375], "texture": "#1"},
				"west": {"uv": [7.5, 2.5, 7.625, 2.9375], "texture": "#1"},
				"up": {"uv": [6.1875, 9.125, 6, 9], "texture": "#1"},
				"down": {"uv": [9.1875, 6, 9, 6.125], "texture": "#1"}
			}
		},
		{
			"from": [7.8, 2.65, 9.5],
			"to": [8.2, 3.55, 9.7],
			"faces": {
				"north": {"uv": [6.5, 4.5, 6.6875, 4.9375], "texture": "#1"},
				"east": {"uv": [2, 7.5, 2.125, 7.9375], "texture": "#1"},
				"south": {"uv": [6.5, 5, 6.6875, 5.4375], "texture": "#1"},
				"west": {"uv": [7.5, 2, 7.625, 2.4375], "texture": "#1"},
				"up": {"uv": [5.6875, 9.125, 5.5, 9], "texture": "#1"},
				"down": {"uv": [9.1875, 5.5, 9, 5.625], "texture": "#1"}
			}
		},
		{
			"from": [7.8, 2.65, 6.3],
			"to": [8.2, 3.55, 6.5],
			"faces": {
				"north": {"uv": [0, 7, 0.1875, 7.4375], "texture": "#1"},
				"east": {"uv": [7.5, 4, 7.625, 4.4375], "texture": "#1"},
				"south": {"uv": [7, 0, 7.1875, 0.4375], "texture": "#1"},
				"west": {"uv": [7.5, 4.5, 7.625, 4.9375], "texture": "#1"},
				"up": {"uv": [7.1875, 9.125, 7, 9], "texture": "#1"},
				"down": {"uv": [9.1875, 7, 9, 7.125], "texture": "#1"}
			}
		},
		{
			"from": [7.8, 0.55, 6.3],
			"to": [8.2, 1.45, 6.5],
			"faces": {
				"north": {"uv": [6.5, 6, 6.6875, 6.4375], "texture": "#1"},
				"east": {"uv": [7.5, 3, 7.625, 3.4375], "texture": "#1"},
				"south": {"uv": [6.5, 6.5, 6.6875, 6.9375], "texture": "#1"},
				"west": {"uv": [7.5, 3.5, 7.625, 3.9375], "texture": "#1"},
				"up": {"uv": [6.6875, 9.125, 6.5, 9], "texture": "#1"},
				"down": {"uv": [9.1875, 6.5, 9, 6.625], "texture": "#1"}
			}
		},
		{
			"from": [7.8, 0.15, 9.7],
			"to": [8.2, 3.75, 10.5],
			"faces": {
				"north": {"uv": [3, 0, 3.1875, 1.8125], "texture": "#1"},
				"east": {"uv": [0, 0, 0.375, 1.8125], "texture": "#1"},
				"south": {"uv": [3, 2, 3.1875, 3.8125], "texture": "#1"},
				"west": {"uv": [0.5, 0, 0.875, 1.8125], "texture": "#1"},
				"up": {"uv": [7.1875, 1.875, 7, 1.5], "texture": "#1"},
				"down": {"uv": [2.1875, 7, 2, 7.375], "texture": "#1"}
			}
		},
		{
			"from": [7.7, 0.95, 9.9],
			"to": [7.8, 2.95, 10.3],
			"faces": {
				"north": {"uv": [7, 2.5, 7.0625, 3.5], "texture": "#1"},
				"east": {"uv": [4.5, 1.5, 4.6875, 2.5], "texture": "#1"},
				"south": {"uv": [3, 7, 3.0625, 8], "texture": "#1"},
				"west": {"uv": [4.5, 2.5, 4.6875, 3.5], "texture": "#1"},
				"up": {"uv": [9.5625, 9.1875, 9.5, 9], "texture": "#1"},
				"down": {"uv": [9.5625, 9.5, 9.5, 9.6875], "texture": "#1"}
			}
		},
		{
			"from": [8.2, 0.95, 9.9],
			"to": [8.3, 2.95, 10.3],
			"faces": {
				"north": {"uv": [3.5, 7, 3.5625, 8], "texture": "#1"},
				"east": {"uv": [4.5, 3.5, 4.6875, 4.5], "texture": "#1"},
				"south": {"uv": [7, 3.5, 7.0625, 4.5], "texture": "#1"},
				"west": {"uv": [4.5, 4.5, 4.6875, 5.5], "texture": "#1"},
				"up": {"uv": [0.0625, 10.1875, 0, 10], "texture": "#1"},
				"down": {"uv": [10.0625, 0, 10, 0.1875], "texture": "#1"}
			}
		},
		{
			"from": [8.2, 0.95, 5.7],
			"to": [8.3, 2.95, 6.1],
			"faces": {
				"north": {"uv": [7, 4.5, 7.0625, 5.5], "texture": "#1"},
				"east": {"uv": [5, 2, 5.1875, 3], "texture": "#1"},
				"south": {"uv": [5, 7, 5.0625, 8], "texture": "#1"},
				"west": {"uv": [5, 3, 5.1875, 4], "texture": "#1"},
				"up": {"uv": [1.0625, 10.1875, 1, 10], "texture": "#1"},
				"down": {"uv": [10.0625, 1, 10, 1.1875], "texture": "#1"}
			}
		},
		{
			"from": [7.7, 0.95, 5.7],
			"to": [7.8, 2.95, 6.1],
			"faces": {
				"north": {"uv": [4, 7, 4.0625, 8], "texture": "#1"},
				"east": {"uv": [5, 0, 5.1875, 1], "texture": "#1"},
				"south": {"uv": [4.5, 7, 4.5625, 8], "texture": "#1"},
				"west": {"uv": [5, 1, 5.1875, 2], "texture": "#1"},
				"up": {"uv": [0.5625, 10.1875, 0.5, 10], "texture": "#1"},
				"down": {"uv": [10.0625, 0.5, 10, 0.6875], "texture": "#1"}
			}
		},
		{
			"from": [8.2, 0.95, 7.2],
			"to": [8.3, 2.95, 7.4],
			"faces": {
				"north": {"uv": [6, 7, 6.0625, 8], "texture": "#1"},
				"east": {"uv": [0, 6, 0.125, 7], "texture": "#1"},
				"south": {"uv": [6.5, 7, 6.5625, 8], "texture": "#1"},
				"west": {"uv": [6, 0, 6.125, 1], "texture": "#1"},
				"up": {"uv": [4.0625, 10.125, 4, 10], "texture": "#1"},
				"down": {"uv": [10.0625, 4, 10, 4.125], "texture": "#1"}
			}
		},
		{
			"from": [7.7, 0.95, 7.2],
			"to": [7.8, 2.95, 7.4],
			"faces": {
				"north": {"uv": [5.5, 7, 5.5625, 8], "texture": "#1"},
				"east": {"uv": [4.5, 5.5, 4.625, 6.5], "texture": "#1"},
				"south": {"uv": [7, 5.5, 7.0625, 6.5], "texture": "#1"},
				"west": {"uv": [5.5, 5.5, 5.625, 6.5], "texture": "#1"},
				"up": {"uv": [3.5625, 10.125, 3.5, 10], "texture": "#1"},
				"down": {"uv": [10.0625, 3.5, 10, 3.625], "texture": "#1"}
			}
		},
		{
			"from": [8.2, 0.95, 8.6],
			"to": [8.3, 2.95, 8.8],
			"faces": {
				"north": {"uv": [7.5, 0, 7.5625, 1], "texture": "#1"},
				"east": {"uv": [6, 1, 6.125, 2], "texture": "#1"},
				"south": {"uv": [7.5, 1, 7.5625, 2], "texture": "#1"},
				"west": {"uv": [6, 2, 6.125, 3], "texture": "#1"},
				"up": {"uv": [5.0625, 10.125, 5, 10], "texture": "#1"},
				"down": {"uv": [10.0625, 5, 10, 5.125], "texture": "#1"}
			}
		},
		{
			"from": [7.7, 0.95, 8.6],
			"to": [7.8, 2.95, 8.8],
			"faces": {
				"north": {"uv": [7, 6.5, 7.0625, 7.5], "texture": "#1"},
				"east": {"uv": [0.5, 6, 0.625, 7], "texture": "#1"},
				"south": {"uv": [0, 7.5, 0.0625, 8.5], "texture": "#1"},
				"west": {"uv": [1, 6, 1.125, 7], "texture": "#1"},
				"up": {"uv": [4.5625, 10.125, 4.5, 10], "texture": "#1"},
				"down": {"uv": [10.0625, 4.5, 10, 4.625], "texture": "#1"}
			}
		},
		{
			"from": [7.9, 3.45, 10.5],
			"to": [8.1, 3.65, 11],
			"faces": {
				"north": {"uv": [8.5, 9, 8.625, 9.125], "texture": "#1"},
				"east": {"uv": [2.5, 8, 2.75, 8.125], "texture": "#1"},
				"south": {"uv": [9, 8.5, 9.125, 8.625], "texture": "#1"},
				"west": {"uv": [8, 2.5, 8.25, 2.625], "texture": "#1"},
				"up": {"uv": [3.125, 8.25, 3, 8], "texture": "#1"},
				"down": {"uv": [8.125, 3, 8, 3.25], "texture": "#1"}
			}
		},
		{
			"from": [7.9, 3.05, 10.5],
			"to": [8.1, 3.25, 11],
			"faces": {
				"north": {"uv": [9, 9, 9.125, 9.125], "texture": "#1"},
				"east": {"uv": [3.5, 8, 3.75, 8.125], "texture": "#1"},
				"south": {"uv": [0, 9.5, 0.125, 9.625], "texture": "#1"},
				"west": {"uv": [8, 3.5, 8.25, 3.625], "texture": "#1"},
				"up": {"uv": [4.125, 8.25, 4, 8], "texture": "#1"},
				"down": {"uv": [8.125, 4, 8, 4.25], "texture": "#1"}
			}
		},
		{
			"from": [7.9, 2.65, 10.5],
			"to": [8.1, 2.85, 11],
			"faces": {
				"north": {"uv": [9.5, 0, 9.625, 0.125], "texture": "#1"},
				"east": {"uv": [4.5, 8, 4.75, 8.125], "texture": "#1"},
				"south": {"uv": [0.5, 9.5, 0.625, 9.625], "texture": "#1"},
				"west": {"uv": [8, 4.5, 8.25, 4.625], "texture": "#1"},
				"up": {"uv": [5.125, 8.25, 5, 8], "texture": "#1"},
				"down": {"uv": [8.125, 5, 8, 5.25], "texture": "#1"}
			}
		},
		{
			"from": [7.9, 2.25, 10.5],
			"to": [8.1, 2.45, 11],
			"faces": {
				"north": {"uv": [9.5, 0.5, 9.625, 0.625], "texture": "#1"},
				"east": {"uv": [5.5, 8, 5.75, 8.125], "texture": "#1"},
				"south": {"uv": [1, 9.5, 1.125, 9.625], "texture": "#1"},
				"west": {"uv": [8, 5.5, 8.25, 5.625], "texture": "#1"},
				"up": {"uv": [6.125, 8.25, 6, 8], "texture": "#1"},
				"down": {"uv": [8.125, 6, 8, 6.25], "texture": "#1"}
			}
		},
		{
			"from": [7.9, 1.85, 10.5],
			"to": [8.1, 2.05, 11],
			"faces": {
				"north": {"uv": [9.5, 1, 9.625, 1.125], "texture": "#1"},
				"east": {"uv": [6.5, 8, 6.75, 8.125], "texture": "#1"},
				"south": {"uv": [1.5, 9.5, 1.625, 9.625], "texture": "#1"},
				"west": {"uv": [8, 6.5, 8.25, 6.625], "texture": "#1"},
				"up": {"uv": [7.125, 8.25, 7, 8], "texture": "#1"},
				"down": {"uv": [8.125, 7, 8, 7.25], "texture": "#1"}
			}
		},
		{
			"from": [7.9, 1.45, 10.5],
			"to": [8.1, 1.65, 11],
			"faces": {
				"north": {"uv": [9.5, 1.5, 9.625, 1.625], "texture": "#1"},
				"east": {"uv": [7.5, 8, 7.75, 8.125], "texture": "#1"},
				"south": {"uv": [2, 9.5, 2.125, 9.625], "texture": "#1"},
				"west": {"uv": [8, 7.5, 8.25, 7.625], "texture": "#1"},
				"up": {"uv": [8.125, 8.25, 8, 8], "texture": "#1"},
				"down": {"uv": [0.125, 8.5, 0, 8.75], "texture": "#1"}
			}
		},
		{
			"from": [7.9, 1.05, 10.5],
			"to": [8.1, 1.25, 11],
			"faces": {
				"north": {"uv": [9.5, 2, 9.625, 2.125], "texture": "#1"},
				"east": {"uv": [8.5, 0, 8.75, 0.125], "texture": "#1"},
				"south": {"uv": [2.5, 9.5, 2.625, 9.625], "texture": "#1"},
				"west": {"uv": [0.5, 8.5, 0.75, 8.625], "texture": "#1"},
				"up": {"uv": [8.625, 0.75, 8.5, 0.5], "texture": "#1"},
				"down": {"uv": [1.125, 8.5, 1, 8.75], "texture": "#1"}
			}
		},
		{
			"from": [7.9, 0.65, 10.5],
			"to": [8.1, 0.85, 11],
			"faces": {
				"north": {"uv": [9.5, 2.5, 9.625, 2.625], "texture": "#1"},
				"east": {"uv": [8.5, 1, 8.75, 1.125], "texture": "#1"},
				"south": {"uv": [3, 9.5, 3.125, 9.625], "texture": "#1"},
				"west": {"uv": [1.5, 8.5, 1.75, 8.625], "texture": "#1"},
				"up": {"uv": [8.625, 1.75, 8.5, 1.5], "texture": "#1"},
				"down": {"uv": [2.125, 8.5, 2, 8.75], "texture": "#1"}
			}
		},
		{
			"from": [7.9, 0.25, 10.5],
			"to": [8.1, 0.45, 11],
			"faces": {
				"north": {"uv": [9.5, 3, 9.625, 3.125], "texture": "#1"},
				"east": {"uv": [8.5, 2, 8.75, 2.125], "texture": "#1"},
				"south": {"uv": [3.5, 9.5, 3.625, 9.625], "texture": "#1"},
				"west": {"uv": [2.5, 8.5, 2.75, 8.625], "texture": "#1"},
				"up": {"uv": [8.625, 2.75, 8.5, 2.5], "texture": "#1"},
				"down": {"uv": [3.125, 8.5, 3, 8.75], "texture": "#1"}
			}
		},
		{
			"from": [7.9, 0.25, 5],
			"to": [8.1, 0.45, 5.5],
			"faces": {
				"north": {"uv": [9.5, 7.5, 9.625, 7.625], "texture": "#1"},
				"east": {"uv": [2.5, 9, 2.75, 9.125], "texture": "#1"},
				"south": {"uv": [8, 9.5, 8.125, 9.625], "texture": "#1"},
				"west": {"uv": [9, 2.5, 9.25, 2.625], "texture": "#1"},
				"up": {"uv": [3.125, 9.25, 3, 9], "texture": "#1"},
				"down": {"uv": [9.125, 3, 9, 3.25], "texture": "#1"}
			}
		},
		{
			"from": [7.9, 0.65, 5],
			"to": [8.1, 0.85, 5.5],
			"faces": {
				"north": {"uv": [9.5, 7, 9.625, 7.125], "texture": "#1"},
				"east": {"uv": [1.5, 9, 1.75, 9.125], "texture": "#1"},
				"south": {"uv": [7.5, 9.5, 7.625, 9.625], "texture": "#1"},
				"west": {"uv": [9, 1.5, 9.25, 1.625], "texture": "#1"},
				"up": {"uv": [2.125, 9.25, 2, 9], "texture": "#1"},
				"down": {"uv": [9.125, 2, 9, 2.25], "texture": "#1"}
			}
		},
		{
			"from": [7.9, 1.05, 5],
			"to": [8.1, 1.25, 5.5],
			"faces": {
				"north": {"uv": [9.5, 6.5, 9.625, 6.625], "texture": "#1"},
				"east": {"uv": [0.5, 9, 0.75, 9.125], "texture": "#1"},
				"south": {"uv": [7, 9.5, 7.125, 9.625], "texture": "#1"},
				"west": {"uv": [9, 0.5, 9.25, 0.625], "texture": "#1"},
				"up": {"uv": [1.125, 9.25, 1, 9], "texture": "#1"},
				"down": {"uv": [9.125, 1, 9, 1.25], "texture": "#1"}
			}
		},
		{
			"from": [7.9, 1.45, 5],
			"to": [8.1, 1.65, 5.5],
			"faces": {
				"north": {"uv": [9.5, 6, 9.625, 6.125], "texture": "#1"},
				"east": {"uv": [8.5, 8, 8.75, 8.125], "texture": "#1"},
				"south": {"uv": [6.5, 9.5, 6.625, 9.625], "texture": "#1"},
				"west": {"uv": [8.5, 8.5, 8.75, 8.625], "texture": "#1"},
				"up": {"uv": [0.125, 9.25, 0, 9], "texture": "#1"},
				"down": {"uv": [9.125, 0, 9, 0.25], "texture": "#1"}
			}
		},
		{
			"from": [7.9, 1.85, 5],
			"to": [8.1, 2.05, 5.5],
			"faces": {
				"north": {"uv": [9.5, 5.5, 9.625, 5.625], "texture": "#1"},
				"east": {"uv": [8.5, 7, 8.75, 7.125], "texture": "#1"},
				"south": {"uv": [6, 9.5, 6.125, 9.625], "texture": "#1"},
				"west": {"uv": [7.5, 8.5, 7.75, 8.625], "texture": "#1"},
				"up": {"uv": [8.625, 7.75, 8.5, 7.5], "texture": "#1"},
				"down": {"uv": [8.125, 8.5, 8, 8.75], "texture": "#1"}
			}
		},
		{
			"from": [7.9, 2.25, 5],
			"to": [8.1, 2.45, 5.5],
			"faces": {
				"north": {"uv": [9.5, 5, 9.625, 5.125], "texture": "#1"},
				"east": {"uv": [8.5, 6, 8.75, 6.125], "texture": "#1"},
				"south": {"uv": [5.5, 9.5, 5.625, 9.625], "texture": "#1"},
				"west": {"uv": [6.5, 8.5, 6.75, 8.625], "texture": "#1"},
				"up": {"uv": [8.625, 6.75, 8.5, 6.5], "texture": "#1"},
				"down": {"uv": [7.125, 8.5, 7, 8.75], "texture": "#1"}
			}
		},
		{
			"from": [7.9, 2.65, 5],
			"to": [8.1, 2.85, 5.5],
			"faces": {
				"north": {"uv": [9.5, 4.5, 9.625, 4.625], "texture": "#1"},
				"east": {"uv": [8.5, 5, 8.75, 5.125], "texture": "#1"},
				"south": {"uv": [5, 9.5, 5.125, 9.625], "texture": "#1"},
				"west": {"uv": [5.5, 8.5, 5.75, 8.625], "texture": "#1"},
				"up": {"uv": [8.625, 5.75, 8.5, 5.5], "texture": "#1"},
				"down": {"uv": [6.125, 8.5, 6, 8.75], "texture": "#1"}
			}
		},
		{
			"from": [7.9, 3.05, 5],
			"to": [8.1, 3.25, 5.5],
			"faces": {
				"north": {"uv": [9.5, 4, 9.625, 4.125], "texture": "#1"},
				"east": {"uv": [8.5, 4, 8.75, 4.125], "texture": "#1"},
				"south": {"uv": [4.5, 9.5, 4.625, 9.625], "texture": "#1"},
				"west": {"uv": [4.5, 8.5, 4.75, 8.625], "texture": "#1"},
				"up": {"uv": [8.625, 4.75, 8.5, 4.5], "texture": "#1"},
				"down": {"uv": [5.125, 8.5, 5, 8.75], "texture": "#1"}
			}
		},
		{
			"from": [7.9, 3.45, 5],
			"to": [8.1, 3.65, 5.5],
			"faces": {
				"north": {"uv": [9.5, 3.5, 9.625, 3.625], "texture": "#1"},
				"east": {"uv": [8.5, 3, 8.75, 3.125], "texture": "#1"},
				"south": {"uv": [4, 9.5, 4.125, 9.625], "texture": "#1"},
				"west": {"uv": [3.5, 8.5, 3.75, 8.625], "texture": "#1"},
				"up": {"uv": [8.625, 3.75, 8.5, 3.5], "texture": "#1"},
				"down": {"uv": [4.125, 8.5, 4, 8.75], "texture": "#1"}
			}
		},
		{
			"from": [7.8, 0.15, 5.5],
			"to": [8.2, 3.75, 6.3],
			"faces": {
				"north": {"uv": [3.5, 0, 3.6875, 1.8125], "texture": "#1"},
				"east": {"uv": [1, 0, 1.375, 1.8125], "texture": "#1"},
				"south": {"uv": [3.5, 2, 3.6875, 3.8125], "texture": "#1"},
				"west": {"uv": [1.5, 0, 1.875, 1.8125], "texture": "#1"},
				"up": {"uv": [7.1875, 2.375, 7, 2], "texture": "#1"},
				"down": {"uv": [2.6875, 7, 2.5, 7.375], "texture": "#1"}
			}
		},
		{
			"from": [7.9, 0.85, 8.1],
			"to": [8.1, 3.25, 8.3],
			"faces": {
				"north": {"uv": [5.5, 2.5, 5.625, 3.6875], "texture": "#1"},
				"east": {"uv": [3, 5.5, 3.125, 6.6875], "texture": "#1"},
				"south": {"uv": [3.5, 5.5, 3.625, 6.6875], "texture": "#1"},
				"west": {"uv": [5.5, 4, 5.625, 5.1875], "texture": "#1"},
				"up": {"uv": [8.125, 9.125, 8, 9], "texture": "#1"},
				"down": {"uv": [9.125, 8, 9, 8.125], "texture": "#1"}
			}
		},
		{
			"from": [7.7, 3.25, 7.7],
			"to": [8.3, 3.45, 8.3],
			"faces": {
				"north": {"uv": [7.5, 5, 7.8125, 5.125], "texture": "#1"},
				"east": {"uv": [7.5, 5.5, 7.8125, 5.625], "texture": "#1"},
				"south": {"uv": [7.5, 6, 7.8125, 6.125], "texture": "#1"},
				"west": {"uv": [7.5, 6.5, 7.8125, 6.625], "texture": "#1"},
				"up": {"uv": [6.8125, 2.3125, 6.5, 2], "texture": "#1"},
				"down": {"uv": [6.8125, 2.5, 6.5, 2.8125], "texture": "#1"}
			}
		},
		{
			"from": [7.8, 3.45, 7.8],
			"to": [8.2, 3.55, 8.2],
			"faces": {
				"north": {"uv": [9.5, 8, 9.6875, 8.0625], "texture": "#1"},
				"east": {"uv": [8.5, 9.5, 8.6875, 9.5625], "texture": "#1"},
				"south": {"uv": [9.5, 8.5, 9.6875, 8.5625], "texture": "#1"},
				"west": {"uv": [9, 9.5, 9.1875, 9.5625], "texture": "#1"},
				"up": {"uv": [7.6875, 7.6875, 7.5, 7.5], "texture": "#1"},
				"down": {"uv": [8.1875, 0, 8, 0.1875], "texture": "#1"}
			}
		},
		{
			"from": [7.8, 3.75, 9],
			"to": [8.2, 3.85, 9.4],
			"faces": {
				"north": {"uv": [1.5, 10, 1.6875, 10.0625], "texture": "#1"},
				"east": {"uv": [10, 1.5, 10.1875, 1.5625], "texture": "#1"},
				"south": {"uv": [2, 10, 2.1875, 10.0625], "texture": "#1"},
				"west": {"uv": [10, 2, 10.1875, 2.0625], "texture": "#1"},
				"up": {"uv": [1.6875, 8.1875, 1.5, 8], "texture": "#1"},
				"down": {"uv": [8.1875, 1.5, 8, 1.6875], "texture": "#1"}
			}
		},
		{
			"from": [7.8, 3.75, 6.6],
			"to": [8.2, 3.85, 7],
			"faces": {
				"north": {"uv": [2.5, 10, 2.6875, 10.0625], "texture": "#1"},
				"east": {"uv": [10, 2.5, 10.1875, 2.5625], "texture": "#1"},
				"south": {"uv": [3, 10, 3.1875, 10.0625], "texture": "#1"},
				"west": {"uv": [10, 3, 10.1875, 3.0625], "texture": "#1"},
				"up": {"uv": [2.1875, 8.1875, 2, 8], "texture": "#1"},
				"down": {"uv": [8.1875, 2, 8, 2.1875], "texture": "#1"}
			}
		},
		{
			"from": [7.4, -11.8, 7.4],
			"to": [8.6, -11.5, 8.6],
			"faces": {
				"north": {"uv": [6, 12, 6.625, 12.125], "texture": "#0"},
				"east": {"uv": [12, 6.5, 12.625, 6.625], "texture": "#0"},
				"south": {"uv": [7, 12, 7.625, 12.125], "texture": "#0"},
				"west": {"uv": [12, 7, 12.625, 7.125], "texture": "#0"},
				"up": {"uv": [10.625, 9.125, 10, 8.5], "texture": "#0"},
				"down": {"uv": [9.625, 10, 9, 10.625], "texture": "#0"}
			}
		},
		{
			"from": [7.4, -12.3, 7.4],
			"to": [8.6, -12, 8.6],
			"faces": {
				"north": {"uv": [12, 7.5, 12.625, 7.625], "texture": "#0"},
				"east": {"uv": [12, 8, 12.625, 8.125], "texture": "#0"},
				"south": {"uv": [12, 8.5, 12.625, 8.625], "texture": "#0"},
				"west": {"uv": [10, 12, 10.625, 12.125], "texture": "#0"},
				"up": {"uv": [10.625, 10.125, 10, 9.5], "texture": "#0"},
				"down": {"uv": [11.125, 0, 10.5, 0.625], "texture": "#0"}
			}
		},
		{
			"from": [7.4, -12.8, 7.4],
			"to": [8.6, -12.5, 8.6],
			"faces": {
				"north": {"uv": [12, 10.5, 12.625, 10.625], "texture": "#0"},
				"east": {"uv": [12, 11.5, 12.625, 11.625], "texture": "#0"},
				"south": {"uv": [12, 12, 12.625, 12.125], "texture": "#0"},
				"west": {"uv": [12.5, 2, 13.125, 2.125], "texture": "#0"},
				"up": {"uv": [11.125, 1.625, 10.5, 1], "texture": "#0"},
				"down": {"uv": [2.625, 10.5, 2, 11.125], "texture": "#0"}
			}
		},
		{
			"from": [7.4, -13.3, 7.4],
			"to": [8.6, -13, 8.6],
			"faces": {
				"north": {"uv": [2.5, 12.5, 3.125, 12.625], "texture": "#0"},
				"east": {"uv": [12.5, 2.5, 13.125, 2.625], "texture": "#0"},
				"south": {"uv": [12.5, 3, 13.125, 3.125], "texture": "#0"},
				"west": {"uv": [12.5, 3.5, 13.125, 3.625], "texture": "#0"},
				"up": {"uv": [11.125, 2.625, 10.5, 2], "texture": "#0"},
				"down": {"uv": [3.625, 10.5, 3, 11.125], "texture": "#0"}
			}
		},
		{
			"from": [7.4, -13.8, 7.4],
			"to": [8.6, -13.5, 8.6],
			"faces": {
				"north": {"uv": [12.5, 5, 13.125, 5.125], "texture": "#0"},
				"east": {"uv": [12.5, 5.5, 13.125, 5.625], "texture": "#0"},
				"south": {"uv": [6, 12.5, 6.625, 12.625], "texture": "#0"},
				"west": {"uv": [12.5, 6, 13.125, 6.125], "texture": "#0"},
				"up": {"uv": [11.125, 3.625, 10.5, 3], "texture": "#0"},
				"down": {"uv": [4.625, 10.5, 4, 11.125], "texture": "#0"}
			}
		},
		{
			"from": [7.4, -14.3, 7.4],
			"to": [8.6, -14, 8.6],
			"faces": {
				"north": {"uv": [7, 12.5, 7.625, 12.625], "texture": "#0"},
				"east": {"uv": [10, 12.5, 10.625, 12.625], "texture": "#0"},
				"south": {"uv": [11, 12.5, 11.625, 12.625], "texture": "#0"},
				"west": {"uv": [12, 12.5, 12.625, 12.625], "texture": "#0"},
				"up": {"uv": [11.125, 4.625, 10.5, 4], "texture": "#0"},
				"down": {"uv": [11.125, 5, 10.5, 5.625], "texture": "#0"}
			}
		},
		{
			"from": [7.4, -14.8, 7.4],
			"to": [8.6, -14.5, 8.6],
			"faces": {
				"north": {"uv": [2, 13, 2.625, 13.125], "texture": "#0"},
				"east": {"uv": [3, 13, 3.625, 13.125], "texture": "#0"},
				"south": {"uv": [6, 13, 6.625, 13.125], "texture": "#0"},
				"west": {"uv": [13, 6.5, 13.625, 6.625], "texture": "#0"},
				"up": {"uv": [11.125, 6.625, 10.5, 6], "texture": "#0"},
				"down": {"uv": [11.125, 7, 10.5, 7.625], "texture": "#0"}
			}
		},
		{
			"from": [7.4, -15.3, 7.4],
			"to": [8.6, -15, 8.6],
			"faces": {
				"north": {"uv": [7, 13, 7.625, 13.125], "texture": "#0"},
				"east": {"uv": [13, 7, 13.625, 7.125], "texture": "#0"},
				"south": {"uv": [13, 7.5, 13.625, 7.625], "texture": "#0"},
				"west": {"uv": [8, 13, 8.625, 13.125], "texture": "#0"},
				"up": {"uv": [10.625, 11.125, 10, 10.5], "texture": "#0"},
				"down": {"uv": [11.625, 8, 11, 8.625], "texture": "#0"}
			}
		},
		{
			"from": [7.7, -16, 7.7],
			"to": [8.3, -15.3, 8.3],
			"faces": {
				"north": {"uv": [10, 1.5, 10.3125, 1.875], "texture": "#0"},
				"east": {"uv": [10.5, 8, 10.8125, 8.375], "texture": "#0"},
				"south": {"uv": [11.5, 10.5, 11.8125, 10.875], "texture": "#0"},
				"west": {"uv": [2.5, 12, 2.8125, 12.375], "texture": "#0"},
				"up": {"uv": [3.8125, 12.3125, 3.5, 12], "texture": "#0"},
				"down": {"uv": [12.3125, 3.5, 12, 3.8125], "texture": "#0"}
			}
		}
	],
	"display": {
		"thirdperson_righthand": {
			"translation": [0, 23.75, 1.25]
		},
		"thirdperson_lefthand": {
			"translation": [0, 23.75, 1.25]
		},
		"firstperson_righthand": {
			"rotation": [-40.25, 0, 0],
			"translation": [-1.25, 14.5, -5]
		},
		"firstperson_lefthand": {
			"rotation": [-40.25, 0, 0],
			"translation": [-1.25, 14.5, -5]
		},
		"ground": {
			"translation": [0, 21, 0]
		},
		"gui": {
			"rotation": [90, 45, -90],
			"translation": [6.75, 6.75, 0],
			"scale": [0.8, 0.8, 0.8]
		},
		"head": {
			"rotation": [-123, 0, 0],
			"translation": [0, 7.25, -15.25],
			"scale": [1.5, 1.5, 1.5]
		},
		"fixed": {
			"rotation": [0, 90, 0],
			"translation": [0, 14.25, 0]
		}
	},
	"groups": [
		{
			"name": "group",
			"origin": [8, 8, 8],
			"color": 0,
			"children": [
				0,
				1,
				2,
				3,
				4,
				5,
				6,
				7,
				8,
				9,
				10,
				11,
				12,
				13,
				14,
				15,
				16,
				17,
				18,
				19,
				20,
				21,
				22,
				23,
				24,
				25,
				26,
				27,
				28,
				29,
				30,
				31,
				32,
				33,
				34,
				35,
				36,
				37,
				38,
				39,
				40,
				41,
				42,
				43,
				44,
				45,
				46,
				47,
				48,
				49,
				50,
				51,
				52,
				53,
				54,
				55,
				56,
				57
			]
		}
	]
}