{
	"credit": "Made with Blockbench",
	"texture_size": [32, 32],
	"textures": {
		"0": "item/wooden_sword",
		"particle": "item/wooden_sword"
	},
	"elements": [
		{
			"from": [7.9, 0.7, 7.9],
			"to": [8.1, 1.1, 8.1],
			"faces": {
				"north": {"uv": [0, 0, 0.125, 0.1875], "texture": "#0"},
				"east": {"uv": [0, 0.5, 0.125, 0.6875], "texture": "#0"},
				"south": {"uv": [0.5, 0, 0.625, 0.1875], "texture": "#0"},
				"west": {"uv": [0.5, 0.5, 0.625, 0.6875], "texture": "#0"},
				"up": {"uv": [0.125, 1.125, 0, 1], "texture": "#0"},
				"down": {"uv": [1.125, 0, 1, 0.125], "texture": "#0"}
			}
		},
		{
			"from": [7.7, 1, 8],
			"to": [7.9, 1.3, 8.2],
			"faces": {
				"north": {"uv": [0.5, 1, 0.625, 1.125], "texture": "#0"},
				"east": {"uv": [1, 0.5, 1.125, 0.625], "texture": "#0"},
				"south": {"uv": [1, 1, 1.125, 1.125], "texture": "#0"},
				"west": {"uv": [0, 1.5, 0.125, 1.625], "texture": "#0"},
				"up": {"uv": [1.625, 0.125, 1.5, 0], "texture": "#0"},
				"down": {"uv": [0.625, 1.5, 0.5, 1.625], "texture": "#0"}
			}
		},
		{
			"from": [7.9, 1.2, 8.1],
			"to": [8.1, 1.5, 8.3],
			"faces": {
				"north": {"uv": [1.5, 0.5, 1.625, 0.625], "texture": "#0"},
				"east": {"uv": [1, 1.5, 1.125, 1.625], "texture": "#0"},
				"south": {"uv": [1.5, 1, 1.625, 1.125], "texture": "#0"},
				"west": {"uv": [1.5, 1.5, 1.625, 1.625], "texture": "#0"},
				"up": {"uv": [0.125, 2.125, 0, 2], "texture": "#0"},
				"down": {"uv": [2.125, 0, 2, 0.125], "texture": "#0"}
			}
		},
		{
			"from": [8.1, 1.3, 8],
			"to": [8.3, 1.6, 8.2],
			"faces": {
				"north": {"uv": [0.5, 2, 0.625, 2.125], "texture": "#0"},
				"east": {"uv": [2, 0.5, 2.125, 0.625], "texture": "#0"},
				"south": {"uv": [1, 2, 1.125, 2.125], "texture": "#0"},
				"west": {"uv": [2, 1, 2.125, 1.125], "texture": "#0"},
				"up": {"uv": [1.625, 2.125, 1.5, 2], "texture": "#0"},
				"down": {"uv": [2.125, 1.5, 2, 1.625], "texture": "#0"}
			}
		},
		{
			"from": [8, 1.4, 7.8],
			"to": [8.2, 1.7, 8],
			"faces": {
				"north": {"uv": [2, 2, 2.125, 2.125], "texture": "#0"},
				"east": {"uv": [0, 2.5, 0.125, 2.625], "texture": "#0"},
				"south": {"uv": [2.5, 0, 2.625, 0.125], "texture": "#0"},
				"west": {"uv": [0.5, 2.5, 0.625, 2.625], "texture": "#0"},
				"up": {"uv": [2.625, 0.625, 2.5, 0.5], "texture": "#0"},
				"down": {"uv": [1.125, 2.5, 1, 2.625], "texture": "#0"}
			}
		},
		{
			"from": [7.8, 1.5, 7.7],
			"to": [8, 1.8, 7.9],
			"faces": {
				"north": {"uv": [2.5, 1, 2.625, 1.125], "texture": "#0"},
				"east": {"uv": [1.5, 2.5, 1.625, 2.625], "texture": "#0"},
				"south": {"uv": [2.5, 1.5, 2.625, 1.625], "texture": "#0"},
				"west": {"uv": [2, 2.5, 2.125, 2.625], "texture": "#0"},
				"up": {"uv": [2.625, 2.125, 2.5, 2], "texture": "#0"},
				"down": {"uv": [2.625, 2.5, 2.5, 2.625], "texture": "#0"}
			}
		},
		{
			"from": [7.6, 1.6, 7.8],
			"to": [7.8, 1.9, 8],
			"faces": {
				"north": {"uv": [0, 3, 0.125, 3.125], "texture": "#0"},
				"east": {"uv": [3, 0, 3.125, 0.125], "texture": "#0"},
				"south": {"uv": [0.5, 3, 0.625, 3.125], "texture": "#0"},
				"west": {"uv": [3, 0.5, 3.125, 0.625], "texture": "#0"},
				"up": {"uv": [1.125, 3.125, 1, 3], "texture": "#0"},
				"down": {"uv": [3.125, 1, 3, 1.125], "texture": "#0"}
			}
		},
		{
			"from": [7.5, 1.7, 8],
			"to": [7.7, 2, 8.2],
			"faces": {
				"north": {"uv": [1.5, 3, 1.625, 3.125], "texture": "#0"},
				"east": {"uv": [3, 1.5, 3.125, 1.625], "texture": "#0"},
				"south": {"uv": [2, 3, 2.125, 3.125], "texture": "#0"},
				"west": {"uv": [3, 2, 3.125, 2.125], "texture": "#0"},
				"up": {"uv": [2.625, 3.125, 2.5, 3], "texture": "#0"},
				"down": {"uv": [3.125, 2.5, 3, 2.625], "texture": "#0"}
			}
		},
		{
			"from": [7.6, 1.8, 8.2],
			"to": [7.8, 2.1, 8.4],
			"faces": {
				"north": {"uv": [3, 3, 3.125, 3.125], "texture": "#0"},
				"east": {"uv": [0, 3.5, 0.125, 3.625], "texture": "#0"},
				"south": {"uv": [3.5, 0, 3.625, 0.125], "texture": "#0"},
				"west": {"uv": [0.5, 3.5, 0.625, 3.625], "texture": "#0"},
				"up": {"uv": [3.625, 0.625, 3.5, 0.5], "texture": "#0"},
				"down": {"uv": [1.125, 3.5, 1, 3.625], "texture": "#0"}
			}
		},
		{
			"from": [8, 2, 8.2],
			"to": [8.2, 2.3, 8.4],
			"faces": {
				"north": {"uv": [3.5, 1, 3.625, 1.125], "texture": "#0"},
				"east": {"uv": [1.5, 3.5, 1.625, 3.625], "texture": "#0"},
				"south": {"uv": [3.5, 1.5, 3.625, 1.625], "texture": "#0"},
				"west": {"uv": [2, 3.5, 2.125, 3.625], "texture": "#0"},
				"up": {"uv": [3.625, 2.125, 3.5, 2], "texture": "#0"},
				"down": {"uv": [2.625, 3.5, 2.5, 3.625], "texture": "#0"}
			}
		},
		{
			"from": [8.1, 2.1, 8],
			"to": [8.3, 2.4, 8.2],
			"faces": {
				"north": {"uv": [3.5, 2.5, 3.625, 2.625], "texture": "#0"},
				"east": {"uv": [3, 3.5, 3.125, 3.625], "texture": "#0"},
				"south": {"uv": [3.5, 3, 3.625, 3.125], "texture": "#0"},
				"west": {"uv": [3.5, 3.5, 3.625, 3.625], "texture": "#0"},
				"up": {"uv": [0.125, 4.125, 0, 4], "texture": "#0"},
				"down": {"uv": [4.125, 0, 4, 0.125], "texture": "#0"}
			}
		},
		{
			"from": [7.9, 2.2, 7.8],
			"to": [8.1, 2.5, 8],
			"faces": {
				"north": {"uv": [0.5, 4, 0.625, 4.125], "texture": "#0"},
				"east": {"uv": [4, 0.5, 4.125, 0.625], "texture": "#0"},
				"south": {"uv": [1, 4, 1.125, 4.125], "texture": "#0"},
				"west": {"uv": [4, 1, 4.125, 1.125], "texture": "#0"},
				"up": {"uv": [1.625, 4.125, 1.5, 4], "texture": "#0"},
				"down": {"uv": [4.125, 1.5, 4, 1.625], "texture": "#0"}
			}
		},
		{
			"from": [7.7, 2.3, 7.7],
			"to": [7.9, 2.6, 7.9],
			"faces": {
				"north": {"uv": [2, 4, 2.125, 4.125], "texture": "#0"},
				"east": {"uv": [4, 2, 4.125, 2.125], "texture": "#0"},
				"south": {"uv": [2.5, 4, 2.625, 4.125], "texture": "#0"},
				"west": {"uv": [4, 2.5, 4.125, 2.625], "texture": "#0"},
				"up": {"uv": [3.125, 4.125, 3, 4], "texture": "#0"},
				"down": {"uv": [4.125, 3, 4, 3.125], "texture": "#0"}
			}
		},
		{
			"from": [7.5, 2.4, 7.8],
			"to": [7.7, 2.7, 8],
			"faces": {
				"north": {"uv": [3.5, 4, 3.625, 4.125], "texture": "#0"},
				"east": {"uv": [4, 3.5, 4.125, 3.625], "texture": "#0"},
				"south": {"uv": [4, 4, 4.125, 4.125], "texture": "#0"},
				"west": {"uv": [0, 4.5, 0.125, 4.625], "texture": "#0"},
				"up": {"uv": [4.625, 0.125, 4.5, 0], "texture": "#0"},
				"down": {"uv": [0.625, 4.5, 0.5, 4.625], "texture": "#0"}
			}
		},
		{
			"from": [7.4, 2.5, 8],
			"to": [7.6, 2.8, 8.2],
			"faces": {
				"north": {"uv": [4.5, 0.5, 4.625, 0.625], "texture": "#0"},
				"east": {"uv": [1, 4.5, 1.125, 4.625], "texture": "#0"},
				"south": {"uv": [4.5, 1, 4.625, 1.125], "texture": "#0"},
				"west": {"uv": [1.5, 4.5, 1.625, 4.625], "texture": "#0"},
				"up": {"uv": [4.625, 1.625, 4.5, 1.5], "texture": "#0"},
				"down": {"uv": [2.125, 4.5, 2, 4.625], "texture": "#0"}
			}
		},
		{
			"from": [7.5, 2.6, 8.2],
			"to": [7.7, 2.9, 8.4],
			"faces": {
				"north": {"uv": [4.5, 2, 4.625, 2.125], "texture": "#0"},
				"east": {"uv": [2.5, 4.5, 2.625, 4.625], "texture": "#0"},
				"south": {"uv": [4.5, 2.5, 4.625, 2.625], "texture": "#0"},
				"west": {"uv": [3, 4.5, 3.125, 4.625], "texture": "#0"},
				"up": {"uv": [4.625, 3.125, 4.5, 3], "texture": "#0"},
				"down": {"uv": [3.625, 4.5, 3.5, 4.625], "texture": "#0"}
			}
		},
		{
			"from": [7.7, 2.7, 8.3],
			"to": [7.9, 3, 8.5],
			"faces": {
				"north": {"uv": [4.5, 3.5, 4.625, 3.625], "texture": "#0"},
				"east": {"uv": [4, 4.5, 4.125, 4.625], "texture": "#0"},
				"south": {"uv": [4.5, 4, 4.625, 4.125], "texture": "#0"},
				"west": {"uv": [4.5, 4.5, 4.625, 4.625], "texture": "#0"},
				"up": {"uv": [0.125, 5.125, 0, 5], "texture": "#0"},
				"down": {"uv": [5.125, 0, 5, 0.125], "texture": "#0"}
			}
		},
		{
			"from": [7.9, 2.8, 8.2],
			"to": [8.1, 3.1, 8.4],
			"faces": {
				"north": {"uv": [0.5, 5, 0.625, 5.125], "texture": "#0"},
				"east": {"uv": [5, 0.5, 5.125, 0.625], "texture": "#0"},
				"south": {"uv": [1, 5, 1.125, 5.125], "texture": "#0"},
				"west": {"uv": [5, 1, 5.125, 1.125], "texture": "#0"},
				"up": {"uv": [1.625, 5.125, 1.5, 5], "texture": "#0"},
				"down": {"uv": [5.125, 1.5, 5, 1.625], "texture": "#0"}
			}
		},
		{
			"from": [7.9, 2.8, 8.2],
			"to": [8.1, 3.1, 8.4],
			"faces": {
				"north": {"uv": [2, 5, 2.125, 5.125], "texture": "#0"},
				"east": {"uv": [5, 2, 5.125, 2.125], "texture": "#0"},
				"south": {"uv": [2.5, 5, 2.625, 5.125], "texture": "#0"},
				"west": {"uv": [5, 2.5, 5.125, 2.625], "texture": "#0"},
				"up": {"uv": [3.125, 5.125, 3, 5], "texture": "#0"},
				"down": {"uv": [5.125, 3, 5, 3.125], "texture": "#0"}
			}
		},
		{
			"from": [7.8, 2.9, 8],
			"to": [8, 3.2, 8.2],
			"faces": {
				"north": {"uv": [3.5, 5, 3.625, 5.125], "texture": "#0"},
				"east": {"uv": [5, 3.5, 5.125, 3.625], "texture": "#0"},
				"south": {"uv": [4, 5, 4.125, 5.125], "texture": "#0"},
				"west": {"uv": [5, 4, 5.125, 4.125], "texture": "#0"},
				"up": {"uv": [4.625, 5.125, 4.5, 5], "texture": "#0"},
				"down": {"uv": [5.125, 4.5, 5, 4.625], "texture": "#0"}
			}
		},
		{
			"from": [7.6, 3, 7.9],
			"to": [7.8, 3.3, 8.1],
			"faces": {
				"north": {"uv": [5, 5, 5.125, 5.125], "texture": "#0"},
				"east": {"uv": [0, 5.5, 0.125, 5.625], "texture": "#0"},
				"south": {"uv": [5.5, 0, 5.625, 0.125], "texture": "#0"},
				"west": {"uv": [0.5, 5.5, 0.625, 5.625], "texture": "#0"},
				"up": {"uv": [5.625, 0.625, 5.5, 0.5], "texture": "#0"},
				"down": {"uv": [1.125, 5.5, 1, 5.625], "texture": "#0"}
			}
		},
		{
			"from": [7.6, 3.3, 8.1],
			"to": [7.7, 3.6, 8.2],
			"faces": {
				"north": {"uv": [2, 6, 2.0625, 6.125], "texture": "#0"},
				"east": {"uv": [6, 2, 6.0625, 2.125], "texture": "#0"},
				"south": {"uv": [2.5, 6, 2.5625, 6.125], "texture": "#0"},
				"west": {"uv": [6, 2.5, 6.0625, 2.625], "texture": "#0"},
				"up": {"uv": [7.5625, 4.5625, 7.5, 4.5], "texture": "#0"},
				"down": {"uv": [5.0625, 7.5, 5, 7.5625], "texture": "#0"}
			}
		},
		{
			"from": [7.6, 3.5, 8],
			"to": [7.7, 3.7, 8.1],
			"faces": {
				"north": {"uv": [3, 6, 3.0625, 6.125], "texture": "#0"},
				"east": {"uv": [6, 3, 6.0625, 3.125], "texture": "#0"},
				"south": {"uv": [3.5, 6, 3.5625, 6.125], "texture": "#0"},
				"west": {"uv": [6, 3.5, 6.0625, 3.625], "texture": "#0"},
				"up": {"uv": [7.5625, 5.0625, 7.5, 5], "texture": "#0"},
				"down": {"uv": [5.5625, 7.5, 5.5, 7.5625], "texture": "#0"}
			}
		},
		{
			"from": [7.7, 3.6, 8],
			"to": [7.8, 3.8, 8.1],
			"faces": {
				"north": {"uv": [4, 6, 4.0625, 6.125], "texture": "#0"},
				"east": {"uv": [6, 4, 6.0625, 4.125], "texture": "#0"},
				"south": {"uv": [4.5, 6, 4.5625, 6.125], "texture": "#0"},
				"west": {"uv": [6, 4.5, 6.0625, 4.625], "texture": "#0"},
				"up": {"uv": [7.5625, 5.5625, 7.5, 5.5], "texture": "#0"},
				"down": {"uv": [6.0625, 7.5, 6, 7.5625], "texture": "#0"}
			}
		},
		{
			"from": [7.8, 3.7, 8.1],
			"to": [7.9, 3.9, 8.2],
			"faces": {
				"north": {"uv": [5, 6, 5.0625, 6.125], "texture": "#0"},
				"east": {"uv": [6, 5, 6.0625, 5.125], "texture": "#0"},
				"south": {"uv": [5.5, 6, 5.5625, 6.125], "texture": "#0"},
				"west": {"uv": [6, 5.5, 6.0625, 5.625], "texture": "#0"},
				"up": {"uv": [7.5625, 6.0625, 7.5, 6], "texture": "#0"},
				"down": {"uv": [6.5625, 7.5, 6.5, 7.5625], "texture": "#0"}
			}
		},
		{
			"from": [7.7, 3.8, 8.2],
			"to": [7.8, 4, 8.3],
			"faces": {
				"north": {"uv": [6, 6, 6.0625, 6.125], "texture": "#0"},
				"east": {"uv": [0, 6.5, 0.0625, 6.625], "texture": "#0"},
				"south": {"uv": [6.5, 0, 6.5625, 0.125], "texture": "#0"},
				"west": {"uv": [0.5, 6.5, 0.5625, 6.625], "texture": "#0"},
				"up": {"uv": [7.5625, 6.5625, 7.5, 6.5], "texture": "#0"},
				"down": {"uv": [7.0625, 7.5, 7, 7.5625], "texture": "#0"}
			}
		},
		{
			"from": [7.7, 3.9, 8.3],
			"to": [7.8, 4.1, 8.4],
			"faces": {
				"north": {"uv": [6.5, 0.5, 6.5625, 0.625], "texture": "#0"},
				"east": {"uv": [1, 6.5, 1.0625, 6.625], "texture": "#0"},
				"south": {"uv": [6.5, 1, 6.5625, 1.125], "texture": "#0"},
				"west": {"uv": [1.5, 6.5, 1.5625, 6.625], "texture": "#0"},
				"up": {"uv": [7.5625, 7.0625, 7.5, 7], "texture": "#0"},
				"down": {"uv": [7.5625, 7.5, 7.5, 7.5625], "texture": "#0"}
			}
		},
		{
			"from": [7.6, 3.9, 8.1],
			"to": [7.7, 4.1, 8.2],
			"faces": {
				"north": {"uv": [6.5, 1.5, 6.5625, 1.625], "texture": "#0"},
				"east": {"uv": [2, 6.5, 2.0625, 6.625], "texture": "#0"},
				"south": {"uv": [6.5, 2, 6.5625, 2.125], "texture": "#0"},
				"west": {"uv": [2.5, 6.5, 2.5625, 6.625], "texture": "#0"},
				"up": {"uv": [0.0625, 8.0625, 0, 8], "texture": "#0"},
				"down": {"uv": [8.0625, 0, 8, 0.0625], "texture": "#0"}
			}
		},
		{
			"from": [7.5, 4, 8.1],
			"to": [7.6, 4.2, 8.2],
			"faces": {
				"north": {"uv": [6.5, 2.5, 6.5625, 2.625], "texture": "#0"},
				"east": {"uv": [3, 6.5, 3.0625, 6.625], "texture": "#0"},
				"south": {"uv": [6.5, 3, 6.5625, 3.125], "texture": "#0"},
				"west": {"uv": [3.5, 6.5, 3.5625, 6.625], "texture": "#0"},
				"up": {"uv": [0.5625, 8.0625, 0.5, 8], "texture": "#0"},
				"down": {"uv": [8.0625, 0.5, 8, 0.5625], "texture": "#0"}
			}
		},
		{
			"from": [7.7, 4, 8],
			"to": [7.8, 4.2, 8.1],
			"faces": {
				"north": {"uv": [6.5, 3.5, 6.5625, 3.625], "texture": "#0"},
				"east": {"uv": [4, 6.5, 4.0625, 6.625], "texture": "#0"},
				"south": {"uv": [6.5, 4, 6.5625, 4.125], "texture": "#0"},
				"west": {"uv": [4.5, 6.5, 4.5625, 6.625], "texture": "#0"},
				"up": {"uv": [1.0625, 8.0625, 1, 8], "texture": "#0"},
				"down": {"uv": [8.0625, 1, 8, 1.0625], "texture": "#0"}
			}
		},
		{
			"from": [7.8, 4.1, 8],
			"to": [7.9, 4.3, 8.1],
			"faces": {
				"north": {"uv": [6.5, 4.5, 6.5625, 4.625], "texture": "#0"},
				"east": {"uv": [5, 6.5, 5.0625, 6.625], "texture": "#0"},
				"south": {"uv": [6.5, 5, 6.5625, 5.125], "texture": "#0"},
				"west": {"uv": [5.5, 6.5, 5.5625, 6.625], "texture": "#0"},
				"up": {"uv": [1.5625, 8.0625, 1.5, 8], "texture": "#0"},
				"down": {"uv": [8.0625, 1.5, 8, 1.5625], "texture": "#0"}
			}
		},
		{
			"from": [7.9, 4.2, 8],
			"to": [8, 4.4, 8.1],
			"faces": {
				"north": {"uv": [6.5, 5.5, 6.5625, 5.625], "texture": "#0"},
				"east": {"uv": [6, 6.5, 6.0625, 6.625], "texture": "#0"},
				"south": {"uv": [6.5, 6, 6.5625, 6.125], "texture": "#0"},
				"west": {"uv": [6.5, 6.5, 6.5625, 6.625], "texture": "#0"},
				"up": {"uv": [2.0625, 8.0625, 2, 8], "texture": "#0"},
				"down": {"uv": [8.0625, 2, 8, 2.0625], "texture": "#0"}
			}
		},
		{
			"from": [8, 4.3, 7.9],
			"to": [8.1, 4.5, 8],
			"faces": {
				"north": {"uv": [0, 7, 0.0625, 7.125], "texture": "#0"},
				"east": {"uv": [7, 0, 7.0625, 0.125], "texture": "#0"},
				"south": {"uv": [0.5, 7, 0.5625, 7.125], "texture": "#0"},
				"west": {"uv": [7, 0.5, 7.0625, 0.625], "texture": "#0"},
				"up": {"uv": [2.5625, 8.0625, 2.5, 8], "texture": "#0"},
				"down": {"uv": [8.0625, 2.5, 8, 2.5625], "texture": "#0"}
			}
		},
		{
			"from": [7.9, 4.3, 8.1],
			"to": [8, 4.5, 8.2],
			"faces": {
				"north": {"uv": [1, 7, 1.0625, 7.125], "texture": "#0"},
				"east": {"uv": [7, 1, 7.0625, 1.125], "texture": "#0"},
				"south": {"uv": [1.5, 7, 1.5625, 7.125], "texture": "#0"},
				"west": {"uv": [7, 1.5, 7.0625, 1.625], "texture": "#0"},
				"up": {"uv": [3.0625, 8.0625, 3, 8], "texture": "#0"},
				"down": {"uv": [8.0625, 3, 8, 3.0625], "texture": "#0"}
			}
		},
		{
			"from": [7.2, 2.6, 8],
			"to": [7.4, 2.7, 8.1],
			"faces": {
				"north": {"uv": [2, 7, 2.125, 7.0625], "texture": "#0"},
				"east": {"uv": [3.5, 8, 3.5625, 8.0625], "texture": "#0"},
				"south": {"uv": [7, 2, 7.125, 2.0625], "texture": "#0"},
				"west": {"uv": [8, 3.5, 8.0625, 3.5625], "texture": "#0"},
				"up": {"uv": [2.625, 7.0625, 2.5, 7], "texture": "#0"},
				"down": {"uv": [7.125, 2.5, 7, 2.5625], "texture": "#0"}
			}
		},
		{
			"from": [7.1, 2.7, 8],
			"to": [7.2, 2.8, 8.1],
			"faces": {
				"north": {"uv": [4, 8, 4.0625, 8.0625], "texture": "#0"},
				"east": {"uv": [8, 4, 8.0625, 4.0625], "texture": "#0"},
				"south": {"uv": [4.5, 8, 4.5625, 8.0625], "texture": "#0"},
				"west": {"uv": [8, 4.5, 8.0625, 4.5625], "texture": "#0"},
				"up": {"uv": [5.0625, 8.0625, 5, 8], "texture": "#0"},
				"down": {"uv": [8.0625, 5, 8, 5.0625], "texture": "#0"}
			}
		},
		{
			"from": [7, 2.8, 8],
			"to": [7.1, 2.9, 8.1],
			"faces": {
				"north": {"uv": [5.5, 8, 5.5625, 8.0625], "texture": "#0"},
				"east": {"uv": [8, 5.5, 8.0625, 5.5625], "texture": "#0"},
				"south": {"uv": [6, 8, 6.0625, 8.0625], "texture": "#0"},
				"west": {"uv": [8, 6, 8.0625, 6.0625], "texture": "#0"},
				"up": {"uv": [6.5625, 8.0625, 6.5, 8], "texture": "#0"},
				"down": {"uv": [8.0625, 6.5, 8, 6.5625], "texture": "#0"}
			}
		},
		{
			"from": [6.9, 2.9, 8.1],
			"to": [7, 3, 8.2],
			"faces": {
				"north": {"uv": [7, 8, 7.0625, 8.0625], "texture": "#0"},
				"east": {"uv": [8, 7, 8.0625, 7.0625], "texture": "#0"},
				"south": {"uv": [7.5, 8, 7.5625, 8.0625], "texture": "#0"},
				"west": {"uv": [8, 7.5, 8.0625, 7.5625], "texture": "#0"},
				"up": {"uv": [8.0625, 8.0625, 8, 8], "texture": "#0"},
				"down": {"uv": [0.0625, 8.5, 0, 8.5625], "texture": "#0"}
			}
		},
		{
			"from": [6.9, 2.9, 7.9],
			"to": [7, 3, 8],
			"faces": {
				"north": {"uv": [8.5, 0, 8.5625, 0.0625], "texture": "#0"},
				"east": {"uv": [0.5, 8.5, 0.5625, 8.5625], "texture": "#0"},
				"south": {"uv": [8.5, 0.5, 8.5625, 0.5625], "texture": "#0"},
				"west": {"uv": [1, 8.5, 1.0625, 8.5625], "texture": "#0"},
				"up": {"uv": [8.5625, 1.0625, 8.5, 1], "texture": "#0"},
				"down": {"uv": [1.5625, 8.5, 1.5, 8.5625], "texture": "#0"}
			}
		},
		{
			"from": [7.3, 1.8, 8.1],
			"to": [7.5, 1.9, 8.2],
			"faces": {
				"north": {"uv": [3, 7, 3.125, 7.0625], "texture": "#0"},
				"east": {"uv": [8.5, 1.5, 8.5625, 1.5625], "texture": "#0"},
				"south": {"uv": [7, 3, 7.125, 3.0625], "texture": "#0"},
				"west": {"uv": [2, 8.5, 2.0625, 8.5625], "texture": "#0"},
				"up": {"uv": [3.625, 7.0625, 3.5, 7], "texture": "#0"},
				"down": {"uv": [7.125, 3.5, 7, 3.5625], "texture": "#0"}
			}
		},
		{
			"from": [7.2, 1.9, 8.1],
			"to": [7.3, 2, 8.2],
			"faces": {
				"north": {"uv": [8.5, 2, 8.5625, 2.0625], "texture": "#0"},
				"east": {"uv": [2.5, 8.5, 2.5625, 8.5625], "texture": "#0"},
				"south": {"uv": [8.5, 2.5, 8.5625, 2.5625], "texture": "#0"},
				"west": {"uv": [3, 8.5, 3.0625, 8.5625], "texture": "#0"},
				"up": {"uv": [8.5625, 3.0625, 8.5, 3], "texture": "#0"},
				"down": {"uv": [3.5625, 8.5, 3.5, 8.5625], "texture": "#0"}
			}
		},
		{
			"from": [7.1, 2, 8.1],
			"to": [7.2, 2.1, 8.2],
			"faces": {
				"north": {"uv": [8.5, 3.5, 8.5625, 3.5625], "texture": "#0"},
				"east": {"uv": [4, 8.5, 4.0625, 8.5625], "texture": "#0"},
				"south": {"uv": [8.5, 4, 8.5625, 4.0625], "texture": "#0"},
				"west": {"uv": [4.5, 8.5, 4.5625, 8.5625], "texture": "#0"},
				"up": {"uv": [8.5625, 4.5625, 8.5, 4.5], "texture": "#0"},
				"down": {"uv": [5.0625, 8.5, 5, 8.5625], "texture": "#0"}
			}
		},
		{
			"from": [7, 2.1, 8.2],
			"to": [7.1, 2.2, 8.3],
			"faces": {
				"north": {"uv": [8.5, 5, 8.5625, 5.0625], "texture": "#0"},
				"east": {"uv": [5.5, 8.5, 5.5625, 8.5625], "texture": "#0"},
				"south": {"uv": [8.5, 5.5, 8.5625, 5.5625], "texture": "#0"},
				"west": {"uv": [6, 8.5, 6.0625, 8.5625], "texture": "#0"},
				"up": {"uv": [8.5625, 6.0625, 8.5, 6], "texture": "#0"},
				"down": {"uv": [6.5625, 8.5, 6.5, 8.5625], "texture": "#0"}
			}
		},
		{
			"from": [7.5, 1.1, 8],
			"to": [7.7, 1.2, 8.1],
			"faces": {
				"north": {"uv": [4, 7, 4.125, 7.0625], "texture": "#0"},
				"east": {"uv": [8.5, 6.5, 8.5625, 6.5625], "texture": "#0"},
				"south": {"uv": [7, 4, 7.125, 4.0625], "texture": "#0"},
				"west": {"uv": [7, 8.5, 7.0625, 8.5625], "texture": "#0"},
				"up": {"uv": [4.625, 7.0625, 4.5, 7], "texture": "#0"},
				"down": {"uv": [7.125, 4.5, 7, 4.5625], "texture": "#0"}
			}
		},
		{
			"from": [7.4, 1.2, 8],
			"to": [7.5, 1.3, 8.1],
			"faces": {
				"north": {"uv": [8.5, 7, 8.5625, 7.0625], "texture": "#0"},
				"east": {"uv": [7.5, 8.5, 7.5625, 8.5625], "texture": "#0"},
				"south": {"uv": [8.5, 7.5, 8.5625, 7.5625], "texture": "#0"},
				"west": {"uv": [8, 8.5, 8.0625, 8.5625], "texture": "#0"},
				"up": {"uv": [8.5625, 8.0625, 8.5, 8], "texture": "#0"},
				"down": {"uv": [8.5625, 8.5, 8.5, 8.5625], "texture": "#0"}
			}
		},
		{
			"from": [7.3, 1.3, 8],
			"to": [7.4, 1.4, 8.1],
			"faces": {
				"north": {"uv": [0, 9, 0.0625, 9.0625], "texture": "#0"},
				"east": {"uv": [9, 0, 9.0625, 0.0625], "texture": "#0"},
				"south": {"uv": [0.5, 9, 0.5625, 9.0625], "texture": "#0"},
				"west": {"uv": [9, 0.5, 9.0625, 0.5625], "texture": "#0"},
				"up": {"uv": [1.0625, 9.0625, 1, 9], "texture": "#0"},
				"down": {"uv": [9.0625, 1, 9, 1.0625], "texture": "#0"}
			}
		},
		{
			"from": [7.2, 1.4, 7.9],
			"to": [7.3, 1.5, 8],
			"faces": {
				"north": {"uv": [1.5, 9, 1.5625, 9.0625], "texture": "#0"},
				"east": {"uv": [9, 1.5, 9.0625, 1.5625], "texture": "#0"},
				"south": {"uv": [2, 9, 2.0625, 9.0625], "texture": "#0"},
				"west": {"uv": [9, 2, 9.0625, 2.0625], "texture": "#0"},
				"up": {"uv": [2.5625, 9.0625, 2.5, 9], "texture": "#0"},
				"down": {"uv": [9.0625, 2.5, 9, 2.5625], "texture": "#0"}
			}
		},
		{
			"from": [8.1, 2.9, 8.2],
			"to": [8.3, 3, 8.3],
			"faces": {
				"north": {"uv": [5, 7, 5.125, 7.0625], "texture": "#0"},
				"east": {"uv": [3, 9, 3.0625, 9.0625], "texture": "#0"},
				"south": {"uv": [7, 5, 7.125, 5.0625], "texture": "#0"},
				"west": {"uv": [9, 3, 9.0625, 3.0625], "texture": "#0"},
				"up": {"uv": [5.625, 7.0625, 5.5, 7], "texture": "#0"},
				"down": {"uv": [7.125, 5.5, 7, 5.5625], "texture": "#0"}
			}
		},
		{
			"from": [8.3, 3, 8.2],
			"to": [8.4, 3.1, 8.3],
			"faces": {
				"north": {"uv": [3.5, 9, 3.5625, 9.0625], "texture": "#0"},
				"east": {"uv": [9, 3.5, 9.0625, 3.5625], "texture": "#0"},
				"south": {"uv": [4, 9, 4.0625, 9.0625], "texture": "#0"},
				"west": {"uv": [9, 4, 9.0625, 4.0625], "texture": "#0"},
				"up": {"uv": [4.5625, 9.0625, 4.5, 9], "texture": "#0"},
				"down": {"uv": [9.0625, 4.5, 9, 4.5625], "texture": "#0"}
			}
		},
		{
			"from": [8.4, 3.1, 8.2],
			"to": [8.5, 3.2, 8.3],
			"faces": {
				"north": {"uv": [5, 9, 5.0625, 9.0625], "texture": "#0"},
				"east": {"uv": [9, 5, 9.0625, 5.0625], "texture": "#0"},
				"south": {"uv": [5.5, 9, 5.5625, 9.0625], "texture": "#0"},
				"west": {"uv": [9, 5.5, 9.0625, 5.5625], "texture": "#0"},
				"up": {"uv": [6.0625, 9.0625, 6, 9], "texture": "#0"},
				"down": {"uv": [9.0625, 6, 9, 6.0625], "texture": "#0"}
			}
		},
		{
			"from": [8.5, 3.2, 8.3],
			"to": [8.6, 3.3, 8.4],
			"faces": {
				"north": {"uv": [6.5, 9, 6.5625, 9.0625], "texture": "#0"},
				"east": {"uv": [9, 6.5, 9.0625, 6.5625], "texture": "#0"},
				"south": {"uv": [7, 9, 7.0625, 9.0625], "texture": "#0"},
				"west": {"uv": [9, 7, 9.0625, 7.0625], "texture": "#0"},
				"up": {"uv": [7.5625, 9.0625, 7.5, 9], "texture": "#0"},
				"down": {"uv": [9.0625, 7.5, 9, 7.5625], "texture": "#0"}
			}
		},
		{
			"from": [8.5, 3.2, 8.1],
			"to": [8.6, 3.3, 8.2],
			"faces": {
				"north": {"uv": [8, 9, 8.0625, 9.0625], "texture": "#0"},
				"east": {"uv": [9, 8, 9.0625, 8.0625], "texture": "#0"},
				"south": {"uv": [8.5, 9, 8.5625, 9.0625], "texture": "#0"},
				"west": {"uv": [9, 8.5, 9.0625, 8.5625], "texture": "#0"},
				"up": {"uv": [9.0625, 9.0625, 9, 9], "texture": "#0"},
				"down": {"uv": [0.0625, 9.5, 0, 9.5625], "texture": "#0"}
			}
		},
		{
			"from": [8.3, 2.1, 8],
			"to": [8.5, 2.2, 8.1],
			"faces": {
				"north": {"uv": [6, 7, 6.125, 7.0625], "texture": "#0"},
				"east": {"uv": [9.5, 0, 9.5625, 0.0625], "texture": "#0"},
				"south": {"uv": [7, 6, 7.125, 6.0625], "texture": "#0"},
				"west": {"uv": [0.5, 9.5, 0.5625, 9.5625], "texture": "#0"},
				"up": {"uv": [6.625, 7.0625, 6.5, 7], "texture": "#0"},
				"down": {"uv": [7.125, 6.5, 7, 6.5625], "texture": "#0"}
			}
		},
		{
			"from": [8.5, 2.2, 8],
			"to": [8.6, 2.3, 8.1],
			"faces": {
				"north": {"uv": [9.5, 0.5, 9.5625, 0.5625], "texture": "#0"},
				"east": {"uv": [1, 9.5, 1.0625, 9.5625], "texture": "#0"},
				"south": {"uv": [9.5, 1, 9.5625, 1.0625], "texture": "#0"},
				"west": {"uv": [1.5, 9.5, 1.5625, 9.5625], "texture": "#0"},
				"up": {"uv": [9.5625, 1.5625, 9.5, 1.5], "texture": "#0"},
				"down": {"uv": [2.0625, 9.5, 2, 9.5625], "texture": "#0"}
			}
		},
		{
			"from": [8.6, 2.3, 8],
			"to": [8.7, 2.4, 8.1],
			"faces": {
				"north": {"uv": [9.5, 2, 9.5625, 2.0625], "texture": "#0"},
				"east": {"uv": [2.5, 9.5, 2.5625, 9.5625], "texture": "#0"},
				"south": {"uv": [9.5, 2.5, 9.5625, 2.5625], "texture": "#0"},
				"west": {"uv": [3, 9.5, 3.0625, 9.5625], "texture": "#0"},
				"up": {"uv": [9.5625, 3.0625, 9.5, 3], "texture": "#0"},
				"down": {"uv": [3.5625, 9.5, 3.5, 9.5625], "texture": "#0"}
			}
		},
		{
			"from": [8.7, 2.4, 8.1],
			"to": [8.8, 2.5, 8.2],
			"faces": {
				"north": {"uv": [9.5, 3.5, 9.5625, 3.5625], "texture": "#0"},
				"east": {"uv": [4, 9.5, 4.0625, 9.5625], "texture": "#0"},
				"south": {"uv": [9.5, 4, 9.5625, 4.0625], "texture": "#0"},
				"west": {"uv": [4.5, 9.5, 4.5625, 9.5625], "texture": "#0"},
				"up": {"uv": [9.5625, 4.5625, 9.5, 4.5], "texture": "#0"},
				"down": {"uv": [5.0625, 9.5, 5, 9.5625], "texture": "#0"}
			}
		},
		{
			"from": [8.3, 1.4, 8.1],
			"to": [8.5, 1.5, 8.2],
			"faces": {
				"north": {"uv": [7, 7, 7.125, 7.0625], "texture": "#0"},
				"east": {"uv": [9.5, 5, 9.5625, 5.0625], "texture": "#0"},
				"south": {"uv": [0, 7.5, 0.125, 7.5625], "texture": "#0"},
				"west": {"uv": [5.5, 9.5, 5.5625, 9.5625], "texture": "#0"},
				"up": {"uv": [7.625, 0.0625, 7.5, 0], "texture": "#0"},
				"down": {"uv": [0.625, 7.5, 0.5, 7.5625], "texture": "#0"}
			}
		},
		{
			"from": [8.5, 1.5, 8.1],
			"to": [8.6, 1.6, 8.2],
			"faces": {
				"north": {"uv": [9.5, 5.5, 9.5625, 5.5625], "texture": "#0"},
				"east": {"uv": [6, 9.5, 6.0625, 9.5625], "texture": "#0"},
				"south": {"uv": [9.5, 6, 9.5625, 6.0625], "texture": "#0"},
				"west": {"uv": [6.5, 9.5, 6.5625, 9.5625], "texture": "#0"},
				"up": {"uv": [9.5625, 6.5625, 9.5, 6.5], "texture": "#0"},
				"down": {"uv": [7.0625, 9.5, 7, 9.5625], "texture": "#0"}
			}
		},
		{
			"from": [8.6, 1.6, 8.1],
			"to": [8.7, 1.7, 8.2],
			"faces": {
				"north": {"uv": [9.5, 7, 9.5625, 7.0625], "texture": "#0"},
				"east": {"uv": [7.5, 9.5, 7.5625, 9.5625], "texture": "#0"},
				"south": {"uv": [9.5, 7.5, 9.5625, 7.5625], "texture": "#0"},
				"west": {"uv": [8, 9.5, 8.0625, 9.5625], "texture": "#0"},
				"up": {"uv": [9.5625, 8.0625, 9.5, 8], "texture": "#0"},
				"down": {"uv": [8.5625, 9.5, 8.5, 9.5625], "texture": "#0"}
			}
		},
		{
			"from": [8.7, 1.7, 8],
			"to": [8.8, 1.8, 8.1],
			"faces": {
				"north": {"uv": [9.5, 8.5, 9.5625, 8.5625], "texture": "#0"},
				"east": {"uv": [9, 9.5, 9.0625, 9.5625], "texture": "#0"},
				"south": {"uv": [9.5, 9, 9.5625, 9.0625], "texture": "#0"},
				"west": {"uv": [9.5, 9.5, 9.5625, 9.5625], "texture": "#0"},
				"up": {"uv": [0.0625, 10.0625, 0, 10], "texture": "#0"},
				"down": {"uv": [10.0625, 0, 10, 0.0625], "texture": "#0"}
			}
		},
		{
			"from": [7.8, 1.6, 7.5],
			"to": [7.9, 1.7, 7.7],
			"faces": {
				"north": {"uv": [0.5, 10, 0.5625, 10.0625], "texture": "#0"},
				"east": {"uv": [7.5, 0.5, 7.625, 0.5625], "texture": "#0"},
				"south": {"uv": [10, 0.5, 10.0625, 0.5625], "texture": "#0"},
				"west": {"uv": [1, 7.5, 1.125, 7.5625], "texture": "#0"},
				"up": {"uv": [7.5625, 1.125, 7.5, 1], "texture": "#0"},
				"down": {"uv": [1.5625, 7.5, 1.5, 7.625], "texture": "#0"}
			}
		},
		{
			"from": [7.8, 1.7, 7.4],
			"to": [7.9, 1.8, 7.5],
			"faces": {
				"north": {"uv": [1, 10, 1.0625, 10.0625], "texture": "#0"},
				"east": {"uv": [10, 1, 10.0625, 1.0625], "texture": "#0"},
				"south": {"uv": [1.5, 10, 1.5625, 10.0625], "texture": "#0"},
				"west": {"uv": [10, 1.5, 10.0625, 1.5625], "texture": "#0"},
				"up": {"uv": [2.0625, 10.0625, 2, 10], "texture": "#0"},
				"down": {"uv": [10.0625, 2, 10, 2.0625], "texture": "#0"}
			}
		},
		{
			"from": [7.8, 1.8, 7.3],
			"to": [7.9, 1.9, 7.4],
			"faces": {
				"north": {"uv": [2.5, 10, 2.5625, 10.0625], "texture": "#0"},
				"east": {"uv": [10, 2.5, 10.0625, 2.5625], "texture": "#0"},
				"south": {"uv": [3, 10, 3.0625, 10.0625], "texture": "#0"},
				"west": {"uv": [10, 3, 10.0625, 3.0625], "texture": "#0"},
				"up": {"uv": [3.5625, 10.0625, 3.5, 10], "texture": "#0"},
				"down": {"uv": [10.0625, 3.5, 10, 3.5625], "texture": "#0"}
			}
		},
		{
			"from": [7.7, 1.9, 7.2],
			"to": [7.8, 2, 7.3],
			"faces": {
				"north": {"uv": [4, 10, 4.0625, 10.0625], "texture": "#0"},
				"east": {"uv": [10, 4, 10.0625, 4.0625], "texture": "#0"},
				"south": {"uv": [4.5, 10, 4.5625, 10.0625], "texture": "#0"},
				"west": {"uv": [10, 4.5, 10.0625, 4.5625], "texture": "#0"},
				"up": {"uv": [5.0625, 10.0625, 5, 10], "texture": "#0"},
				"down": {"uv": [10.0625, 5, 10, 5.0625], "texture": "#0"}
			}
		},
		{
			"from": [8, 2.4, 7.6],
			"to": [8.1, 2.5, 7.8],
			"faces": {
				"north": {"uv": [5.5, 10, 5.5625, 10.0625], "texture": "#0"},
				"east": {"uv": [7.5, 1.5, 7.625, 1.5625], "texture": "#0"},
				"south": {"uv": [10, 5.5, 10.0625, 5.5625], "texture": "#0"},
				"west": {"uv": [2, 7.5, 2.125, 7.5625], "texture": "#0"},
				"up": {"uv": [7.5625, 2.125, 7.5, 2], "texture": "#0"},
				"down": {"uv": [2.5625, 7.5, 2.5, 7.625], "texture": "#0"}
			}
		},
		{
			"from": [8, 2.5, 7.5],
			"to": [8.1, 2.6, 7.6],
			"faces": {
				"north": {"uv": [6, 10, 6.0625, 10.0625], "texture": "#0"},
				"east": {"uv": [10, 6, 10.0625, 6.0625], "texture": "#0"},
				"south": {"uv": [6.5, 10, 6.5625, 10.0625], "texture": "#0"},
				"west": {"uv": [10, 6.5, 10.0625, 6.5625], "texture": "#0"},
				"up": {"uv": [7.0625, 10.0625, 7, 10], "texture": "#0"},
				"down": {"uv": [10.0625, 7, 10, 7.0625], "texture": "#0"}
			}
		},
		{
			"from": [8, 2.6, 7.4],
			"to": [8.1, 2.7, 7.5],
			"faces": {
				"north": {"uv": [7.5, 10, 7.5625, 10.0625], "texture": "#0"},
				"east": {"uv": [10, 7.5, 10.0625, 7.5625], "texture": "#0"},
				"south": {"uv": [8, 10, 8.0625, 10.0625], "texture": "#0"},
				"west": {"uv": [10, 8, 10.0625, 8.0625], "texture": "#0"},
				"up": {"uv": [8.5625, 10.0625, 8.5, 10], "texture": "#0"},
				"down": {"uv": [10.0625, 8.5, 10, 8.5625], "texture": "#0"}
			}
		},
		{
			"from": [8.1, 2.7, 7.3],
			"to": [8.2, 2.8, 7.4],
			"faces": {
				"north": {"uv": [9, 10, 9.0625, 10.0625], "texture": "#0"},
				"east": {"uv": [10, 9, 10.0625, 9.0625], "texture": "#0"},
				"south": {"uv": [9.5, 10, 9.5625, 10.0625], "texture": "#0"},
				"west": {"uv": [10, 9.5, 10.0625, 9.5625], "texture": "#0"},
				"up": {"uv": [10.0625, 10.0625, 10, 10], "texture": "#0"},
				"down": {"uv": [0.0625, 10.5, 0, 10.5625], "texture": "#0"}
			}
		},
		{
			"from": [7.7, 3.3, 7.4],
			"to": [7.8, 3.4, 7.5],
			"faces": {
				"north": {"uv": [10.5, 0, 10.5625, 0.0625], "texture": "#0"},
				"east": {"uv": [0.5, 10.5, 0.5625, 10.5625], "texture": "#0"},
				"south": {"uv": [10.5, 0.5, 10.5625, 0.5625], "texture": "#0"},
				"west": {"uv": [1, 10.5, 1.0625, 10.5625], "texture": "#0"},
				"up": {"uv": [10.5625, 1.0625, 10.5, 1], "texture": "#0"},
				"down": {"uv": [1.5625, 10.5, 1.5, 10.5625], "texture": "#0"}
			}
		},
		{
			"from": [7.5, 3.3, 7.4],
			"to": [7.6, 3.4, 7.5],
			"faces": {
				"north": {"uv": [10.5, 1.5, 10.5625, 1.5625], "texture": "#0"},
				"east": {"uv": [2, 10.5, 2.0625, 10.5625], "texture": "#0"},
				"south": {"uv": [10.5, 2, 10.5625, 2.0625], "texture": "#0"},
				"west": {"uv": [2.5, 10.5, 2.5625, 10.5625], "texture": "#0"},
				"up": {"uv": [10.5625, 2.5625, 10.5, 2.5], "texture": "#0"},
				"down": {"uv": [3.0625, 10.5, 3, 10.5625], "texture": "#0"}
			}
		},
		{
			"from": [7.6, 3.2, 7.5],
			"to": [7.7, 3.3, 7.6],
			"faces": {
				"north": {"uv": [10.5, 3, 10.5625, 3.0625], "texture": "#0"},
				"east": {"uv": [3.5, 10.5, 3.5625, 10.5625], "texture": "#0"},
				"south": {"uv": [10.5, 3.5, 10.5625, 3.5625], "texture": "#0"},
				"west": {"uv": [4, 10.5, 4.0625, 10.5625], "texture": "#0"},
				"up": {"uv": [10.5625, 4.0625, 10.5, 4], "texture": "#0"},
				"down": {"uv": [4.5625, 10.5, 4.5, 10.5625], "texture": "#0"}
			}
		},
		{
			"from": [7.6, 3.1, 7.6],
			"to": [7.7, 3.2, 7.7],
			"faces": {
				"north": {"uv": [10.5, 4.5, 10.5625, 4.5625], "texture": "#0"},
				"east": {"uv": [5, 10.5, 5.0625, 10.5625], "texture": "#0"},
				"south": {"uv": [10.5, 5, 10.5625, 5.0625], "texture": "#0"},
				"west": {"uv": [5.5, 10.5, 5.5625, 10.5625], "texture": "#0"},
				"up": {"uv": [10.5625, 5.5625, 10.5, 5.5], "texture": "#0"},
				"down": {"uv": [6.0625, 10.5, 6, 10.5625], "texture": "#0"}
			}
		},
		{
			"from": [7.6, 3, 7.7],
			"to": [7.7, 3.1, 7.9],
			"faces": {
				"north": {"uv": [10.5, 6, 10.5625, 6.0625], "texture": "#0"},
				"east": {"uv": [7.5, 2.5, 7.625, 2.5625], "texture": "#0"},
				"south": {"uv": [6.5, 10.5, 6.5625, 10.5625], "texture": "#0"},
				"west": {"uv": [3, 7.5, 3.125, 7.5625], "texture": "#0"},
				"up": {"uv": [7.5625, 3.125, 7.5, 3], "texture": "#0"},
				"down": {"uv": [3.5625, 7.5, 3.5, 7.625], "texture": "#0"}
			}
		},
		{
			"from": [7.9, 4.4, 8.2],
			"to": [8, 4.9, 8.3],
			"faces": {
				"north": {"uv": [5.5, 1, 5.5625, 1.25], "texture": "#0"},
				"east": {"uv": [1.5, 5.5, 1.5625, 5.75], "texture": "#0"},
				"south": {"uv": [5.5, 1.5, 5.5625, 1.75], "texture": "#0"},
				"west": {"uv": [2, 5.5, 2.0625, 5.75], "texture": "#0"},
				"up": {"uv": [10.5625, 6.5625, 10.5, 6.5], "texture": "#0"},
				"down": {"uv": [7.0625, 10.5, 7, 10.5625], "texture": "#0"}
			}
		},
		{
			"from": [7.95, 0.2, 7.95],
			"to": [8.05, 0.7, 8.05],
			"faces": {
				"north": {"uv": [5.5, 2, 5.5625, 2.25], "texture": "#0"},
				"east": {"uv": [2.5, 5.5, 2.5625, 5.75], "texture": "#0"},
				"south": {"uv": [5.5, 2.5, 5.5625, 2.75], "texture": "#0"},
				"west": {"uv": [3, 5.5, 3.0625, 5.75], "texture": "#0"},
				"up": {"uv": [10.5625, 7.0625, 10.5, 7], "texture": "#0"},
				"down": {"uv": [7.5625, 10.5, 7.5, 10.5625], "texture": "#0"}
			}
		},
		{
			"from": [7.8, 4.8, 8.3],
			"to": [7.9, 5.3, 8.4],
			"faces": {
				"north": {"uv": [5.5, 3, 5.5625, 3.25], "texture": "#0"},
				"east": {"uv": [3.5, 5.5, 3.5625, 5.75], "texture": "#0"},
				"south": {"uv": [5.5, 3.5, 5.5625, 3.75], "texture": "#0"},
				"west": {"uv": [4, 5.5, 4.0625, 5.75], "texture": "#0"},
				"up": {"uv": [10.5625, 7.5625, 10.5, 7.5], "texture": "#0"},
				"down": {"uv": [8.0625, 10.5, 8, 10.5625], "texture": "#0"}
			}
		},
		{
			"from": [7.7, 5.1, 8.2],
			"to": [7.8, 5.6, 8.3],
			"faces": {
				"north": {"uv": [5.5, 4, 5.5625, 4.25], "texture": "#0"},
				"east": {"uv": [4.5, 5.5, 4.5625, 5.75], "texture": "#0"},
				"south": {"uv": [5.5, 4.5, 5.5625, 4.75], "texture": "#0"},
				"west": {"uv": [5, 5.5, 5.0625, 5.75], "texture": "#0"},
				"up": {"uv": [10.5625, 8.0625, 10.5, 8], "texture": "#0"},
				"down": {"uv": [8.5625, 10.5, 8.5, 10.5625], "texture": "#0"}
			}
		},
		{
			"from": [7.8, 5.5, 8.1],
			"to": [7.9, 6, 8.2],
			"faces": {
				"north": {"uv": [5.5, 5, 5.5625, 5.25], "texture": "#0"},
				"east": {"uv": [5.5, 5.5, 5.5625, 5.75], "texture": "#0"},
				"south": {"uv": [0, 6, 0.0625, 6.25], "texture": "#0"},
				"west": {"uv": [6, 0, 6.0625, 0.25], "texture": "#0"},
				"up": {"uv": [10.5625, 8.5625, 10.5, 8.5], "texture": "#0"},
				"down": {"uv": [9.0625, 10.5, 9, 10.5625], "texture": "#0"}
			}
		},
		{
			"from": [7.825, 6, 8.125],
			"to": [7.875, 6.1, 8.175],
			"faces": {
				"north": {"uv": [10.5, 9, 10.5625, 9.0625], "texture": "#0"},
				"east": {"uv": [9.5, 10.5, 9.5625, 10.5625], "texture": "#0"},
				"south": {"uv": [10.5, 9.5, 10.5625, 9.5625], "texture": "#0"},
				"west": {"uv": [10, 10.5, 10.0625, 10.5625], "texture": "#0"},
				"up": {"uv": [10.5625, 10.0625, 10.5, 10], "texture": "#0"},
				"down": {"uv": [10.5625, 10.5, 10.5, 10.5625], "texture": "#0"}
			}
		},
		{
			"from": [7.725, 5.6, 8.225],
			"to": [7.775, 5.7, 8.275],
			"faces": {
				"north": {"uv": [0, 11, 0.0625, 11.0625], "texture": "#0"},
				"east": {"uv": [11, 0, 11.0625, 0.0625], "texture": "#0"},
				"south": {"uv": [0.5, 11, 0.5625, 11.0625], "texture": "#0"},
				"west": {"uv": [11, 0.5, 11.0625, 0.5625], "texture": "#0"},
				"up": {"uv": [1.0625, 11.0625, 1, 11], "texture": "#0"},
				"down": {"uv": [11.0625, 1, 11, 1.0625], "texture": "#0"}
			}
		},
		{
			"from": [7.825, 5.3, 8.325],
			"to": [7.875, 5.4, 8.375],
			"faces": {
				"north": {"uv": [1.5, 11, 1.5625, 11.0625], "texture": "#0"},
				"east": {"uv": [11, 1.5, 11.0625, 1.5625], "texture": "#0"},
				"south": {"uv": [2, 11, 2.0625, 11.0625], "texture": "#0"},
				"west": {"uv": [11, 2, 11.0625, 2.0625], "texture": "#0"},
				"up": {"uv": [2.5625, 11.0625, 2.5, 11], "texture": "#0"},
				"down": {"uv": [11.0625, 2.5, 11, 2.5625], "texture": "#0"}
			}
		},
		{
			"from": [7.6, 3.3, 7.9],
			"to": [7.7, 3.4, 8.1],
			"faces": {
				"north": {"uv": [3, 11, 3.0625, 11.0625], "texture": "#0"},
				"east": {"uv": [7.5, 3.5, 7.625, 3.5625], "texture": "#0"},
				"south": {"uv": [11, 3, 11.0625, 3.0625], "texture": "#0"},
				"west": {"uv": [4, 7.5, 4.125, 7.5625], "texture": "#0"},
				"up": {"uv": [7.5625, 4.125, 7.5, 4], "texture": "#0"},
				"down": {"uv": [4.5625, 7.5, 4.5, 7.625], "texture": "#0"}
			}
		},
		{
			"from": [7.8, 1.9, 8.3],
			"to": [8, 2.2, 8.5],
			"faces": {
				"north": {"uv": [0.5, 6, 0.625, 6.125], "texture": "#0"},
				"east": {"uv": [6, 0.5, 6.125, 0.625], "texture": "#0"},
				"south": {"uv": [1, 6, 1.125, 6.125], "texture": "#0"},
				"west": {"uv": [6, 1, 6.125, 1.125], "texture": "#0"},
				"up": {"uv": [1.625, 6.125, 1.5, 6], "texture": "#0"},
				"down": {"uv": [6.125, 1.5, 6, 1.625], "texture": "#0"}
			}
		}
	],
	"display": {
		"thirdperson_righthand": {
			"translation": [0, 22.5, 1.25],
			"scale": [3, 3, 3]
		},
		"thirdperson_lefthand": {
			"translation": [0, 22.5, 1.25],
			"scale": [3, 3, 3]
		},
		"firstperson_righthand": {
			"rotation": [-65, 9, 30],
			"translation": [-9, 8.25, 4]
		},
		"firstperson_lefthand": {
			"rotation": [-65, 9, 30],
			"translation": [-9, 8.25, 4]
		},
		"ground": {
			"translation": [0, 16.25, 0],
			"scale": [2.5, 2.5, 2.5]
		},
		"gui": {
			"rotation": [0, 0, -45],
			"translation": [10, 10, 0],
			"scale": [3, 3, 3]
		},
		"head": {
			"rotation": [-39, 46, -128],
			"translation": [-2.25, -2, -0.25],
			"scale": [3, 3, 3]
		},
		"fixed": {
			"rotation": [-180, 0, -180],
			"translation": [0, 15, 0],
			"scale": [3, 3, 3]
		}
	},
	"groups": [
		{
			"name": "group",
			"origin": [8, 8, 8],
			"color": 0,
			"children": [0, 1, 2, 3, 4, 5, 6, 7, 8, 9, 10, 11, 12, 13, 14, 15, 16, 17, 18, 19, 20, 21, 22, 23, 24, 25, 26, 27, 28, 29, 30, 31, 32, 33, 34, 35, 36, 37, 38, 39, 40, 41, 42, 43, 44, 45, 46, 47, 48, 49, 50, 51, 52, 53, 54, 55, 56, 57, 58, 59, 60, 61, 62, 63, 64, 65, 66, 67, 68, 69, 70, 71, 72, 73, 74, 75, 76, 77, 78, 79, 80, 81, 82]
		}
	]
}