{
	"credit": "Made with Blockbench",
	"texture_size": [32, 32],
	"textures": {
		"0": "item/wooden_pickaxe",
		"particle": "item/wooden_pickaxe"
	},
	"elements": [
		{
			"from": [7.7, -4.3, 7.7],
			"to": [8.3, -2.3, 8.3],
			"faces": {
				"north": {"uv": [2, 0, 2.3125, 1], "texture": "#0"},
				"east": {"uv": [2, 1, 2.3125, 2], "texture": "#0"},
				"south": {"uv": [2, 2, 2.3125, 3], "texture": "#0"},
				"west": {"uv": [2.5, 0, 2.8125, 1], "texture": "#0"},
				"up": {"uv": [0.3125, 3.3125, 0, 3], "texture": "#0"},
				"down": {"uv": [3.3125, 0, 3, 0.3125], "texture": "#0"}
			}
		},
		{
			"from": [7.7, -1.6, 7.7],
			"to": [8.3, -1.5, 8.3],
			"faces": {
				"north": {"uv": [2.5, 5, 2.8125, 5.0625], "texture": "#0"},
				"east": {"uv": [5, 2.5, 5.3125, 2.5625], "texture": "#0"},
				"south": {"uv": [3, 5, 3.3125, 5.0625], "texture": "#0"},
				"west": {"uv": [5, 3, 5.3125, 3.0625], "texture": "#0"},
				"up": {"uv": [0.8125, 3.3125, 0.5, 3], "texture": "#0"},
				"down": {"uv": [3.3125, 0.5, 3, 0.8125], "texture": "#0"}
			}
		},
		{
			"from": [7.7, -2.3, 7.9],
			"to": [7.8, -1.6, 8.1],
			"faces": {
				"north": {"uv": [4.5, 3, 4.5625, 3.375], "texture": "#0"},
				"east": {"uv": [1, 4, 1.125, 4.375], "texture": "#0"},
				"south": {"uv": [3.5, 4.5, 3.5625, 4.875], "texture": "#0"},
				"west": {"uv": [4, 1, 4.125, 1.375], "texture": "#0"},
				"up": {"uv": [3.0625, 10.125, 3, 10], "texture": "#0"},
				"down": {"uv": [10.0625, 3, 10, 3.125], "texture": "#0"}
			}
		},
		{
			"from": [8.2, -2.3, 7.9],
			"to": [8.3, -1.6, 8.1],
			"faces": {
				"north": {"uv": [4.5, 3.5, 4.5625, 3.875], "texture": "#0"},
				"east": {"uv": [1.5, 4, 1.625, 4.375], "texture": "#0"},
				"south": {"uv": [4, 4.5, 4.0625, 4.875], "texture": "#0"},
				"west": {"uv": [4, 1.5, 4.125, 1.875], "texture": "#0"},
				"up": {"uv": [3.5625, 10.125, 3.5, 10], "texture": "#0"},
				"down": {"uv": [10.0625, 3.5, 10, 3.625], "texture": "#0"}
			}
		},
		{
			"from": [7.9, -2.3, 8.2],
			"to": [8.1, -1.6, 8.3],
			"faces": {
				"north": {"uv": [2, 4, 2.125, 4.375], "texture": "#0"},
				"east": {"uv": [4.5, 4, 4.5625, 4.375], "texture": "#0"},
				"south": {"uv": [4, 2, 4.125, 2.375], "texture": "#0"},
				"west": {"uv": [4.5, 4.5, 4.5625, 4.875], "texture": "#0"},
				"up": {"uv": [4.125, 10.0625, 4, 10], "texture": "#0"},
				"down": {"uv": [10.125, 4, 10, 4.0625], "texture": "#0"}
			}
		},
		{
			"from": [7.9, -2.3, 7.7],
			"to": [8.1, -1.6, 7.8],
			"faces": {
				"north": {"uv": [2.5, 4, 2.625, 4.375], "texture": "#0"},
				"east": {"uv": [0, 5, 0.0625, 5.375], "texture": "#0"},
				"south": {"uv": [4, 2.5, 4.125, 2.875], "texture": "#0"},
				"west": {"uv": [5, 0, 5.0625, 0.375], "texture": "#0"},
				"up": {"uv": [4.625, 10.0625, 4.5, 10], "texture": "#0"},
				"down": {"uv": [10.125, 4.5, 10, 4.5625], "texture": "#0"}
			}
		},
		{
			"from": [7.9, 2.6, 7.7],
			"to": [8.1, 3.3, 7.8],
			"faces": {
				"north": {"uv": [4.5, 0, 4.625, 0.375], "texture": "#0"},
				"east": {"uv": [2, 5, 2.0625, 5.375], "texture": "#0"},
				"south": {"uv": [0.5, 4.5, 0.625, 4.875], "texture": "#0"},
				"west": {"uv": [5, 2, 5.0625, 2.375], "texture": "#0"},
				"up": {"uv": [6.625, 10.0625, 6.5, 10], "texture": "#0"},
				"down": {"uv": [10.125, 6.5, 10, 6.5625], "texture": "#0"}
			}
		},
		{
			"from": [7.7, 2.6, 7.9],
			"to": [7.8, 3.3, 8.1],
			"faces": {
				"north": {"uv": [1.5, 5, 1.5625, 5.375], "texture": "#0"},
				"east": {"uv": [4, 4, 4.125, 4.375], "texture": "#0"},
				"south": {"uv": [5, 1.5, 5.0625, 1.875], "texture": "#0"},
				"west": {"uv": [0, 4.5, 0.125, 4.875], "texture": "#0"},
				"up": {"uv": [6.0625, 10.125, 6, 10], "texture": "#0"},
				"down": {"uv": [10.0625, 6, 10, 6.125], "texture": "#0"}
			}
		},
		{
			"from": [7.4, 2.9, 7.9],
			"to": [7.7, 3.2, 8.1],
			"faces": {
				"north": {"uv": [5.5, 0.5, 5.625, 0.625], "texture": "#0"},
				"east": {"uv": [1, 5.5, 1.125, 5.625], "texture": "#0"},
				"south": {"uv": [5.5, 1, 5.625, 1.125], "texture": "#0"},
				"west": {"uv": [1.5, 5.5, 1.625, 5.625], "texture": "#0"},
				"up": {"uv": [5.625, 1.625, 5.5, 1.5], "texture": "#0"},
				"down": {"uv": [2.125, 5.5, 2, 5.625], "texture": "#0"}
			}
		},
		{
			"from": [8.6, 2.6, 7.9],
			"to": [9.8, 2.9, 8.1],
			"faces": {
				"north": {"uv": [2, 3, 2.625, 3.125], "texture": "#0"},
				"east": {"uv": [5.5, 3.5, 5.625, 3.625], "texture": "#0"},
				"south": {"uv": [3, 2, 3.625, 2.125], "texture": "#0"},
				"west": {"uv": [4, 5.5, 4.125, 5.625], "texture": "#0"},
				"up": {"uv": [3.625, 2.625, 3, 2.5], "texture": "#0"},
				"down": {"uv": [3.625, 3, 3, 3.125], "texture": "#0"}
			}
		},
		{
			"from": [6.2, 2.6, 7.9],
			"to": [7.4, 2.9, 8.1],
			"faces": {
				"north": {"uv": [0, 3.5, 0.625, 3.625], "texture": "#0"},
				"east": {"uv": [5.5, 4, 5.625, 4.125], "texture": "#0"},
				"south": {"uv": [3.5, 0, 4.125, 0.125], "texture": "#0"},
				"west": {"uv": [4.5, 5.5, 4.625, 5.625], "texture": "#0"},
				"up": {"uv": [4.125, 0.625, 3.5, 0.5], "texture": "#0"},
				"down": {"uv": [1.625, 3.5, 1, 3.625], "texture": "#0"}
			}
		},
		{
			"from": [5.4, 2.9, 7.9],
			"to": [6.2, 3.2, 8.1],
			"faces": {
				"north": {"uv": [4.5, 0.5, 4.875, 0.625], "texture": "#0"},
				"east": {"uv": [5.5, 4.5, 5.625, 4.625], "texture": "#0"},
				"south": {"uv": [1, 4.5, 1.375, 4.625], "texture": "#0"},
				"west": {"uv": [5, 5.5, 5.125, 5.625], "texture": "#0"},
				"up": {"uv": [4.875, 1.125, 4.5, 1], "texture": "#0"},
				"down": {"uv": [1.875, 4.5, 1.5, 4.625], "texture": "#0"}
			}
		},
		{
			"from": [5.1, 3, 7.9],
			"to": [5.4, 3.1, 8.1],
			"faces": {
				"north": {"uv": [7, 10, 7.125, 10.0625], "texture": "#0"},
				"east": {"uv": [10, 7, 10.125, 7.0625], "texture": "#0"},
				"south": {"uv": [7.5, 10, 7.625, 10.0625], "texture": "#0"},
				"west": {"uv": [10, 7.5, 10.125, 7.5625], "texture": "#0"},
				"up": {"uv": [0.125, 6.125, 0, 6], "texture": "#0"},
				"down": {"uv": [6.125, 0, 6, 0.125], "texture": "#0"}
			}
		},
		{
			"from": [10.6, 3, 7.9],
			"to": [10.9, 3.1, 8.1],
			"faces": {
				"north": {"uv": [8, 10, 8.125, 10.0625], "texture": "#0"},
				"east": {"uv": [10, 8, 10.125, 8.0625], "texture": "#0"},
				"south": {"uv": [8.5, 10, 8.625, 10.0625], "texture": "#0"},
				"west": {"uv": [10, 8.5, 10.125, 8.5625], "texture": "#0"},
				"up": {"uv": [0.625, 6.125, 0.5, 6], "texture": "#0"},
				"down": {"uv": [6.125, 0.5, 6, 0.625], "texture": "#0"}
			}
		},
		{
			"from": [9.8, 2.9, 7.9],
			"to": [10.6, 3.2, 8.1],
			"faces": {
				"north": {"uv": [4.5, 1.5, 4.875, 1.625], "texture": "#0"},
				"east": {"uv": [5.5, 5, 5.625, 5.125], "texture": "#0"},
				"south": {"uv": [2, 4.5, 2.375, 4.625], "texture": "#0"},
				"west": {"uv": [5.5, 5.5, 5.625, 5.625], "texture": "#0"},
				"up": {"uv": [4.875, 2.125, 4.5, 2], "texture": "#0"},
				"down": {"uv": [2.875, 4.5, 2.5, 4.625], "texture": "#0"}
			}
		},
		{
			"from": [8.3, 2.9, 7.9],
			"to": [8.6, 3.2, 8.1],
			"faces": {
				"north": {"uv": [5.5, 2, 5.625, 2.125], "texture": "#0"},
				"east": {"uv": [2.5, 5.5, 2.625, 5.625], "texture": "#0"},
				"south": {"uv": [5.5, 2.5, 5.625, 2.625], "texture": "#0"},
				"west": {"uv": [3, 5.5, 3.125, 5.625], "texture": "#0"},
				"up": {"uv": [5.625, 3.125, 5.5, 3], "texture": "#0"},
				"down": {"uv": [3.625, 5.5, 3.5, 5.625], "texture": "#0"}
			}
		},
		{
			"from": [8.4, 3, 8.1],
			"to": [8.5, 3.1, 8.2],
			"faces": {
				"north": {"uv": [11.5, 9, 11.5625, 9.0625], "texture": "#0"},
				"east": {"uv": [9.5, 11.5, 9.5625, 11.5625], "texture": "#0"},
				"south": {"uv": [11.5, 9.5, 11.5625, 9.5625], "texture": "#0"},
				"west": {"uv": [10, 11.5, 10.0625, 11.5625], "texture": "#0"},
				"up": {"uv": [11.5625, 10.0625, 11.5, 10], "texture": "#0"},
				"down": {"uv": [10.5625, 11.5, 10.5, 11.5625], "texture": "#0"}
			}
		},
		{
			"from": [8.4, 3, 7.8],
			"to": [8.5, 3.1, 7.9],
			"faces": {
				"north": {"uv": [11.5, 10.5, 11.5625, 10.5625], "texture": "#0"},
				"east": {"uv": [11, 11.5, 11.0625, 11.5625], "texture": "#0"},
				"south": {"uv": [11.5, 11, 11.5625, 11.0625], "texture": "#0"},
				"west": {"uv": [11.5, 11.5, 11.5625, 11.5625], "texture": "#0"},
				"up": {"uv": [0.0625, 12.0625, 0, 12], "texture": "#0"},
				"down": {"uv": [12.0625, 0, 12, 0.0625], "texture": "#0"}
			}
		},
		{
			"from": [7.5, 3, 7.8],
			"to": [7.6, 3.1, 7.9],
			"faces": {
				"north": {"uv": [2, 12, 2.0625, 12.0625], "texture": "#0"},
				"east": {"uv": [12, 2, 12.0625, 2.0625], "texture": "#0"},
				"south": {"uv": [2.5, 12, 2.5625, 12.0625], "texture": "#0"},
				"west": {"uv": [12, 2.5, 12.0625, 2.5625], "texture": "#0"},
				"up": {"uv": [3.0625, 12.0625, 3, 12], "texture": "#0"},
				"down": {"uv": [12.0625, 3, 12, 3.0625], "texture": "#0"}
			}
		},
		{
			"from": [7.5, 3, 8.1],
			"to": [7.6, 3.1, 8.2],
			"faces": {
				"north": {"uv": [0.5, 12, 0.5625, 12.0625], "texture": "#0"},
				"east": {"uv": [12, 0.5, 12.0625, 0.5625], "texture": "#0"},
				"south": {"uv": [1, 12, 1.0625, 12.0625], "texture": "#0"},
				"west": {"uv": [12, 1, 12.0625, 1.0625], "texture": "#0"},
				"up": {"uv": [1.5625, 12.0625, 1.5, 12], "texture": "#0"},
				"down": {"uv": [12.0625, 1.5, 12, 1.5625], "texture": "#0"}
			}
		},
		{
			"from": [7.4, 2.9, 7.8],
			"to": [7.5, 3, 7.9],
			"faces": {
				"north": {"uv": [5, 12, 5.0625, 12.0625], "texture": "#0"},
				"east": {"uv": [12, 5, 12.0625, 5.0625], "texture": "#0"},
				"south": {"uv": [5.5, 12, 5.5625, 12.0625], "texture": "#0"},
				"west": {"uv": [12, 5.5, 12.0625, 5.5625], "texture": "#0"},
				"up": {"uv": [6.0625, 12.0625, 6, 12], "texture": "#0"},
				"down": {"uv": [12.0625, 6, 12, 6.0625], "texture": "#0"}
			}
		},
		{
			"from": [7.4, 2.9, 8.1],
			"to": [7.5, 3, 8.2],
			"faces": {
				"north": {"uv": [3.5, 12, 3.5625, 12.0625], "texture": "#0"},
				"east": {"uv": [12, 3.5, 12.0625, 3.5625], "texture": "#0"},
				"south": {"uv": [4, 12, 4.0625, 12.0625], "texture": "#0"},
				"west": {"uv": [12, 4, 12.0625, 4.0625], "texture": "#0"},
				"up": {"uv": [4.5625, 12.0625, 4.5, 12], "texture": "#0"},
				"down": {"uv": [12.0625, 4.5, 12, 4.5625], "texture": "#0"}
			}
		},
		{
			"from": [7.3, 2.8, 7.8],
			"to": [7.4, 2.9, 7.9],
			"faces": {
				"north": {"uv": [8, 12, 8.0625, 12.0625], "texture": "#0"},
				"east": {"uv": [12, 8, 12.0625, 8.0625], "texture": "#0"},
				"south": {"uv": [8.5, 12, 8.5625, 12.0625], "texture": "#0"},
				"west": {"uv": [12, 8.5, 12.0625, 8.5625], "texture": "#0"},
				"up": {"uv": [9.0625, 12.0625, 9, 12], "texture": "#0"},
				"down": {"uv": [12.0625, 9, 12, 9.0625], "texture": "#0"}
			}
		},
		{
			"from": [7.3, 2.8, 8.1],
			"to": [7.4, 2.9, 8.2],
			"faces": {
				"north": {"uv": [6.5, 12, 6.5625, 12.0625], "texture": "#0"},
				"east": {"uv": [12, 6.5, 12.0625, 6.5625], "texture": "#0"},
				"south": {"uv": [7, 12, 7.0625, 12.0625], "texture": "#0"},
				"west": {"uv": [12, 7, 12.0625, 7.0625], "texture": "#0"},
				"up": {"uv": [7.5625, 12.0625, 7.5, 12], "texture": "#0"},
				"down": {"uv": [12.0625, 7.5, 12, 7.5625], "texture": "#0"}
			}
		},
		{
			"from": [7.2, 2.7, 7.8],
			"to": [7.3, 2.8, 7.9],
			"faces": {
				"north": {"uv": [11, 12, 11.0625, 12.0625], "texture": "#0"},
				"east": {"uv": [12, 11, 12.0625, 11.0625], "texture": "#0"},
				"south": {"uv": [11.5, 12, 11.5625, 12.0625], "texture": "#0"},
				"west": {"uv": [12, 11.5, 12.0625, 11.5625], "texture": "#0"},
				"up": {"uv": [12.0625, 12.0625, 12, 12], "texture": "#0"},
				"down": {"uv": [0.0625, 12.5, 0, 12.5625], "texture": "#0"}
			}
		},
		{
			"from": [7.2, 2.7, 8.1],
			"to": [7.3, 2.8, 8.2],
			"faces": {
				"north": {"uv": [9.5, 12, 9.5625, 12.0625], "texture": "#0"},
				"east": {"uv": [12, 9.5, 12.0625, 9.5625], "texture": "#0"},
				"south": {"uv": [10, 12, 10.0625, 12.0625], "texture": "#0"},
				"west": {"uv": [12, 10, 12.0625, 10.0625], "texture": "#0"},
				"up": {"uv": [10.5625, 12.0625, 10.5, 12], "texture": "#0"},
				"down": {"uv": [12.0625, 10.5, 12, 10.5625], "texture": "#0"}
			}
		},
		{
			"from": [6.3, 2.7, 8.1],
			"to": [6.4, 2.8, 8.2],
			"faces": {
				"north": {"uv": [12.5, 9, 12.5625, 9.0625], "texture": "#0"},
				"east": {"uv": [9.5, 12.5, 9.5625, 12.5625], "texture": "#0"},
				"south": {"uv": [12.5, 9.5, 12.5625, 9.5625], "texture": "#0"},
				"west": {"uv": [10, 12.5, 10.0625, 12.5625], "texture": "#0"},
				"up": {"uv": [12.5625, 10.0625, 12.5, 10], "texture": "#0"},
				"down": {"uv": [10.5625, 12.5, 10.5, 12.5625], "texture": "#0"}
			}
		},
		{
			"from": [6.3, 2.7, 7.8],
			"to": [6.4, 2.8, 7.9],
			"faces": {
				"north": {"uv": [12.5, 10.5, 12.5625, 10.5625], "texture": "#0"},
				"east": {"uv": [11, 12.5, 11.0625, 12.5625], "texture": "#0"},
				"south": {"uv": [12.5, 11, 12.5625, 11.0625], "texture": "#0"},
				"west": {"uv": [11.5, 12.5, 11.5625, 12.5625], "texture": "#0"},
				"up": {"uv": [12.5625, 11.5625, 12.5, 11.5], "texture": "#0"},
				"down": {"uv": [12.0625, 12.5, 12, 12.5625], "texture": "#0"}
			}
		},
		{
			"from": [9.6, 2.7, 7.8],
			"to": [9.7, 2.8, 7.9],
			"faces": {
				"north": {"uv": [1, 13, 1.0625, 13.0625], "texture": "#0"},
				"east": {"uv": [13, 1, 13.0625, 1.0625], "texture": "#0"},
				"south": {"uv": [1.5, 13, 1.5625, 13.0625], "texture": "#0"},
				"west": {"uv": [13, 1.5, 13.0625, 1.5625], "texture": "#0"},
				"up": {"uv": [2.0625, 13.0625, 2, 13], "texture": "#0"},
				"down": {"uv": [13.0625, 2, 13, 2.0625], "texture": "#0"}
			}
		},
		{
			"from": [9.6, 2.7, 8.1],
			"to": [9.7, 2.8, 8.2],
			"faces": {
				"north": {"uv": [12.5, 12, 12.5625, 12.0625], "texture": "#0"},
				"east": {"uv": [12.5, 12.5, 12.5625, 12.5625], "texture": "#0"},
				"south": {"uv": [0, 13, 0.0625, 13.0625], "texture": "#0"},
				"west": {"uv": [13, 0, 13.0625, 0.0625], "texture": "#0"},
				"up": {"uv": [0.5625, 13.0625, 0.5, 13], "texture": "#0"},
				"down": {"uv": [13.0625, 0.5, 13, 0.5625], "texture": "#0"}
			}
		},
		{
			"from": [9.7, 2.8, 7.8],
			"to": [9.8, 2.9, 7.9],
			"faces": {
				"north": {"uv": [4, 13, 4.0625, 13.0625], "texture": "#0"},
				"east": {"uv": [13, 4, 13.0625, 4.0625], "texture": "#0"},
				"south": {"uv": [4.5, 13, 4.5625, 13.0625], "texture": "#0"},
				"west": {"uv": [13, 4.5, 13.0625, 4.5625], "texture": "#0"},
				"up": {"uv": [5.0625, 13.0625, 5, 13], "texture": "#0"},
				"down": {"uv": [13.0625, 5, 13, 5.0625], "texture": "#0"}
			}
		},
		{
			"from": [9.7, 2.8, 8.1],
			"to": [9.8, 2.9, 8.2],
			"faces": {
				"north": {"uv": [2.5, 13, 2.5625, 13.0625], "texture": "#0"},
				"east": {"uv": [13, 2.5, 13.0625, 2.5625], "texture": "#0"},
				"south": {"uv": [3, 13, 3.0625, 13.0625], "texture": "#0"},
				"west": {"uv": [13, 3, 13.0625, 3.0625], "texture": "#0"},
				"up": {"uv": [3.5625, 13.0625, 3.5, 13], "texture": "#0"},
				"down": {"uv": [13.0625, 3.5, 13, 3.5625], "texture": "#0"}
			}
		},
		{
			"from": [9.8, 2.9, 7.8],
			"to": [9.9, 3, 7.9],
			"faces": {
				"north": {"uv": [7, 13, 7.0625, 13.0625], "texture": "#0"},
				"east": {"uv": [13, 7, 13.0625, 7.0625], "texture": "#0"},
				"south": {"uv": [7.5, 13, 7.5625, 13.0625], "texture": "#0"},
				"west": {"uv": [13, 7.5, 13.0625, 7.5625], "texture": "#0"},
				"up": {"uv": [8.0625, 13.0625, 8, 13], "texture": "#0"},
				"down": {"uv": [13.0625, 8, 13, 8.0625], "texture": "#0"}
			}
		},
		{
			"from": [9.8, 2.9, 8.1],
			"to": [9.9, 3, 8.2],
			"faces": {
				"north": {"uv": [5.5, 13, 5.5625, 13.0625], "texture": "#0"},
				"east": {"uv": [13, 5.5, 13.0625, 5.5625], "texture": "#0"},
				"south": {"uv": [6, 13, 6.0625, 13.0625], "texture": "#0"},
				"west": {"uv": [13, 6, 13.0625, 6.0625], "texture": "#0"},
				"up": {"uv": [6.5625, 13.0625, 6.5, 13], "texture": "#0"},
				"down": {"uv": [13.0625, 6.5, 13, 6.5625], "texture": "#0"}
			}
		},
		{
			"from": [9.9, 3, 7.8],
			"to": [10, 3.1, 7.9],
			"faces": {
				"north": {"uv": [10, 13, 10.0625, 13.0625], "texture": "#0"},
				"east": {"uv": [13, 10, 13.0625, 10.0625], "texture": "#0"},
				"south": {"uv": [10.5, 13, 10.5625, 13.0625], "texture": "#0"},
				"west": {"uv": [13, 10.5, 13.0625, 10.5625], "texture": "#0"},
				"up": {"uv": [11.0625, 13.0625, 11, 13], "texture": "#0"},
				"down": {"uv": [13.0625, 11, 13, 11.0625], "texture": "#0"}
			}
		},
		{
			"from": [9.9, 3, 8.1],
			"to": [10, 3.1, 8.2],
			"faces": {
				"north": {"uv": [8.5, 13, 8.5625, 13.0625], "texture": "#0"},
				"east": {"uv": [13, 8.5, 13.0625, 8.5625], "texture": "#0"},
				"south": {"uv": [9, 13, 9.0625, 13.0625], "texture": "#0"},
				"west": {"uv": [13, 9, 13.0625, 9.0625], "texture": "#0"},
				"up": {"uv": [9.5625, 13.0625, 9.5, 13], "texture": "#0"},
				"down": {"uv": [13.0625, 9.5, 13, 9.5625], "texture": "#0"}
			}
		},
		{
			"from": [6.2, 2.8, 7.8],
			"to": [6.3, 2.9, 7.9],
			"faces": {
				"north": {"uv": [13, 13, 13.0625, 13.0625], "texture": "#0"},
				"east": {"uv": [0, 13.5, 0.0625, 13.5625], "texture": "#0"},
				"south": {"uv": [13.5, 0, 13.5625, 0.0625], "texture": "#0"},
				"west": {"uv": [0.5, 13.5, 0.5625, 13.5625], "texture": "#0"},
				"up": {"uv": [13.5625, 0.5625, 13.5, 0.5], "texture": "#0"},
				"down": {"uv": [1.0625, 13.5, 1, 13.5625], "texture": "#0"}
			}
		},
		{
			"from": [6.2, 2.8, 8.1],
			"to": [6.3, 2.9, 8.2],
			"faces": {
				"north": {"uv": [11.5, 13, 11.5625, 13.0625], "texture": "#0"},
				"east": {"uv": [13, 11.5, 13.0625, 11.5625], "texture": "#0"},
				"south": {"uv": [12, 13, 12.0625, 13.0625], "texture": "#0"},
				"west": {"uv": [13, 12, 13.0625, 12.0625], "texture": "#0"},
				"up": {"uv": [12.5625, 13.0625, 12.5, 13], "texture": "#0"},
				"down": {"uv": [13.0625, 12.5, 13, 12.5625], "texture": "#0"}
			}
		},
		{
			"from": [6.1, 2.9, 7.8],
			"to": [6.2, 3, 7.9],
			"faces": {
				"north": {"uv": [13.5, 2.5, 13.5625, 2.5625], "texture": "#0"},
				"east": {"uv": [3, 13.5, 3.0625, 13.5625], "texture": "#0"},
				"south": {"uv": [13.5, 3, 13.5625, 3.0625], "texture": "#0"},
				"west": {"uv": [3.5, 13.5, 3.5625, 13.5625], "texture": "#0"},
				"up": {"uv": [13.5625, 3.5625, 13.5, 3.5], "texture": "#0"},
				"down": {"uv": [4.0625, 13.5, 4, 13.5625], "texture": "#0"}
			}
		},
		{
			"from": [6.1, 2.9, 8.1],
			"to": [6.2, 3, 8.2],
			"faces": {
				"north": {"uv": [13.5, 1, 13.5625, 1.0625], "texture": "#0"},
				"east": {"uv": [1.5, 13.5, 1.5625, 13.5625], "texture": "#0"},
				"south": {"uv": [13.5, 1.5, 13.5625, 1.5625], "texture": "#0"},
				"west": {"uv": [2, 13.5, 2.0625, 13.5625], "texture": "#0"},
				"up": {"uv": [13.5625, 2.0625, 13.5, 2], "texture": "#0"},
				"down": {"uv": [2.5625, 13.5, 2.5, 13.5625], "texture": "#0"}
			}
		},
		{
			"from": [6, 3, 7.8],
			"to": [6.1, 3.1, 7.9],
			"faces": {
				"north": {"uv": [13.5, 5.5, 13.5625, 5.5625], "texture": "#0"},
				"east": {"uv": [6, 13.5, 6.0625, 13.5625], "texture": "#0"},
				"south": {"uv": [13.5, 6, 13.5625, 6.0625], "texture": "#0"},
				"west": {"uv": [6.5, 13.5, 6.5625, 13.5625], "texture": "#0"},
				"up": {"uv": [13.5625, 6.5625, 13.5, 6.5], "texture": "#0"},
				"down": {"uv": [7.0625, 13.5, 7, 13.5625], "texture": "#0"}
			}
		},
		{
			"from": [6, 3, 8.1],
			"to": [6.1, 3.1, 8.2],
			"faces": {
				"north": {"uv": [13.5, 4, 13.5625, 4.0625], "texture": "#0"},
				"east": {"uv": [4.5, 13.5, 4.5625, 13.5625], "texture": "#0"},
				"south": {"uv": [13.5, 4.5, 13.5625, 4.5625], "texture": "#0"},
				"west": {"uv": [5, 13.5, 5.0625, 13.5625], "texture": "#0"},
				"up": {"uv": [13.5625, 5.0625, 13.5, 5], "texture": "#0"},
				"down": {"uv": [5.5625, 13.5, 5.5, 13.5625], "texture": "#0"}
			}
		},
		{
			"from": [8.5, 2.9, 7.8],
			"to": [8.6, 3, 7.9],
			"faces": {
				"north": {"uv": [12.5, 1.5, 12.5625, 1.5625], "texture": "#0"},
				"east": {"uv": [2, 12.5, 2.0625, 12.5625], "texture": "#0"},
				"south": {"uv": [12.5, 2, 12.5625, 2.0625], "texture": "#0"},
				"west": {"uv": [2.5, 12.5, 2.5625, 12.5625], "texture": "#0"},
				"up": {"uv": [12.5625, 2.5625, 12.5, 2.5], "texture": "#0"},
				"down": {"uv": [3.0625, 12.5, 3, 12.5625], "texture": "#0"}
			}
		},
		{
			"from": [8.5, 2.9, 8.1],
			"to": [8.6, 3, 8.2],
			"faces": {
				"north": {"uv": [12.5, 0, 12.5625, 0.0625], "texture": "#0"},
				"east": {"uv": [0.5, 12.5, 0.5625, 12.5625], "texture": "#0"},
				"south": {"uv": [12.5, 0.5, 12.5625, 0.5625], "texture": "#0"},
				"west": {"uv": [1, 12.5, 1.0625, 12.5625], "texture": "#0"},
				"up": {"uv": [12.5625, 1.0625, 12.5, 1], "texture": "#0"},
				"down": {"uv": [1.5625, 12.5, 1.5, 12.5625], "texture": "#0"}
			}
		},
		{
			"from": [8.6, 2.8, 7.8],
			"to": [8.7, 2.9, 7.9],
			"faces": {
				"north": {"uv": [12.5, 4.5, 12.5625, 4.5625], "texture": "#0"},
				"east": {"uv": [5, 12.5, 5.0625, 12.5625], "texture": "#0"},
				"south": {"uv": [12.5, 5, 12.5625, 5.0625], "texture": "#0"},
				"west": {"uv": [5.5, 12.5, 5.5625, 12.5625], "texture": "#0"},
				"up": {"uv": [12.5625, 5.5625, 12.5, 5.5], "texture": "#0"},
				"down": {"uv": [6.0625, 12.5, 6, 12.5625], "texture": "#0"}
			}
		},
		{
			"from": [8.6, 2.8, 8.1],
			"to": [8.7, 2.9, 8.2],
			"faces": {
				"north": {"uv": [12.5, 3, 12.5625, 3.0625], "texture": "#0"},
				"east": {"uv": [3.5, 12.5, 3.5625, 12.5625], "texture": "#0"},
				"south": {"uv": [12.5, 3.5, 12.5625, 3.5625], "texture": "#0"},
				"west": {"uv": [4, 12.5, 4.0625, 12.5625], "texture": "#0"},
				"up": {"uv": [12.5625, 4.0625, 12.5, 4], "texture": "#0"},
				"down": {"uv": [4.5625, 12.5, 4.5, 12.5625], "texture": "#0"}
			}
		},
		{
			"from": [8.7, 2.7, 7.8],
			"to": [8.8, 2.8, 7.9],
			"faces": {
				"north": {"uv": [12.5, 7.5, 12.5625, 7.5625], "texture": "#0"},
				"east": {"uv": [8, 12.5, 8.0625, 12.5625], "texture": "#0"},
				"south": {"uv": [12.5, 8, 12.5625, 8.0625], "texture": "#0"},
				"west": {"uv": [8.5, 12.5, 8.5625, 12.5625], "texture": "#0"},
				"up": {"uv": [12.5625, 8.5625, 12.5, 8.5], "texture": "#0"},
				"down": {"uv": [9.0625, 12.5, 9, 12.5625], "texture": "#0"}
			}
		},
		{
			"from": [8.7, 2.7, 8.1],
			"to": [8.8, 2.8, 8.2],
			"faces": {
				"north": {"uv": [12.5, 6, 12.5625, 6.0625], "texture": "#0"},
				"east": {"uv": [6.5, 12.5, 6.5625, 12.5625], "texture": "#0"},
				"south": {"uv": [12.5, 6.5, 12.5625, 6.5625], "texture": "#0"},
				"west": {"uv": [7, 12.5, 7.0625, 12.5625], "texture": "#0"},
				"up": {"uv": [12.5625, 7.0625, 12.5, 7], "texture": "#0"},
				"down": {"uv": [7.5625, 12.5, 7.5, 12.5625], "texture": "#0"}
			}
		},
		{
			"from": [7.7, 3.3, 7.7],
			"to": [8.3, 3.4, 8.3],
			"faces": {
				"north": {"uv": [3.5, 5, 3.8125, 5.0625], "texture": "#0"},
				"east": {"uv": [5, 3.5, 5.3125, 3.5625], "texture": "#0"},
				"south": {"uv": [4, 5, 4.3125, 5.0625], "texture": "#0"},
				"west": {"uv": [5, 4, 5.3125, 4.0625], "texture": "#0"},
				"up": {"uv": [1.3125, 3.3125, 1, 3], "texture": "#0"},
				"down": {"uv": [3.3125, 1, 3, 1.3125], "texture": "#0"}
			}
		},
		{
			"from": [7.9, 3.5, 7.9],
			"to": [8.1, 3.6, 8.1],
			"faces": {
				"north": {"uv": [9.5, 7.5, 9.625, 7.5625], "texture": "#0"},
				"east": {"uv": [8, 9.5, 8.125, 9.5625], "texture": "#0"},
				"south": {"uv": [9.5, 8, 9.625, 8.0625], "texture": "#0"},
				"west": {"uv": [8.5, 9.5, 8.625, 9.5625], "texture": "#0"},
				"up": {"uv": [5.625, 0.125, 5.5, 0], "texture": "#0"},
				"down": {"uv": [0.625, 5.5, 0.5, 5.625], "texture": "#0"}
			}
		},
		{
			"from": [7.7, 2.5, 7.7],
			"to": [8.3, 2.6, 8.3],
			"faces": {
				"north": {"uv": [4.5, 5, 4.8125, 5.0625], "texture": "#0"},
				"east": {"uv": [5, 4.5, 5.3125, 4.5625], "texture": "#0"},
				"south": {"uv": [5, 5, 5.3125, 5.0625], "texture": "#0"},
				"west": {"uv": [0, 5.5, 0.3125, 5.5625], "texture": "#0"},
				"up": {"uv": [1.8125, 3.3125, 1.5, 3], "texture": "#0"},
				"down": {"uv": [3.3125, 1.5, 3, 1.8125], "texture": "#0"}
			}
		},
		{
			"from": [7.9, 2.6, 8.2],
			"to": [8.1, 3.3, 8.3],
			"faces": {
				"north": {"uv": [3.5, 4, 3.625, 4.375], "texture": "#0"},
				"east": {"uv": [1, 5, 1.0625, 5.375], "texture": "#0"},
				"south": {"uv": [4, 3.5, 4.125, 3.875], "texture": "#0"},
				"west": {"uv": [5, 1, 5.0625, 1.375], "texture": "#0"},
				"up": {"uv": [5.625, 10.0625, 5.5, 10], "texture": "#0"},
				"down": {"uv": [10.125, 5.5, 10, 5.5625], "texture": "#0"}
			}
		},
		{
			"from": [8.2, 2.6, 7.9],
			"to": [8.3, 3.3, 8.1],
			"faces": {
				"north": {"uv": [0.5, 5, 0.5625, 5.375], "texture": "#0"},
				"east": {"uv": [3, 4, 3.125, 4.375], "texture": "#0"},
				"south": {"uv": [5, 0.5, 5.0625, 0.875], "texture": "#0"},
				"west": {"uv": [4, 3, 4.125, 3.375], "texture": "#0"},
				"up": {"uv": [5.0625, 10.125, 5, 10], "texture": "#0"},
				"down": {"uv": [10.0625, 5, 10, 5.125], "texture": "#0"}
			}
		},
		{
			"from": [7.8, -2.3, 7.8],
			"to": [8.2, 3.5, 8.2],
			"faces": {
				"north": {"uv": [0, 0, 0.1875, 2.875], "texture": "#0"},
				"east": {"uv": [0.5, 0, 0.6875, 2.875], "texture": "#0"},
				"south": {"uv": [1, 0, 1.1875, 2.875], "texture": "#0"},
				"west": {"uv": [1.5, 0, 1.6875, 2.875], "texture": "#0"},
				"up": {"uv": [4.6875, 2.6875, 4.5, 2.5], "texture": "#0"},
				"down": {"uv": [3.1875, 4.5, 3, 4.6875], "texture": "#0"}
			}
		},
		{
			"from": [7.6, -4.2, 7.6],
			"to": [8.4, -4, 8.4],
			"faces": {
				"north": {"uv": [3.5, 1, 3.875, 1.125], "texture": "#0"},
				"east": {"uv": [3.5, 1.5, 3.875, 1.625], "texture": "#0"},
				"south": {"uv": [2, 3.5, 2.375, 3.625], "texture": "#0"},
				"west": {"uv": [2.5, 3.5, 2.875, 3.625], "texture": "#0"},
				"up": {"uv": [2.875, 1.375, 2.5, 1], "texture": "#0"},
				"down": {"uv": [2.875, 1.5, 2.5, 1.875], "texture": "#0"}
			}
		},
		{
			"from": [7.6, -2.6, 7.6],
			"to": [8.4, -2.4, 8.4],
			"faces": {
				"north": {"uv": [3, 3.5, 3.375, 3.625], "texture": "#0"},
				"east": {"uv": [3.5, 3.5, 3.875, 3.625], "texture": "#0"},
				"south": {"uv": [0, 4, 0.375, 4.125], "texture": "#0"},
				"west": {"uv": [0.5, 4, 0.875, 4.125], "texture": "#0"},
				"up": {"uv": [2.875, 2.375, 2.5, 2], "texture": "#0"},
				"down": {"uv": [2.875, 2.5, 2.5, 2.875], "texture": "#0"}
			}
		},
		{
			"from": [7.8, -3, 8.3],
			"to": [7.9, -2.6, 8.4],
			"faces": {
				"north": {"uv": [1, 6, 1.0625, 6.1875], "texture": "#0"},
				"east": {"uv": [6, 1, 6.0625, 1.1875], "texture": "#0"},
				"south": {"uv": [1.5, 6, 1.5625, 6.1875], "texture": "#0"},
				"west": {"uv": [6, 1.5, 6.0625, 1.6875], "texture": "#0"},
				"up": {"uv": [9.0625, 10.0625, 9, 10], "texture": "#0"},
				"down": {"uv": [10.0625, 9, 10, 9.0625], "texture": "#0"}
			}
		},
		{
			"from": [7.9, -3.4, 8.3],
			"to": [8, -3, 8.4],
			"faces": {
				"north": {"uv": [3, 6, 3.0625, 6.1875], "texture": "#0"},
				"east": {"uv": [6, 3, 6.0625, 3.1875], "texture": "#0"},
				"south": {"uv": [3.5, 6, 3.5625, 6.1875], "texture": "#0"},
				"west": {"uv": [6, 3.5, 6.0625, 3.6875], "texture": "#0"},
				"up": {"uv": [10.0625, 10.0625, 10, 10], "texture": "#0"},
				"down": {"uv": [0.0625, 10.5, 0, 10.5625], "texture": "#0"}
			}
		},
		{
			"from": [8, -3.8, 8.3],
			"to": [8.1, -3.4, 8.4],
			"faces": {
				"north": {"uv": [2, 6, 2.0625, 6.1875], "texture": "#0"},
				"east": {"uv": [6, 2, 6.0625, 2.1875], "texture": "#0"},
				"south": {"uv": [2.5, 6, 2.5625, 6.1875], "texture": "#0"},
				"west": {"uv": [6, 2.5, 6.0625, 2.6875], "texture": "#0"},
				"up": {"uv": [9.5625, 10.0625, 9.5, 10], "texture": "#0"},
				"down": {"uv": [10.0625, 9.5, 10, 9.5625], "texture": "#0"}
			}
		},
		{
			"from": [8.2, -3, 8.3],
			"to": [8.3, -2.6, 8.4],
			"faces": {
				"north": {"uv": [4, 6, 4.0625, 6.1875], "texture": "#0"},
				"east": {"uv": [6, 4, 6.0625, 4.1875], "texture": "#0"},
				"south": {"uv": [4.5, 6, 4.5625, 6.1875], "texture": "#0"},
				"west": {"uv": [6, 4.5, 6.0625, 4.6875], "texture": "#0"},
				"up": {"uv": [10.5625, 0.5625, 10.5, 0.5], "texture": "#0"},
				"down": {"uv": [1.0625, 10.5, 1, 10.5625], "texture": "#0"}
			}
		},
		{
			"from": [8.3, -3, 8.2],
			"to": [8.4, -2.6, 8.3],
			"faces": {
				"north": {"uv": [6, 6, 6.0625, 6.1875], "texture": "#0"},
				"east": {"uv": [0, 6.5, 0.0625, 6.6875], "texture": "#0"},
				"south": {"uv": [6.5, 0, 6.5625, 0.1875], "texture": "#0"},
				"west": {"uv": [0.5, 6.5, 0.5625, 6.6875], "texture": "#0"},
				"up": {"uv": [10.5625, 1.5625, 10.5, 1.5], "texture": "#0"},
				"down": {"uv": [2.0625, 10.5, 2, 10.5625], "texture": "#0"}
			}
		},
		{
			"from": [8.3, -3.4, 8.1],
			"to": [8.4, -3, 8.2],
			"faces": {
				"north": {"uv": [6.5, 0.5, 6.5625, 0.6875], "texture": "#0"},
				"east": {"uv": [1, 6.5, 1.0625, 6.6875], "texture": "#0"},
				"south": {"uv": [6.5, 1, 6.5625, 1.1875], "texture": "#0"},
				"west": {"uv": [1.5, 6.5, 1.5625, 6.6875], "texture": "#0"},
				"up": {"uv": [10.5625, 2.0625, 10.5, 2], "texture": "#0"},
				"down": {"uv": [2.5625, 10.5, 2.5, 10.5625], "texture": "#0"}
			}
		},
		{
			"from": [8.3, -3.4, 7.7],
			"to": [8.4, -3, 7.8],
			"faces": {
				"north": {"uv": [6.5, 3.5, 6.5625, 3.6875], "texture": "#0"},
				"east": {"uv": [4, 6.5, 4.0625, 6.6875], "texture": "#0"},
				"south": {"uv": [6.5, 4, 6.5625, 4.1875], "texture": "#0"},
				"west": {"uv": [4.5, 6.5, 4.5625, 6.6875], "texture": "#0"},
				"up": {"uv": [10.5625, 4.0625, 10.5, 4], "texture": "#0"},
				"down": {"uv": [4.5625, 10.5, 4.5, 10.5625], "texture": "#0"}
			}
		},
		{
			"from": [8.2, -3, 7.6],
			"to": [8.3, -2.6, 7.7],
			"faces": {
				"north": {"uv": [6.5, 4.5, 6.5625, 4.6875], "texture": "#0"},
				"east": {"uv": [5, 6.5, 5.0625, 6.6875], "texture": "#0"},
				"south": {"uv": [6.5, 5, 6.5625, 5.1875], "texture": "#0"},
				"west": {"uv": [5.5, 6.5, 5.5625, 6.6875], "texture": "#0"},
				"up": {"uv": [10.5625, 4.5625, 10.5, 4.5], "texture": "#0"},
				"down": {"uv": [5.0625, 10.5, 5, 10.5625], "texture": "#0"}
			}
		},
		{
			"from": [8.1, -3.4, 7.6],
			"to": [8.2, -3, 7.7],
			"faces": {
				"north": {"uv": [6.5, 5.5, 6.5625, 5.6875], "texture": "#0"},
				"east": {"uv": [6, 6.5, 6.0625, 6.6875], "texture": "#0"},
				"south": {"uv": [6.5, 6, 6.5625, 6.1875], "texture": "#0"},
				"west": {"uv": [6.5, 6.5, 6.5625, 6.6875], "texture": "#0"},
				"up": {"uv": [10.5625, 5.0625, 10.5, 5], "texture": "#0"},
				"down": {"uv": [5.5625, 10.5, 5.5, 10.5625], "texture": "#0"}
			}
		},
		{
			"from": [8.1, -1.5, 7.7],
			"to": [8.2, -1.1, 7.8],
			"faces": {
				"north": {"uv": [7.5, 0.5, 7.5625, 0.6875], "texture": "#0"},
				"east": {"uv": [1, 7.5, 1.0625, 7.6875], "texture": "#0"},
				"south": {"uv": [7.5, 1, 7.5625, 1.1875], "texture": "#0"},
				"west": {"uv": [1.5, 7.5, 1.5625, 7.6875], "texture": "#0"},
				"up": {"uv": [0.0625, 11.0625, 0, 11], "texture": "#0"},
				"down": {"uv": [11.0625, 0, 11, 0.0625], "texture": "#0"}
			}
		},
		{
			"from": [8, -1.1, 7.7],
			"to": [8.1, -0.7, 7.8],
			"faces": {
				"north": {"uv": [7.5, 1.5, 7.5625, 1.6875], "texture": "#0"},
				"east": {"uv": [2, 7.5, 2.0625, 7.6875], "texture": "#0"},
				"south": {"uv": [7.5, 2, 7.5625, 2.1875], "texture": "#0"},
				"west": {"uv": [2.5, 7.5, 2.5625, 7.6875], "texture": "#0"},
				"up": {"uv": [0.5625, 11.0625, 0.5, 11], "texture": "#0"},
				"down": {"uv": [11.0625, 0.5, 11, 0.5625], "texture": "#0"}
			}
		},
		{
			"from": [7.9, -0.7, 7.7],
			"to": [8, -0.3, 7.8],
			"faces": {
				"north": {"uv": [7.5, 2.5, 7.5625, 2.6875], "texture": "#0"},
				"east": {"uv": [3, 7.5, 3.0625, 7.6875], "texture": "#0"},
				"south": {"uv": [7.5, 3, 7.5625, 3.1875], "texture": "#0"},
				"west": {"uv": [3.5, 7.5, 3.5625, 7.6875], "texture": "#0"},
				"up": {"uv": [1.0625, 11.0625, 1, 11], "texture": "#0"},
				"down": {"uv": [11.0625, 1, 11, 1.0625], "texture": "#0"}
			}
		},
		{
			"from": [8, -0.3, 7.7],
			"to": [8.1, 0.1, 7.8],
			"faces": {
				"north": {"uv": [7.5, 3.5, 7.5625, 3.6875], "texture": "#0"},
				"east": {"uv": [4, 7.5, 4.0625, 7.6875], "texture": "#0"},
				"south": {"uv": [7.5, 4, 7.5625, 4.1875], "texture": "#0"},
				"west": {"uv": [4.5, 7.5, 4.5625, 7.6875], "texture": "#0"},
				"up": {"uv": [1.5625, 11.0625, 1.5, 11], "texture": "#0"},
				"down": {"uv": [11.0625, 1.5, 11, 1.5625], "texture": "#0"}
			}
		},
		{
			"from": [7.9, 0.1, 7.7],
			"to": [8, 0.5, 7.8],
			"faces": {
				"north": {"uv": [7.5, 4.5, 7.5625, 4.6875], "texture": "#0"},
				"east": {"uv": [5, 7.5, 5.0625, 7.6875], "texture": "#0"},
				"south": {"uv": [7.5, 5, 7.5625, 5.1875], "texture": "#0"},
				"west": {"uv": [5.5, 7.5, 5.5625, 7.6875], "texture": "#0"},
				"up": {"uv": [2.0625, 11.0625, 2, 11], "texture": "#0"},
				"down": {"uv": [11.0625, 2, 11, 2.0625], "texture": "#0"}
			}
		},
		{
			"from": [8, 0.5, 7.7],
			"to": [8.1, 0.9, 7.8],
			"faces": {
				"north": {"uv": [7.5, 5.5, 7.5625, 5.6875], "texture": "#0"},
				"east": {"uv": [6, 7.5, 6.0625, 7.6875], "texture": "#0"},
				"south": {"uv": [7.5, 6, 7.5625, 6.1875], "texture": "#0"},
				"west": {"uv": [6.5, 7.5, 6.5625, 7.6875], "texture": "#0"},
				"up": {"uv": [2.5625, 11.0625, 2.5, 11], "texture": "#0"},
				"down": {"uv": [11.0625, 2.5, 11, 2.5625], "texture": "#0"}
			}
		},
		{
			"from": [7.9, 0.9, 7.7],
			"to": [8, 1.3, 7.8],
			"faces": {
				"north": {"uv": [7.5, 6.5, 7.5625, 6.6875], "texture": "#0"},
				"east": {"uv": [7, 7.5, 7.0625, 7.6875], "texture": "#0"},
				"south": {"uv": [7.5, 7, 7.5625, 7.1875], "texture": "#0"},
				"west": {"uv": [7.5, 7.5, 7.5625, 7.6875], "texture": "#0"},
				"up": {"uv": [3.0625, 11.0625, 3, 11], "texture": "#0"},
				"down": {"uv": [11.0625, 3, 11, 3.0625], "texture": "#0"}
			}
		},
		{
			"from": [7.8, 1.3, 7.7],
			"to": [7.9, 1.7, 7.8],
			"faces": {
				"north": {"uv": [0, 8, 0.0625, 8.1875], "texture": "#0"},
				"east": {"uv": [8, 0, 8.0625, 0.1875], "texture": "#0"},
				"south": {"uv": [0.5, 8, 0.5625, 8.1875], "texture": "#0"},
				"west": {"uv": [8, 0.5, 8.0625, 0.6875], "texture": "#0"},
				"up": {"uv": [3.5625, 11.0625, 3.5, 11], "texture": "#0"},
				"down": {"uv": [11.0625, 3.5, 11, 3.5625], "texture": "#0"}
			}
		},
		{
			"from": [7.7, 1.3, 7.8],
			"to": [7.8, 1.7, 7.9],
			"faces": {
				"north": {"uv": [3, 8, 3.0625, 8.1875], "texture": "#0"},
				"east": {"uv": [8, 3, 8.0625, 3.1875], "texture": "#0"},
				"south": {"uv": [3.5, 8, 3.5625, 8.1875], "texture": "#0"},
				"west": {"uv": [8, 3.5, 8.0625, 3.6875], "texture": "#0"},
				"up": {"uv": [5.0625, 11.0625, 5, 11], "texture": "#0"},
				"down": {"uv": [11.0625, 5, 11, 5.0625], "texture": "#0"}
			}
		},
		{
			"from": [7.7, 1.7, 7.9],
			"to": [7.8, 2.1, 8],
			"faces": {
				"north": {"uv": [9.5, 1.5, 9.5625, 1.6875], "texture": "#0"},
				"east": {"uv": [2, 9.5, 2.0625, 9.6875], "texture": "#0"},
				"south": {"uv": [9.5, 2, 9.5625, 2.1875], "texture": "#0"},
				"west": {"uv": [2.5, 9.5, 2.5625, 9.6875], "texture": "#0"},
				"up": {"uv": [11.5625, 6.0625, 11.5, 6], "texture": "#0"},
				"down": {"uv": [6.5625, 11.5, 6.5, 11.5625], "texture": "#0"}
			}
		},
		{
			"from": [7.7, 2.1, 8],
			"to": [7.8, 2.5, 8.1],
			"faces": {
				"north": {"uv": [9.5, 2.5, 9.5625, 2.6875], "texture": "#0"},
				"east": {"uv": [3, 9.5, 3.0625, 9.6875], "texture": "#0"},
				"south": {"uv": [9.5, 3, 9.5625, 3.1875], "texture": "#0"},
				"west": {"uv": [3.5, 9.5, 3.5625, 9.6875], "texture": "#0"},
				"up": {"uv": [11.5625, 6.5625, 11.5, 6.5], "texture": "#0"},
				"down": {"uv": [7.0625, 11.5, 7, 11.5625], "texture": "#0"}
			}
		},
		{
			"from": [7.7, 0.9, 7.9],
			"to": [7.8, 1.3, 8],
			"faces": {
				"north": {"uv": [4, 8, 4.0625, 8.1875], "texture": "#0"},
				"east": {"uv": [8, 4, 8.0625, 4.1875], "texture": "#0"},
				"south": {"uv": [4.5, 8, 4.5625, 8.1875], "texture": "#0"},
				"west": {"uv": [8, 4.5, 8.0625, 4.6875], "texture": "#0"},
				"up": {"uv": [5.5625, 11.0625, 5.5, 11], "texture": "#0"},
				"down": {"uv": [11.0625, 5.5, 11, 5.5625], "texture": "#0"}
			}
		},
		{
			"from": [7.7, 0.5, 8],
			"to": [7.8, 0.9, 8.1],
			"faces": {
				"north": {"uv": [5, 8, 5.0625, 8.1875], "texture": "#0"},
				"east": {"uv": [8, 5, 8.0625, 5.1875], "texture": "#0"},
				"south": {"uv": [5.5, 8, 5.5625, 8.1875], "texture": "#0"},
				"west": {"uv": [8, 5.5, 8.0625, 5.6875], "texture": "#0"},
				"up": {"uv": [6.0625, 11.0625, 6, 11], "texture": "#0"},
				"down": {"uv": [11.0625, 6, 11, 6.0625], "texture": "#0"}
			}
		},
		{
			"from": [7.7, 0.1, 7.9],
			"to": [7.8, 0.5, 8],
			"faces": {
				"north": {"uv": [6, 8, 6.0625, 8.1875], "texture": "#0"},
				"east": {"uv": [8, 6, 8.0625, 6.1875], "texture": "#0"},
				"south": {"uv": [6.5, 8, 6.5625, 8.1875], "texture": "#0"},
				"west": {"uv": [8, 6.5, 8.0625, 6.6875], "texture": "#0"},
				"up": {"uv": [6.5625, 11.0625, 6.5, 11], "texture": "#0"},
				"down": {"uv": [11.0625, 6.5, 11, 6.5625], "texture": "#0"}
			}
		},
		{
			"from": [7.7, -0.3, 7.8],
			"to": [7.8, 0.1, 7.9],
			"faces": {
				"north": {"uv": [7, 8, 7.0625, 8.1875], "texture": "#0"},
				"east": {"uv": [8, 7, 8.0625, 7.1875], "texture": "#0"},
				"south": {"uv": [7.5, 8, 7.5625, 8.1875], "texture": "#0"},
				"west": {"uv": [8, 7.5, 8.0625, 7.6875], "texture": "#0"},
				"up": {"uv": [7.0625, 11.0625, 7, 11], "texture": "#0"},
				"down": {"uv": [11.0625, 7, 11, 7.0625], "texture": "#0"}
			}
		},
		{
			"from": [7.7, -0.7, 7.9],
			"to": [7.8, -0.3, 8],
			"faces": {
				"north": {"uv": [8, 8, 8.0625, 8.1875], "texture": "#0"},
				"east": {"uv": [0, 8.5, 0.0625, 8.6875], "texture": "#0"},
				"south": {"uv": [8.5, 0, 8.5625, 0.1875], "texture": "#0"},
				"west": {"uv": [0.5, 8.5, 0.5625, 8.6875], "texture": "#0"},
				"up": {"uv": [7.5625, 11.0625, 7.5, 11], "texture": "#0"},
				"down": {"uv": [11.0625, 7.5, 11, 7.5625], "texture": "#0"}
			}
		},
		{
			"from": [7.7, -1.1, 8],
			"to": [7.8, -0.7, 8.1],
			"faces": {
				"north": {"uv": [8.5, 0.5, 8.5625, 0.6875], "texture": "#0"},
				"east": {"uv": [1, 8.5, 1.0625, 8.6875], "texture": "#0"},
				"south": {"uv": [8.5, 1, 8.5625, 1.1875], "texture": "#0"},
				"west": {"uv": [1.5, 8.5, 1.5625, 8.6875], "texture": "#0"},
				"up": {"uv": [8.0625, 11.0625, 8, 11], "texture": "#0"},
				"down": {"uv": [11.0625, 8, 11, 8.0625], "texture": "#0"}
			}
		},
		{
			"from": [7.7, -1.5, 8.1],
			"to": [7.8, -1.1, 8.2],
			"faces": {
				"north": {"uv": [8.5, 1.5, 8.5625, 1.6875], "texture": "#0"},
				"east": {"uv": [2, 8.5, 2.0625, 8.6875], "texture": "#0"},
				"south": {"uv": [8.5, 2, 8.5625, 2.1875], "texture": "#0"},
				"west": {"uv": [2.5, 8.5, 2.5625, 8.6875], "texture": "#0"},
				"up": {"uv": [8.5625, 11.0625, 8.5, 11], "texture": "#0"},
				"down": {"uv": [11.0625, 8.5, 11, 8.5625], "texture": "#0"}
			}
		},
		{
			"from": [7.8, -1.1, 8.2],
			"to": [7.9, -0.7, 8.3],
			"faces": {
				"north": {"uv": [8.5, 2.5, 8.5625, 2.6875], "texture": "#0"},
				"east": {"uv": [3, 8.5, 3.0625, 8.6875], "texture": "#0"},
				"south": {"uv": [8.5, 3, 8.5625, 3.1875], "texture": "#0"},
				"west": {"uv": [3.5, 8.5, 3.5625, 8.6875], "texture": "#0"},
				"up": {"uv": [9.0625, 11.0625, 9, 11], "texture": "#0"},
				"down": {"uv": [11.0625, 9, 11, 9.0625], "texture": "#0"}
			}
		},
		{
			"from": [7.9, -0.7, 8.2],
			"to": [8, -0.3, 8.3],
			"faces": {
				"north": {"uv": [8.5, 3.5, 8.5625, 3.6875], "texture": "#0"},
				"east": {"uv": [4, 8.5, 4.0625, 8.6875], "texture": "#0"},
				"south": {"uv": [8.5, 4, 8.5625, 4.1875], "texture": "#0"},
				"west": {"uv": [4.5, 8.5, 4.5625, 8.6875], "texture": "#0"},
				"up": {"uv": [9.5625, 11.0625, 9.5, 11], "texture": "#0"},
				"down": {"uv": [11.0625, 9.5, 11, 9.5625], "texture": "#0"}
			}
		},
		{
			"from": [8, -1.1, 8.2],
			"to": [8.1, -0.7, 8.3],
			"faces": {
				"north": {"uv": [1, 9, 1.0625, 9.1875], "texture": "#0"},
				"east": {"uv": [9, 1, 9.0625, 1.1875], "texture": "#0"},
				"south": {"uv": [1.5, 9, 1.5625, 9.1875], "texture": "#0"},
				"west": {"uv": [9, 1.5, 9.0625, 1.6875], "texture": "#0"},
				"up": {"uv": [11.5625, 1.0625, 11.5, 1], "texture": "#0"},
				"down": {"uv": [1.5625, 11.5, 1.5, 11.5625], "texture": "#0"}
			}
		},
		{
			"from": [8.1, -1.5, 8.2],
			"to": [8.2, -1.1, 8.3],
			"faces": {
				"north": {"uv": [2, 9, 2.0625, 9.1875], "texture": "#0"},
				"east": {"uv": [9, 2, 9.0625, 2.1875], "texture": "#0"},
				"south": {"uv": [2.5, 9, 2.5625, 9.1875], "texture": "#0"},
				"west": {"uv": [9, 2.5, 9.0625, 2.6875], "texture": "#0"},
				"up": {"uv": [11.5625, 1.5625, 11.5, 1.5], "texture": "#0"},
				"down": {"uv": [2.0625, 11.5, 2, 11.5625], "texture": "#0"}
			}
		},
		{
			"from": [8.2, -1.5, 8.1],
			"to": [8.3, -1.1, 8.2],
			"faces": {
				"north": {"uv": [3, 9, 3.0625, 9.1875], "texture": "#0"},
				"east": {"uv": [9, 3, 9.0625, 3.1875], "texture": "#0"},
				"south": {"uv": [3.5, 9, 3.5625, 9.1875], "texture": "#0"},
				"west": {"uv": [9, 3.5, 9.0625, 3.6875], "texture": "#0"},
				"up": {"uv": [11.5625, 2.0625, 11.5, 2], "texture": "#0"},
				"down": {"uv": [2.5625, 11.5, 2.5, 11.5625], "texture": "#0"}
			}
		},
		{
			"from": [8.2, -1.1, 8],
			"to": [8.3, -0.7, 8.1],
			"faces": {
				"north": {"uv": [4, 9, 4.0625, 9.1875], "texture": "#0"},
				"east": {"uv": [9, 4, 9.0625, 4.1875], "texture": "#0"},
				"south": {"uv": [4.5, 9, 4.5625, 9.1875], "texture": "#0"},
				"west": {"uv": [9, 4.5, 9.0625, 4.6875], "texture": "#0"},
				"up": {"uv": [11.5625, 2.5625, 11.5, 2.5], "texture": "#0"},
				"down": {"uv": [3.0625, 11.5, 3, 11.5625], "texture": "#0"}
			}
		},
		{
			"from": [8.2, -0.7, 7.9],
			"to": [8.3, -0.3, 8],
			"faces": {
				"north": {"uv": [5, 9, 5.0625, 9.1875], "texture": "#0"},
				"east": {"uv": [9, 5, 9.0625, 5.1875], "texture": "#0"},
				"south": {"uv": [5.5, 9, 5.5625, 9.1875], "texture": "#0"},
				"west": {"uv": [9, 5.5, 9.0625, 5.6875], "texture": "#0"},
				"up": {"uv": [11.5625, 3.0625, 11.5, 3], "texture": "#0"},
				"down": {"uv": [3.5625, 11.5, 3.5, 11.5625], "texture": "#0"}
			}
		},
		{
			"from": [8.2, -0.3, 8],
			"to": [8.3, 0.1, 8.1],
			"faces": {
				"north": {"uv": [6, 9, 6.0625, 9.1875], "texture": "#0"},
				"east": {"uv": [9, 6, 9.0625, 6.1875], "texture": "#0"},
				"south": {"uv": [6.5, 9, 6.5625, 9.1875], "texture": "#0"},
				"west": {"uv": [9, 6.5, 9.0625, 6.6875], "texture": "#0"},
				"up": {"uv": [11.5625, 3.5625, 11.5, 3.5], "texture": "#0"},
				"down": {"uv": [4.0625, 11.5, 4, 11.5625], "texture": "#0"}
			}
		},
		{
			"from": [8.2, 0.1, 7.9],
			"to": [8.3, 0.5, 8],
			"faces": {
				"north": {"uv": [7, 9, 7.0625, 9.1875], "texture": "#0"},
				"east": {"uv": [9, 7, 9.0625, 7.1875], "texture": "#0"},
				"south": {"uv": [7.5, 9, 7.5625, 9.1875], "texture": "#0"},
				"west": {"uv": [9, 7.5, 9.0625, 7.6875], "texture": "#0"},
				"up": {"uv": [11.5625, 4.0625, 11.5, 4], "texture": "#0"},
				"down": {"uv": [4.5625, 11.5, 4.5, 11.5625], "texture": "#0"}
			}
		},
		{
			"from": [8.2, 0.5, 7.8],
			"to": [8.3, 0.9, 7.9],
			"faces": {
				"north": {"uv": [8, 9, 8.0625, 9.1875], "texture": "#0"},
				"east": {"uv": [9, 8, 9.0625, 8.1875], "texture": "#0"},
				"south": {"uv": [8.5, 9, 8.5625, 9.1875], "texture": "#0"},
				"west": {"uv": [9, 8.5, 9.0625, 8.6875], "texture": "#0"},
				"up": {"uv": [11.5625, 4.5625, 11.5, 4.5], "texture": "#0"},
				"down": {"uv": [5.0625, 11.5, 5, 11.5625], "texture": "#0"}
			}
		},
		{
			"from": [8.2, 0.9, 7.9],
			"to": [8.3, 1.3, 8],
			"faces": {
				"north": {"uv": [9, 9, 9.0625, 9.1875], "texture": "#0"},
				"east": {"uv": [0, 9.5, 0.0625, 9.6875], "texture": "#0"},
				"south": {"uv": [9.5, 0, 9.5625, 0.1875], "texture": "#0"},
				"west": {"uv": [0.5, 9.5, 0.5625, 9.6875], "texture": "#0"},
				"up": {"uv": [11.5625, 5.0625, 11.5, 5], "texture": "#0"},
				"down": {"uv": [5.5625, 11.5, 5.5, 11.5625], "texture": "#0"}
			}
		},
		{
			"from": [8.2, 1.3, 8],
			"to": [8.3, 1.7, 8.1],
			"faces": {
				"north": {"uv": [9.5, 0.5, 9.5625, 0.6875], "texture": "#0"},
				"east": {"uv": [1, 9.5, 1.0625, 9.6875], "texture": "#0"},
				"south": {"uv": [9.5, 1, 9.5625, 1.1875], "texture": "#0"},
				"west": {"uv": [1.5, 9.5, 1.5625, 9.6875], "texture": "#0"},
				"up": {"uv": [11.5625, 5.5625, 11.5, 5.5], "texture": "#0"},
				"down": {"uv": [6.0625, 11.5, 6, 11.5625], "texture": "#0"}
			}
		},
		{
			"from": [8.2, 1.7, 8.1],
			"to": [8.3, 2.1, 8.2],
			"faces": {
				"north": {"uv": [9.5, 5.5, 9.5625, 5.6875], "texture": "#0"},
				"east": {"uv": [6, 9.5, 6.0625, 9.6875], "texture": "#0"},
				"south": {"uv": [9.5, 6, 9.5625, 6.1875], "texture": "#0"},
				"west": {"uv": [6.5, 9.5, 6.5625, 9.6875], "texture": "#0"},
				"up": {"uv": [11.5625, 8.0625, 11.5, 8], "texture": "#0"},
				"down": {"uv": [8.5625, 11.5, 8.5, 11.5625], "texture": "#0"}
			}
		},
		{
			"from": [8.2, 2.1, 8],
			"to": [8.3, 2.5, 8.1],
			"faces": {
				"north": {"uv": [9.5, 6.5, 9.5625, 6.6875], "texture": "#0"},
				"east": {"uv": [7, 9.5, 7.0625, 9.6875], "texture": "#0"},
				"south": {"uv": [9.5, 7, 9.5625, 7.1875], "texture": "#0"},
				"west": {"uv": [7.5, 9.5, 7.5625, 9.6875], "texture": "#0"},
				"up": {"uv": [11.5625, 8.5625, 11.5, 8.5], "texture": "#0"},
				"down": {"uv": [9.0625, 11.5, 9, 11.5625], "texture": "#0"}
			}
		},
		{
			"from": [8, -0.3, 8.2],
			"to": [8.1, 0.1, 8.3],
			"faces": {
				"north": {"uv": [8.5, 4.5, 8.5625, 4.6875], "texture": "#0"},
				"east": {"uv": [5, 8.5, 5.0625, 8.6875], "texture": "#0"},
				"south": {"uv": [8.5, 5, 8.5625, 5.1875], "texture": "#0"},
				"west": {"uv": [5.5, 8.5, 5.5625, 8.6875], "texture": "#0"},
				"up": {"uv": [10.0625, 11.0625, 10, 11], "texture": "#0"},
				"down": {"uv": [11.0625, 10, 11, 10.0625], "texture": "#0"}
			}
		},
		{
			"from": [7.9, 0.1, 8.2],
			"to": [8, 0.5, 8.3],
			"faces": {
				"north": {"uv": [8.5, 5.5, 8.5625, 5.6875], "texture": "#0"},
				"east": {"uv": [6, 8.5, 6.0625, 8.6875], "texture": "#0"},
				"south": {"uv": [8.5, 6, 8.5625, 6.1875], "texture": "#0"},
				"west": {"uv": [6.5, 8.5, 6.5625, 8.6875], "texture": "#0"},
				"up": {"uv": [10.5625, 11.0625, 10.5, 11], "texture": "#0"},
				"down": {"uv": [11.0625, 10.5, 11, 10.5625], "texture": "#0"}
			}
		},
		{
			"from": [7.8, 0.5, 8.2],
			"to": [7.9, 0.9, 8.3],
			"faces": {
				"north": {"uv": [8.5, 6.5, 8.5625, 6.6875], "texture": "#0"},
				"east": {"uv": [7, 8.5, 7.0625, 8.6875], "texture": "#0"},
				"south": {"uv": [8.5, 7, 8.5625, 7.1875], "texture": "#0"},
				"west": {"uv": [7.5, 8.5, 7.5625, 8.6875], "texture": "#0"},
				"up": {"uv": [11.0625, 11.0625, 11, 11], "texture": "#0"},
				"down": {"uv": [0.0625, 11.5, 0, 11.5625], "texture": "#0"}
			}
		},
		{
			"from": [7.9, 0.9, 8.2],
			"to": [8, 1.3, 8.3],
			"faces": {
				"north": {"uv": [8.5, 7.5, 8.5625, 7.6875], "texture": "#0"},
				"east": {"uv": [8, 8.5, 8.0625, 8.6875], "texture": "#0"},
				"south": {"uv": [8.5, 8, 8.5625, 8.1875], "texture": "#0"},
				"west": {"uv": [8.5, 8.5, 8.5625, 8.6875], "texture": "#0"},
				"up": {"uv": [11.5625, 0.0625, 11.5, 0], "texture": "#0"},
				"down": {"uv": [0.5625, 11.5, 0.5, 11.5625], "texture": "#0"}
			}
		},
		{
			"from": [8, 1.3, 8.2],
			"to": [8.1, 1.7, 8.3],
			"faces": {
				"north": {"uv": [0, 9, 0.0625, 9.1875], "texture": "#0"},
				"east": {"uv": [9, 0, 9.0625, 0.1875], "texture": "#0"},
				"south": {"uv": [0.5, 9, 0.5625, 9.1875], "texture": "#0"},
				"west": {"uv": [9, 0.5, 9.0625, 0.6875], "texture": "#0"},
				"up": {"uv": [11.5625, 0.5625, 11.5, 0.5], "texture": "#0"},
				"down": {"uv": [1.0625, 11.5, 1, 11.5625], "texture": "#0"}
			}
		},
		{
			"from": [8.1, 1.7, 8.2],
			"to": [8.2, 2.1, 8.3],
			"faces": {
				"north": {"uv": [9.5, 3.5, 9.5625, 3.6875], "texture": "#0"},
				"east": {"uv": [4, 9.5, 4.0625, 9.6875], "texture": "#0"},
				"south": {"uv": [9.5, 4, 9.5625, 4.1875], "texture": "#0"},
				"west": {"uv": [4.5, 9.5, 4.5625, 9.6875], "texture": "#0"},
				"up": {"uv": [11.5625, 7.0625, 11.5, 7], "texture": "#0"},
				"down": {"uv": [7.5625, 11.5, 7.5, 11.5625], "texture": "#0"}
			}
		},
		{
			"from": [8, 2.1, 8.2],
			"to": [8.1, 2.5, 8.3],
			"faces": {
				"north": {"uv": [9.5, 4.5, 9.5625, 4.6875], "texture": "#0"},
				"east": {"uv": [5, 9.5, 5.0625, 9.6875], "texture": "#0"},
				"south": {"uv": [9.5, 5, 9.5625, 5.1875], "texture": "#0"},
				"west": {"uv": [5.5, 9.5, 5.5625, 9.6875], "texture": "#0"},
				"up": {"uv": [11.5625, 7.5625, 11.5, 7.5], "texture": "#0"},
				"down": {"uv": [8.0625, 11.5, 8, 11.5625], "texture": "#0"}
			}
		},
		{
			"from": [7.9, 1.7, 7.7],
			"to": [8, 2.1, 7.8],
			"faces": {
				"north": {"uv": [1, 8, 1.0625, 8.1875], "texture": "#0"},
				"east": {"uv": [8, 1, 8.0625, 1.1875], "texture": "#0"},
				"south": {"uv": [1.5, 8, 1.5625, 8.1875], "texture": "#0"},
				"west": {"uv": [8, 1.5, 8.0625, 1.6875], "texture": "#0"},
				"up": {"uv": [4.0625, 11.0625, 4, 11], "texture": "#0"},
				"down": {"uv": [11.0625, 4, 11, 4.0625], "texture": "#0"}
			}
		},
		{
			"from": [8, 2.1, 7.7],
			"to": [8.1, 2.5, 7.8],
			"faces": {
				"north": {"uv": [2, 8, 2.0625, 8.1875], "texture": "#0"},
				"east": {"uv": [8, 2, 8.0625, 2.1875], "texture": "#0"},
				"south": {"uv": [2.5, 8, 2.5625, 8.1875], "texture": "#0"},
				"west": {"uv": [8, 2.5, 8.0625, 2.6875], "texture": "#0"},
				"up": {"uv": [4.5625, 11.0625, 4.5, 11], "texture": "#0"},
				"down": {"uv": [11.0625, 4.5, 11, 4.5625], "texture": "#0"}
			}
		},
		{
			"from": [7.7, -3.4, 7.6],
			"to": [7.8, -3, 7.7],
			"faces": {
				"north": {"uv": [2, 7, 2.0625, 7.1875], "texture": "#0"},
				"east": {"uv": [7, 2, 7.0625, 2.1875], "texture": "#0"},
				"south": {"uv": [2.5, 7, 2.5625, 7.1875], "texture": "#0"},
				"west": {"uv": [7, 2.5, 7.0625, 2.6875], "texture": "#0"},
				"up": {"uv": [10.5625, 7.0625, 10.5, 7], "texture": "#0"},
				"down": {"uv": [7.5625, 10.5, 7.5, 10.5625], "texture": "#0"}
			}
		},
		{
			"from": [7.6, -3, 7.7],
			"to": [7.7, -2.6, 7.8],
			"faces": {
				"north": {"uv": [3, 7, 3.0625, 7.1875], "texture": "#0"},
				"east": {"uv": [7, 3, 7.0625, 3.1875], "texture": "#0"},
				"south": {"uv": [3.5, 7, 3.5625, 7.1875], "texture": "#0"},
				"west": {"uv": [7, 3.5, 7.0625, 3.6875], "texture": "#0"},
				"up": {"uv": [10.5625, 7.5625, 10.5, 7.5], "texture": "#0"},
				"down": {"uv": [8.0625, 10.5, 8, 10.5625], "texture": "#0"}
			}
		},
		{
			"from": [7.6, -3.4, 7.8],
			"to": [7.7, -3, 7.9],
			"faces": {
				"north": {"uv": [4, 7, 4.0625, 7.1875], "texture": "#0"},
				"east": {"uv": [7, 4, 7.0625, 4.1875], "texture": "#0"},
				"south": {"uv": [4.5, 7, 4.5625, 7.1875], "texture": "#0"},
				"west": {"uv": [7, 4.5, 7.0625, 4.6875], "texture": "#0"},
				"up": {"uv": [10.5625, 8.0625, 10.5, 8], "texture": "#0"},
				"down": {"uv": [8.5625, 10.5, 8.5, 10.5625], "texture": "#0"}
			}
		},
		{
			"from": [7.6, -3.4, 8.2],
			"to": [7.7, -3, 8.3],
			"faces": {
				"north": {"uv": [7, 7, 7.0625, 7.1875], "texture": "#0"},
				"east": {"uv": [0, 7.5, 0.0625, 7.6875], "texture": "#0"},
				"south": {"uv": [7.5, 0, 7.5625, 0.1875], "texture": "#0"},
				"west": {"uv": [0.5, 7.5, 0.5625, 7.6875], "texture": "#0"},
				"up": {"uv": [10.5625, 10.0625, 10.5, 10], "texture": "#0"},
				"down": {"uv": [10.5625, 10.5, 10.5, 10.5625], "texture": "#0"}
			}
		},
		{
			"from": [7.6, -3.8, 7.9],
			"to": [7.7, -3.4, 8],
			"faces": {
				"north": {"uv": [5, 7, 5.0625, 7.1875], "texture": "#0"},
				"east": {"uv": [7, 5, 7.0625, 5.1875], "texture": "#0"},
				"south": {"uv": [5.5, 7, 5.5625, 7.1875], "texture": "#0"},
				"west": {"uv": [7, 5.5, 7.0625, 5.6875], "texture": "#0"},
				"up": {"uv": [10.5625, 8.5625, 10.5, 8.5], "texture": "#0"},
				"down": {"uv": [9.0625, 10.5, 9, 10.5625], "texture": "#0"}
			}
		},
		{
			"from": [7.6, -3.8, 8.1],
			"to": [7.7, -3.4, 8.2],
			"faces": {
				"north": {"uv": [6, 7, 6.0625, 7.1875], "texture": "#0"},
				"east": {"uv": [7, 6, 7.0625, 6.1875], "texture": "#0"},
				"south": {"uv": [6.5, 7, 6.5625, 7.1875], "texture": "#0"},
				"west": {"uv": [7, 6.5, 7.0625, 6.6875], "texture": "#0"},
				"up": {"uv": [10.5625, 9.5625, 10.5, 9.5], "texture": "#0"},
				"down": {"uv": [10.0625, 10.5, 10, 10.5625], "texture": "#0"}
			}
		},
		{
			"from": [8, -3.8, 7.6],
			"to": [8.1, -3.4, 7.7],
			"faces": {
				"north": {"uv": [0, 7, 0.0625, 7.1875], "texture": "#0"},
				"east": {"uv": [7, 0, 7.0625, 0.1875], "texture": "#0"},
				"south": {"uv": [0.5, 7, 0.5625, 7.1875], "texture": "#0"},
				"west": {"uv": [7, 0.5, 7.0625, 0.6875], "texture": "#0"},
				"up": {"uv": [10.5625, 5.5625, 10.5, 5.5], "texture": "#0"},
				"down": {"uv": [6.0625, 10.5, 6, 10.5625], "texture": "#0"}
			}
		},
		{
			"from": [7.8, -3.8, 7.6],
			"to": [7.9, -3.4, 7.7],
			"faces": {
				"north": {"uv": [1, 7, 1.0625, 7.1875], "texture": "#0"},
				"east": {"uv": [7, 1, 7.0625, 1.1875], "texture": "#0"},
				"south": {"uv": [1.5, 7, 1.5625, 7.1875], "texture": "#0"},
				"west": {"uv": [7, 1.5, 7.0625, 1.6875], "texture": "#0"},
				"up": {"uv": [10.5625, 6.5625, 10.5, 6.5], "texture": "#0"},
				"down": {"uv": [7.0625, 10.5, 7, 10.5625], "texture": "#0"}
			}
		},
		{
			"from": [8.3, -3.8, 8],
			"to": [8.4, -3.4, 8.1],
			"faces": {
				"north": {"uv": [6.5, 1.5, 6.5625, 1.6875], "texture": "#0"},
				"east": {"uv": [2, 6.5, 2.0625, 6.6875], "texture": "#0"},
				"south": {"uv": [6.5, 2, 6.5625, 2.1875], "texture": "#0"},
				"west": {"uv": [2.5, 6.5, 2.5625, 6.6875], "texture": "#0"},
				"up": {"uv": [10.5625, 2.5625, 10.5, 2.5], "texture": "#0"},
				"down": {"uv": [3.0625, 10.5, 3, 10.5625], "texture": "#0"}
			}
		},
		{
			"from": [8.3, -3.8, 7.8],
			"to": [8.4, -3.4, 7.9],
			"faces": {
				"north": {"uv": [6.5, 2.5, 6.5625, 2.6875], "texture": "#0"},
				"east": {"uv": [3, 6.5, 3.0625, 6.6875], "texture": "#0"},
				"south": {"uv": [6.5, 3, 6.5625, 3.1875], "texture": "#0"},
				"west": {"uv": [3.5, 6.5, 3.5625, 6.6875], "texture": "#0"},
				"up": {"uv": [10.5625, 3.5625, 10.5, 3.5], "texture": "#0"},
				"down": {"uv": [4.0625, 10.5, 4, 10.5625], "texture": "#0"}
			}
		},
		{
			"from": [8.1, -3.4, 8.3],
			"to": [8.2, -3, 8.4],
			"faces": {
				"north": {"uv": [5, 6, 5.0625, 6.1875], "texture": "#0"},
				"east": {"uv": [6, 5, 6.0625, 5.1875], "texture": "#0"},
				"south": {"uv": [5.5, 6, 5.5625, 6.1875], "texture": "#0"},
				"west": {"uv": [6, 5.5, 6.0625, 5.6875], "texture": "#0"},
				"up": {"uv": [10.5625, 1.0625, 10.5, 1], "texture": "#0"},
				"down": {"uv": [1.5625, 10.5, 1.5, 10.5625], "texture": "#0"}
			}
		},
		{
			"from": [7.9, -4, 8.3],
			"to": [8, -3.8, 8.4],
			"faces": {
				"north": {"uv": [9.5, 8.5, 9.5625, 8.625], "texture": "#0"},
				"east": {"uv": [9, 9.5, 9.0625, 9.625], "texture": "#0"},
				"south": {"uv": [9.5, 9, 9.5625, 9.125], "texture": "#0"},
				"west": {"uv": [9.5, 9.5, 9.5625, 9.625], "texture": "#0"},
				"up": {"uv": [10.5625, 0.0625, 10.5, 0], "texture": "#0"},
				"down": {"uv": [0.5625, 10.5, 0.5, 10.5625], "texture": "#0"}
			}
		},
		{
			"from": [8.3, -4, 7.9],
			"to": [8.4, -3.8, 8],
			"faces": {
				"north": {"uv": [0, 10, 0.0625, 10.125], "texture": "#0"},
				"east": {"uv": [10, 0, 10.0625, 0.125], "texture": "#0"},
				"south": {"uv": [0.5, 10, 0.5625, 10.125], "texture": "#0"},
				"west": {"uv": [10, 0.5, 10.0625, 0.625], "texture": "#0"},
				"up": {"uv": [10.5625, 3.0625, 10.5, 3], "texture": "#0"},
				"down": {"uv": [3.5625, 10.5, 3.5, 10.5625], "texture": "#0"}
			}
		},
		{
			"from": [7.9, -4, 7.6],
			"to": [8, -3.8, 7.7],
			"faces": {
				"north": {"uv": [1, 10, 1.0625, 10.125], "texture": "#0"},
				"east": {"uv": [10, 1, 10.0625, 1.125], "texture": "#0"},
				"south": {"uv": [1.5, 10, 1.5625, 10.125], "texture": "#0"},
				"west": {"uv": [10, 1.5, 10.0625, 1.625], "texture": "#0"},
				"up": {"uv": [10.5625, 6.0625, 10.5, 6], "texture": "#0"},
				"down": {"uv": [6.5625, 10.5, 6.5, 10.5625], "texture": "#0"}
			}
		},
		{
			"from": [7.6, -4, 8],
			"to": [7.7, -3.8, 8.1],
			"faces": {
				"north": {"uv": [2, 10, 2.0625, 10.125], "texture": "#0"},
				"east": {"uv": [10, 2, 10.0625, 2.125], "texture": "#0"},
				"south": {"uv": [2.5, 10, 2.5625, 10.125], "texture": "#0"},
				"west": {"uv": [10, 2.5, 10.0625, 2.625], "texture": "#0"},
				"up": {"uv": [10.5625, 9.0625, 10.5, 9], "texture": "#0"},
				"down": {"uv": [9.5625, 10.5, 9.5, 10.5625], "texture": "#0"}
			}
		}
	],
	"display": {
		"thirdperson_righthand": {
			"rotation": [0, 90, 0],
			"translation": [0, 24.5, 2.25],
			"scale": [2, 2, 2]
		},
		"thirdperson_lefthand": {
			"rotation": [0, 90, 0],
			"translation": [0, 24.5, 2.25],
			"scale": [2, 2, 2]
		},
		"firstperson_righthand": {
			"rotation": [-25.5, 90, 0],
			"translation": [-1.75, 18, -4.25],
			"scale": [2, 2, 2]
		},
		"firstperson_lefthand": {
			"rotation": [-25.5, 90, 0],
			"translation": [-1.75, 18, -4.25],
			"scale": [2, 2, 2]
		},
		"ground": {
			"translation": [0, 22, 0],
			"scale": [2, 2, 2]
		},
		"gui": {
			"rotation": [0, 0, -45],
			"translation": [10, 10, 0],
			"scale": [1.8, 1.8, 1.8]
		},
		"head": {
			"rotation": [-1.75, 5.48, 51.56],
			"translation": [-18.75, 14.5, 0],
			"scale": [2, 2, 2]
		},
		"fixed": {
			"translation": [0, 16.25, 0],
			"scale": [2, 2, 2]
		}
	}
}