{
	"credit": "Made with Blockbench",
	"texture_size": [128, 128],
	"textures": {
		"0": "block/crafting_table",
		"particle": "block/crafting_table"
	},
	"elements": [
		{
			"from": [0, 0, 0],
			"to": [16, 1, 1],
			"faces": {
				"north": {"uv": [4.25, 3, 6.25, 3.125], "texture": "#0"},
				"east": {"uv": [6.125, 2.375, 6.25, 2.5], "texture": "#0"},
				"south": {"uv": [4.25, 3.125, 6.25, 3.25], "texture": "#0"},
				"west": {"uv": [7, 7.625, 7.125, 7.75], "texture": "#0"},
				"up": {"uv": [5.25, 4.375, 3.25, 4.25], "texture": "#0"},
				"down": {"uv": [6.25, 3.25, 4.25, 3.375], "texture": "#0"}
			}
		},
		{
			"from": [15, 1, 0],
			"to": [16, 15, 1],
			"faces": {
				"north": {"uv": [3.625, 4.5, 3.75, 6.25], "texture": "#0"},
				"east": {"uv": [3.75, 4.5, 3.875, 6.25], "texture": "#0"},
				"south": {"uv": [3.875, 4.5, 4, 6.25], "texture": "#0"},
				"west": {"uv": [4, 4.5, 4.125, 6.25], "texture": "#0"},
				"up": {"uv": [7.875, 3.875, 7.75, 3.75], "texture": "#0"},
				"down": {"uv": [7.875, 4.25, 7.75, 4.375], "texture": "#0"}
			}
		},
		{
			"from": [14, 1, 1],
			"to": [15, 15, 2],
			"faces": {
				"north": {"uv": [3.125, 6, 3.25, 7.75], "texture": "#0"},
				"east": {"uv": [6, 4.625, 6.125, 6.375], "texture": "#0"},
				"south": {"uv": [6.125, 4.25, 6.25, 6], "texture": "#0"},
				"west": {"uv": [6.125, 6, 6.25, 7.75], "texture": "#0"},
				"up": {"uv": [8.125, 4.875, 8, 4.75], "texture": "#0"},
				"down": {"uv": [8.125, 4.875, 8, 5], "texture": "#0"}
			}
		},
		{
			"from": [1, 1, 1],
			"to": [2, 15, 2],
			"faces": {
				"north": {"uv": [6.25, 0.875, 6.375, 2.625], "texture": "#0"},
				"east": {"uv": [6.25, 2.625, 6.375, 4.375], "texture": "#0"},
				"south": {"uv": [3.25, 6.25, 3.375, 8], "texture": "#0"},
				"west": {"uv": [3.375, 6.25, 3.5, 8], "texture": "#0"},
				"up": {"uv": [8.125, 5.125, 8, 5], "texture": "#0"},
				"down": {"uv": [8.125, 5.125, 8, 5.25], "texture": "#0"}
			}
		},
		{
			"from": [1, 1, 14],
			"to": [2, 15, 15],
			"faces": {
				"north": {"uv": [3.5, 6.25, 3.625, 8], "texture": "#0"},
				"east": {"uv": [3.625, 6.25, 3.75, 8], "texture": "#0"},
				"south": {"uv": [3.75, 6.25, 3.875, 8], "texture": "#0"},
				"west": {"uv": [3.875, 6.25, 4, 8], "texture": "#0"},
				"up": {"uv": [8.125, 5.375, 8, 5.25], "texture": "#0"},
				"down": {"uv": [8.125, 5.375, 8, 5.5], "texture": "#0"}
			}
		},
		{
			"from": [14, 1, 14],
			"to": [15, 15, 15],
			"faces": {
				"north": {"uv": [4, 6.25, 4.125, 8], "texture": "#0"},
				"east": {"uv": [4.125, 6.25, 4.25, 8], "texture": "#0"},
				"south": {"uv": [4.25, 6.25, 4.375, 8], "texture": "#0"},
				"west": {"uv": [6.25, 4.375, 6.375, 6.125], "texture": "#0"},
				"up": {"uv": [8.125, 5.625, 8, 5.5], "texture": "#0"},
				"down": {"uv": [8.125, 5.625, 8, 5.75], "texture": "#0"}
			}
		},
		{
			"from": [15, 1, 15],
			"to": [16, 15, 16],
			"faces": {
				"north": {"uv": [4.625, 4.625, 4.75, 6.375], "texture": "#0"},
				"east": {"uv": [0, 4.75, 0.125, 6.5], "texture": "#0"},
				"south": {"uv": [0.125, 4.75, 0.25, 6.5], "texture": "#0"},
				"west": {"uv": [0.25, 4.75, 0.375, 6.5], "texture": "#0"},
				"up": {"uv": [7.875, 7.125, 7.75, 7], "texture": "#0"},
				"down": {"uv": [7.875, 7.125, 7.75, 7.25], "texture": "#0"}
			}
		},
		{
			"from": [0, 1, 15],
			"to": [1, 15, 16],
			"faces": {
				"north": {"uv": [0.375, 4.75, 0.5, 6.5], "texture": "#0"},
				"east": {"uv": [0.5, 4.75, 0.625, 6.5], "texture": "#0"},
				"south": {"uv": [0.625, 4.75, 0.75, 6.5], "texture": "#0"},
				"west": {"uv": [0.75, 4.75, 0.875, 6.5], "texture": "#0"},
				"up": {"uv": [7.375, 7.875, 7.25, 7.75], "texture": "#0"},
				"down": {"uv": [7.875, 7.25, 7.75, 7.375], "texture": "#0"}
			}
		},
		{
			"from": [0, 1, 0],
			"to": [1, 15, 1],
			"faces": {
				"north": {"uv": [0.875, 4.75, 1, 6.5], "texture": "#0"},
				"east": {"uv": [1, 4.75, 1.125, 6.5], "texture": "#0"},
				"south": {"uv": [1.125, 4.75, 1.25, 6.5], "texture": "#0"},
				"west": {"uv": [4.75, 4.625, 4.875, 6.375], "texture": "#0"},
				"up": {"uv": [7.5, 7.875, 7.375, 7.75], "texture": "#0"},
				"down": {"uv": [7.625, 7.75, 7.5, 7.875], "texture": "#0"}
			}
		},
		{
			"from": [7.5, 1, 15],
			"to": [8.5, 15, 15.5],
			"faces": {
				"north": {"uv": [4.875, 4.625, 5, 6.375], "texture": "#0"},
				"east": {"uv": [6.25, 6.125, 6.3125, 7.875], "texture": "#0"},
				"south": {"uv": [5, 4.625, 5.125, 6.375], "texture": "#0"},
				"west": {"uv": [6.375, 0.5, 6.4375, 2.25], "texture": "#0"},
				"up": {"uv": [8.375, 2.3125, 8.25, 2.25], "texture": "#0"},
				"down": {"uv": [8.375, 2.375, 8.25, 2.4375], "texture": "#0"}
			}
		},
		{
			"from": [0.5, 1, 7.5],
			"to": [1, 15, 8.5],
			"faces": {
				"north": {"uv": [6.375, 2.25, 6.4375, 4], "texture": "#0"},
				"east": {"uv": [5.125, 4.625, 5.25, 6.375], "texture": "#0"},
				"south": {"uv": [6.375, 4, 6.4375, 5.75], "texture": "#0"},
				"west": {"uv": [1.25, 5.25, 1.375, 7], "texture": "#0"},
				"up": {"uv": [8.3125, 2.625, 8.25, 2.5], "texture": "#0"},
				"down": {"uv": [8.3125, 2.625, 8.25, 2.75], "texture": "#0"}
			}
		},
		{
			"from": [0.5, 14.5, 5.5],
			"to": [1, 15, 7.5],
			"faces": {
				"north": {"uv": [2, 8.375, 2.0625, 8.4375], "texture": "#0"},
				"east": {"uv": [7.625, 7.75, 7.875, 7.8125], "texture": "#0"},
				"south": {"uv": [8.375, 2, 8.4375, 2.0625], "texture": "#0"},
				"west": {"uv": [1.375, 7.875, 1.625, 7.9375], "texture": "#0"},
				"up": {"uv": [1.6875, 8.125, 1.625, 7.875], "texture": "#0"},
				"down": {"uv": [1.8125, 7.875, 1.75, 8.125], "texture": "#0"}
			}
		},
		{
			"from": [0.5, 14.5, 8.5],
			"to": [1, 15, 10.5],
			"faces": {
				"north": {"uv": [2.125, 8.375, 2.1875, 8.4375], "texture": "#0"},
				"east": {"uv": [1.875, 7.875, 2.125, 7.9375], "texture": "#0"},
				"south": {"uv": [8.375, 2.125, 8.4375, 2.1875], "texture": "#0"},
				"west": {"uv": [2.125, 7.875, 2.375, 7.9375], "texture": "#0"},
				"up": {"uv": [2.4375, 8.125, 2.375, 7.875], "texture": "#0"},
				"down": {"uv": [2.5625, 7.875, 2.5, 8.125], "texture": "#0"}
			}
		},
		{
			"from": [15, 1, 7.5],
			"to": [15.5, 15, 8.5],
			"faces": {
				"north": {"uv": [6.5, 0.125, 6.5625, 1.875], "texture": "#0"},
				"east": {"uv": [5.875, 4.625, 6, 6.375], "texture": "#0"},
				"south": {"uv": [0.25, 6.5, 0.3125, 8.25], "texture": "#0"},
				"west": {"uv": [3, 6, 3.125, 7.75], "texture": "#0"},
				"up": {"uv": [5.1875, 8.375, 5.125, 8.25], "texture": "#0"},
				"down": {"uv": [8.3125, 5.125, 8.25, 5.25], "texture": "#0"}
			}
		},
		{
			"from": [15, 1, 1],
			"to": [15.5, 15, 1.5],
			"faces": {
				"north": {"uv": [0.375, 6.5, 0.4375, 8.25], "texture": "#0"},
				"east": {"uv": [0.5, 6.5, 0.5625, 8.25], "texture": "#0"},
				"south": {"uv": [0.625, 6.5, 0.6875, 8.25], "texture": "#0"},
				"west": {"uv": [0.75, 6.5, 0.8125, 8.25], "texture": "#0"},
				"up": {"uv": [8.4375, 3.5625, 8.375, 3.5], "texture": "#0"},
				"down": {"uv": [3.6875, 8.375, 3.625, 8.4375], "texture": "#0"}
			}
		},
		{
			"from": [15, 1, 14.5],
			"to": [15.5, 15, 15],
			"faces": {
				"north": {"uv": [0.875, 6.5, 0.9375, 8.25], "texture": "#0"},
				"east": {"uv": [1, 6.5, 1.0625, 8.25], "texture": "#0"},
				"south": {"uv": [1.125, 6.5, 1.1875, 8.25], "texture": "#0"},
				"west": {"uv": [6.5, 1.875, 6.5625, 3.625], "texture": "#0"},
				"up": {"uv": [8.4375, 3.6875, 8.375, 3.625], "texture": "#0"},
				"down": {"uv": [8.4375, 3.75, 8.375, 3.8125], "texture": "#0"}
			}
		},
		{
			"from": [0.5, 1, 14.5],
			"to": [1, 15, 15],
			"faces": {
				"north": {"uv": [4.75, 6.5, 4.8125, 8.25], "texture": "#0"},
				"east": {"uv": [4.875, 6.5, 4.9375, 8.25], "texture": "#0"},
				"south": {"uv": [5, 6.5, 5.0625, 8.25], "texture": "#0"},
				"west": {"uv": [5.125, 6.5, 5.1875, 8.25], "texture": "#0"},
				"up": {"uv": [4.4375, 8.4375, 4.375, 8.375], "texture": "#0"},
				"down": {"uv": [8.4375, 4.375, 8.375, 4.4375], "texture": "#0"}
			}
		},
		{
			"from": [0.5, 1, 1],
			"to": [1, 15, 1.5],
			"faces": {
				"north": {"uv": [6.5, 3.625, 6.5625, 5.375], "texture": "#0"},
				"east": {"uv": [4.375, 6.5, 4.4375, 8.25], "texture": "#0"},
				"south": {"uv": [4.5, 6.5, 4.5625, 8.25], "texture": "#0"},
				"west": {"uv": [4.625, 6.5, 4.6875, 8.25], "texture": "#0"},
				"up": {"uv": [4.3125, 8.4375, 4.25, 8.375], "texture": "#0"},
				"down": {"uv": [8.4375, 4.25, 8.375, 4.3125], "texture": "#0"}
			}
		},
		{
			"from": [1, 1, 0.5],
			"to": [1.5, 15, 1],
			"faces": {
				"north": {"uv": [5.25, 6.5, 5.3125, 8.25], "texture": "#0"},
				"east": {"uv": [5.375, 6.5, 5.4375, 8.25], "texture": "#0"},
				"south": {"uv": [5.5, 6.5, 5.5625, 8.25], "texture": "#0"},
				"west": {"uv": [5.625, 6.5, 5.6875, 8.25], "texture": "#0"},
				"up": {"uv": [4.5625, 8.4375, 4.5, 8.375], "texture": "#0"},
				"down": {"uv": [8.4375, 4.5, 8.375, 4.5625], "texture": "#0"}
			}
		},
		{
			"from": [14.5, 1, 0.5],
			"to": [15, 15, 1],
			"faces": {
				"north": {"uv": [5.75, 6.5, 5.8125, 8.25], "texture": "#0"},
				"east": {"uv": [5.875, 6.5, 5.9375, 8.25], "texture": "#0"},
				"south": {"uv": [6, 6.5, 6.0625, 8.25], "texture": "#0"},
				"west": {"uv": [6.375, 6.5, 6.4375, 8.25], "texture": "#0"},
				"up": {"uv": [4.6875, 8.4375, 4.625, 8.375], "texture": "#0"},
				"down": {"uv": [8.4375, 4.625, 8.375, 4.6875], "texture": "#0"}
			}
		},
		{
			"from": [14.5, 1, 15],
			"to": [15, 15, 15.5],
			"faces": {
				"north": {"uv": [6.625, 6.5, 6.6875, 8.25], "texture": "#0"},
				"east": {"uv": [6.75, 0.125, 6.8125, 1.875], "texture": "#0"},
				"south": {"uv": [6.75, 1.875, 6.8125, 3.625], "texture": "#0"},
				"west": {"uv": [6.75, 3.625, 6.8125, 5.375], "texture": "#0"},
				"up": {"uv": [4.9375, 8.4375, 4.875, 8.375], "texture": "#0"},
				"down": {"uv": [8.4375, 4.875, 8.375, 4.9375], "texture": "#0"}
			}
		},
		{
			"from": [1, 1, 15],
			"to": [1.5, 15, 15.5],
			"faces": {
				"north": {"uv": [6.5, 6.5, 6.5625, 8.25], "texture": "#0"},
				"east": {"uv": [6.625, 0.125, 6.6875, 1.875], "texture": "#0"},
				"south": {"uv": [6.625, 1.875, 6.6875, 3.625], "texture": "#0"},
				"west": {"uv": [6.625, 3.625, 6.6875, 5.375], "texture": "#0"},
				"up": {"uv": [4.8125, 8.4375, 4.75, 8.375], "texture": "#0"},
				"down": {"uv": [8.4375, 4.75, 8.375, 4.8125], "texture": "#0"}
			}
		},
		{
			"from": [15, 14.5, 8.5],
			"to": [15.5, 15, 10.5],
			"faces": {
				"north": {"uv": [3, 8.375, 3.0625, 8.4375], "texture": "#0"},
				"east": {"uv": [3.75, 8, 4, 8.0625], "texture": "#0"},
				"south": {"uv": [3.125, 8.375, 3.1875, 8.4375], "texture": "#0"},
				"west": {"uv": [4, 8, 4.25, 8.0625], "texture": "#0"},
				"up": {"uv": [4.3125, 8.25, 4.25, 8], "texture": "#0"},
				"down": {"uv": [8.0625, 4.5, 8, 4.75], "texture": "#0"}
			}
		},
		{
			"from": [15, 14.5, 5.5],
			"to": [15.5, 15, 7.5],
			"faces": {
				"north": {"uv": [2.75, 8.375, 2.8125, 8.4375], "texture": "#0"},
				"east": {"uv": [3.125, 8, 3.375, 8.0625], "texture": "#0"},
				"south": {"uv": [2.875, 8.375, 2.9375, 8.4375], "texture": "#0"},
				"west": {"uv": [3.375, 8, 3.625, 8.0625], "texture": "#0"},
				"up": {"uv": [1.5625, 8.25, 1.5, 8], "texture": "#0"},
				"down": {"uv": [3.6875, 8, 3.625, 8.25], "texture": "#0"}
			}
		},
		{
			"from": [8.5, 14.5, 15],
			"to": [10.5, 15, 15.5],
			"faces": {
				"north": {"uv": [7.875, 3.625, 8.125, 3.6875], "texture": "#0"},
				"east": {"uv": [2.375, 8.375, 2.4375, 8.4375], "texture": "#0"},
				"south": {"uv": [7.875, 3.75, 8.125, 3.8125], "texture": "#0"},
				"west": {"uv": [8.375, 2.375, 8.4375, 2.4375], "texture": "#0"},
				"up": {"uv": [8.125, 4.3125, 7.875, 4.25], "texture": "#0"},
				"down": {"uv": [8.125, 4.375, 7.875, 4.4375], "texture": "#0"}
			}
		},
		{
			"from": [5.5, 14.5, 15],
			"to": [7.5, 15, 15.5],
			"faces": {
				"north": {"uv": [2.625, 7.875, 2.875, 7.9375], "texture": "#0"},
				"east": {"uv": [2.25, 8.375, 2.3125, 8.4375], "texture": "#0"},
				"south": {"uv": [2.875, 7.875, 3.125, 7.9375], "texture": "#0"},
				"west": {"uv": [8.375, 2.25, 8.4375, 2.3125], "texture": "#0"},
				"up": {"uv": [8.125, 3.4375, 7.875, 3.375], "texture": "#0"},
				"down": {"uv": [8.125, 3.5, 7.875, 3.5625], "texture": "#0"}
			}
		},
		{
			"from": [8.5, 14.5, 0.5],
			"to": [10.5, 15, 1],
			"faces": {
				"north": {"uv": [1.875, 8, 2.125, 8.0625], "texture": "#0"},
				"east": {"uv": [2.625, 8.375, 2.6875, 8.4375], "texture": "#0"},
				"south": {"uv": [2.125, 8, 2.375, 8.0625], "texture": "#0"},
				"west": {"uv": [8.375, 2.625, 8.4375, 2.6875], "texture": "#0"},
				"up": {"uv": [2.875, 8.0625, 2.625, 8], "texture": "#0"},
				"down": {"uv": [3.125, 8, 2.875, 8.0625], "texture": "#0"}
			}
		},
		{
			"from": [7.5, 1, 0.5],
			"to": [8.5, 15, 1],
			"faces": {
				"north": {"uv": [5.625, 4.625, 5.75, 6.375], "texture": "#0"},
				"east": {"uv": [0, 6.5, 0.0625, 8.25], "texture": "#0"},
				"south": {"uv": [5.75, 4.625, 5.875, 6.375], "texture": "#0"},
				"west": {"uv": [0.125, 6.5, 0.1875, 8.25], "texture": "#0"},
				"up": {"uv": [5.125, 8.3125, 5, 8.25], "texture": "#0"},
				"down": {"uv": [8.375, 5, 8.25, 5.0625], "texture": "#0"}
			}
		},
		{
			"from": [5.5, 14.5, 0.5],
			"to": [7.5, 15, 1],
			"faces": {
				"north": {"uv": [7.625, 7.875, 7.875, 7.9375], "texture": "#0"},
				"east": {"uv": [2.5, 8.375, 2.5625, 8.4375], "texture": "#0"},
				"south": {"uv": [7.875, 7.75, 8.125, 7.8125], "texture": "#0"},
				"west": {"uv": [8.375, 2.5, 8.4375, 2.5625], "texture": "#0"},
				"up": {"uv": [8.125, 7.9375, 7.875, 7.875], "texture": "#0"},
				"down": {"uv": [1.5, 8, 1.25, 8.0625], "texture": "#0"}
			}
		},
		{
			"from": [0, 0, 15],
			"to": [16, 1, 16],
			"faces": {
				"north": {"uv": [4.5, 0, 6.5, 0.125], "texture": "#0"},
				"east": {"uv": [3.125, 7.875, 3.25, 8], "texture": "#0"},
				"south": {"uv": [4.5, 0.125, 6.5, 0.25], "texture": "#0"},
				"west": {"uv": [7.875, 4.5, 8, 4.625], "texture": "#0"},
				"up": {"uv": [6.5, 0.375, 4.5, 0.25], "texture": "#0"},
				"down": {"uv": [6.5, 0.375, 4.5, 0.5], "texture": "#0"}
			}
		},
		{
			"from": [0, 0, 1],
			"to": [1, 1, 15],
			"faces": {
				"north": {"uv": [2.25, 7.75, 2.375, 7.875], "texture": "#0"},
				"east": {"uv": [4.5, 0.5, 6.25, 0.625], "texture": "#0"},
				"south": {"uv": [7.75, 3.375, 7.875, 3.5], "texture": "#0"},
				"west": {"uv": [4.5, 0.625, 6.25, 0.75], "texture": "#0"},
				"up": {"uv": [4.625, 2.5, 4.5, 0.75], "texture": "#0"},
				"down": {"uv": [3.375, 4.5, 3.25, 6.25], "texture": "#0"}
			}
		},
		{
			"from": [15, 0, 1],
			"to": [16, 1, 15],
			"faces": {
				"north": {"uv": [7.75, 3.5, 7.875, 3.625], "texture": "#0"},
				"east": {"uv": [4.5, 2.5, 6.25, 2.625], "texture": "#0"},
				"south": {"uv": [7.75, 3.625, 7.875, 3.75], "texture": "#0"},
				"west": {"uv": [4.5, 2.625, 6.25, 2.75], "texture": "#0"},
				"up": {"uv": [3.5, 6.25, 3.375, 4.5], "texture": "#0"},
				"down": {"uv": [3.625, 4.5, 3.5, 6.25], "texture": "#0"}
			}
		},
		{
			"from": [0, 15, 1],
			"to": [1, 16, 15],
			"faces": {
				"north": {"uv": [7.75, 6.875, 7.875, 7], "texture": "#0"},
				"east": {"uv": [4.375, 4.5, 6.125, 4.625], "texture": "#0"},
				"south": {"uv": [7, 7.75, 7.125, 7.875], "texture": "#0"},
				"west": {"uv": [4.625, 0.75, 6.375, 0.875], "texture": "#0"},
				"up": {"uv": [4.5, 6.375, 4.375, 4.625], "texture": "#0"},
				"down": {"uv": [4.625, 4.625, 4.5, 6.375], "texture": "#0"}
			}
		},
		{
			"from": [0, 15, 0],
			"to": [16, 16, 1],
			"faces": {
				"north": {"uv": [4.25, 3.875, 6.25, 4], "texture": "#0"},
				"east": {"uv": [7.75, 4.875, 7.875, 5], "texture": "#0"},
				"south": {"uv": [4.25, 4, 6.25, 4.125], "texture": "#0"},
				"west": {"uv": [6.125, 7.75, 6.25, 7.875], "texture": "#0"},
				"up": {"uv": [6.25, 4.25, 4.25, 4.125], "texture": "#0"},
				"down": {"uv": [5.25, 4.375, 3.25, 4.5], "texture": "#0"}
			}
		},
		{
			"from": [2, 15, 1],
			"to": [14, 15.5, 2],
			"faces": {
				"north": {"uv": [6.5, 5.5, 8, 5.5625], "texture": "#0"},
				"east": {"uv": [4.625, 8.25, 4.75, 8.3125], "texture": "#0"},
				"south": {"uv": [6.5, 5.625, 8, 5.6875], "texture": "#0"},
				"west": {"uv": [8.25, 4.625, 8.375, 4.6875], "texture": "#0"},
				"up": {"uv": [6.125, 1.25, 4.625, 1.125], "texture": "#0"},
				"down": {"uv": [6.125, 1.25, 4.625, 1.375], "texture": "#0"}
			}
		},
		{
			"from": [9, 14, 1],
			"to": [11, 15, 2],
			"faces": {
				"north": {"uv": [7.5, 1.25, 7.75, 1.375], "texture": "#0"},
				"east": {"uv": [7.125, 7.875, 7.25, 8], "texture": "#0"},
				"south": {"uv": [7.5, 1.375, 7.75, 1.5], "texture": "#0"},
				"west": {"uv": [7.875, 7.125, 8, 7.25], "texture": "#0"},
				"up": {"uv": [2.25, 7.625, 2, 7.5], "texture": "#0"},
				"down": {"uv": [7.75, 2, 7.5, 2.125], "texture": "#0"}
			}
		},
		{
			"from": [7, 1, 1],
			"to": [9, 15, 2],
			"faces": {
				"north": {"uv": [2.25, 3.5, 2.5, 5.25], "texture": "#0"},
				"east": {"uv": [2.875, 5.25, 3, 7], "texture": "#0"},
				"south": {"uv": [2.5, 3.5, 2.75, 5.25], "texture": "#0"},
				"west": {"uv": [5.25, 4.625, 5.375, 6.375], "texture": "#0"},
				"up": {"uv": [7.75, 1.125, 7.5, 1], "texture": "#0"},
				"down": {"uv": [7.75, 1.125, 7.5, 1.25], "texture": "#0"}
			}
		},
		{
			"from": [5, 14, 1],
			"to": [7, 15, 2],
			"faces": {
				"north": {"uv": [7.5, 0.5, 7.75, 0.625], "texture": "#0"},
				"east": {"uv": [7, 7.875, 7.125, 8], "texture": "#0"},
				"south": {"uv": [7.5, 0.625, 7.75, 0.75], "texture": "#0"},
				"west": {"uv": [7.875, 7, 8, 7.125], "texture": "#0"},
				"up": {"uv": [7.75, 0.875, 7.5, 0.75], "texture": "#0"},
				"down": {"uv": [7.75, 0.875, 7.5, 1], "texture": "#0"}
			}
		},
		{
			"from": [2, 0.5, 1],
			"to": [14, 1, 2],
			"faces": {
				"north": {"uv": [4.625, 2.375, 6.125, 2.4375], "texture": "#0"},
				"east": {"uv": [4.5, 8.25, 4.625, 8.3125], "texture": "#0"},
				"south": {"uv": [6.5, 5.375, 8, 5.4375], "texture": "#0"},
				"west": {"uv": [8.25, 4.5, 8.375, 4.5625], "texture": "#0"},
				"up": {"uv": [6.125, 1, 4.625, 0.875], "texture": "#0"},
				"down": {"uv": [6.125, 1, 4.625, 1.125], "texture": "#0"}
			}
		},
		{
			"from": [2, 15, 14],
			"to": [14, 15.5, 15],
			"faces": {
				"north": {"uv": [6.75, 6.75, 8.25, 6.8125], "texture": "#0"},
				"east": {"uv": [4.875, 8.25, 5, 8.3125], "texture": "#0"},
				"south": {"uv": [6.875, 0.125, 8.375, 0.1875], "texture": "#0"},
				"west": {"uv": [8.25, 4.875, 8.375, 4.9375], "texture": "#0"},
				"up": {"uv": [6.125, 1.75, 4.625, 1.625], "texture": "#0"},
				"down": {"uv": [6.125, 1.75, 4.625, 1.875], "texture": "#0"}
			}
		},
		{
			"from": [9, 14, 14],
			"to": [11, 15, 15],
			"faces": {
				"north": {"uv": [7.5, 4.5, 7.75, 4.625], "texture": "#0"},
				"east": {"uv": [7.375, 7.875, 7.5, 8], "texture": "#0"},
				"south": {"uv": [7.5, 4.625, 7.75, 4.75], "texture": "#0"},
				"west": {"uv": [7.5, 7.875, 7.625, 8], "texture": "#0"},
				"up": {"uv": [7.75, 7, 7.5, 6.875], "texture": "#0"},
				"down": {"uv": [7.75, 7, 7.5, 7.125], "texture": "#0"}
			}
		},
		{
			"from": [5, 14, 14],
			"to": [7, 15, 15],
			"faces": {
				"north": {"uv": [7.5, 3.375, 7.75, 3.5], "texture": "#0"},
				"east": {"uv": [7.25, 7.875, 7.375, 8], "texture": "#0"},
				"south": {"uv": [7.5, 3.5, 7.75, 3.625], "texture": "#0"},
				"west": {"uv": [7.875, 7.25, 8, 7.375], "texture": "#0"},
				"up": {"uv": [7.75, 3.75, 7.5, 3.625], "texture": "#0"},
				"down": {"uv": [7.75, 3.75, 7.5, 3.875], "texture": "#0"}
			}
		},
		{
			"from": [7, 1, 14],
			"to": [9, 15, 15],
			"faces": {
				"north": {"uv": [2.75, 3.5, 3, 5.25], "texture": "#0"},
				"east": {"uv": [5.375, 4.625, 5.5, 6.375], "texture": "#0"},
				"south": {"uv": [3, 4.25, 3.25, 6], "texture": "#0"},
				"west": {"uv": [5.5, 4.625, 5.625, 6.375], "texture": "#0"},
				"up": {"uv": [7.75, 2.25, 7.5, 2.125], "texture": "#0"},
				"down": {"uv": [2.875, 7.5, 2.625, 7.625], "texture": "#0"}
			}
		},
		{
			"from": [2, 0.5, 14],
			"to": [14, 1, 15],
			"faces": {
				"north": {"uv": [6.75, 6.5, 8.25, 6.5625], "texture": "#0"},
				"east": {"uv": [4.75, 8.25, 4.875, 8.3125], "texture": "#0"},
				"south": {"uv": [6.75, 6.625, 8.25, 6.6875], "texture": "#0"},
				"west": {"uv": [8.25, 4.75, 8.375, 4.8125], "texture": "#0"},
				"up": {"uv": [6.125, 1.5, 4.625, 1.375], "texture": "#0"},
				"down": {"uv": [6.125, 1.5, 4.625, 1.625], "texture": "#0"}
			}
		},
		{
			"from": [0, 15, 15],
			"to": [16, 16, 16],
			"faces": {
				"north": {"uv": [4.25, 3.375, 6.25, 3.5], "texture": "#0"},
				"east": {"uv": [7.75, 4.625, 7.875, 4.75], "texture": "#0"},
				"south": {"uv": [4.25, 3.5, 6.25, 3.625], "texture": "#0"},
				"west": {"uv": [7.75, 4.75, 7.875, 4.875], "texture": "#0"},
				"up": {"uv": [6.25, 3.75, 4.25, 3.625], "texture": "#0"},
				"down": {"uv": [6.25, 3.75, 4.25, 3.875], "texture": "#0"}
			}
		},
		{
			"from": [15, 15, 1],
			"to": [16, 16, 15],
			"faces": {
				"north": {"uv": [7.75, 4.375, 7.875, 4.5], "texture": "#0"},
				"east": {"uv": [4.5, 2.75, 6.25, 2.875], "texture": "#0"},
				"south": {"uv": [7.75, 4.5, 7.875, 4.625], "texture": "#0"},
				"west": {"uv": [4.5, 2.875, 6.25, 3], "texture": "#0"},
				"up": {"uv": [4.25, 6.25, 4.125, 4.5], "texture": "#0"},
				"down": {"uv": [4.375, 4.5, 4.25, 6.25], "texture": "#0"}
			}
		},
		{
			"from": [14, 1, 7],
			"to": [15, 15, 9],
			"faces": {
				"north": {"uv": [1.875, 5.25, 2, 7], "texture": "#0"},
				"east": {"uv": [1.25, 3.5, 1.5, 5.25], "texture": "#0"},
				"south": {"uv": [2, 5.25, 2.125, 7], "texture": "#0"},
				"west": {"uv": [1.5, 3.5, 1.75, 5.25], "texture": "#0"},
				"up": {"uv": [2.5, 7.625, 2.375, 7.375], "texture": "#0"},
				"down": {"uv": [2.625, 7.375, 2.5, 7.625], "texture": "#0"}
			}
		},
		{
			"from": [14, 14, 5],
			"to": [15, 15, 7],
			"faces": {
				"north": {"uv": [7.875, 4.875, 8, 5], "texture": "#0"},
				"east": {"uv": [7.375, 1.875, 7.625, 2], "texture": "#0"},
				"south": {"uv": [6.125, 7.875, 6.25, 8], "texture": "#0"},
				"west": {"uv": [2, 7.375, 2.25, 7.5], "texture": "#0"},
				"up": {"uv": [7.5, 2.25, 7.375, 2], "texture": "#0"},
				"down": {"uv": [2.375, 7.375, 2.25, 7.625], "texture": "#0"}
			}
		},
		{
			"from": [14, 14, 9],
			"to": [15, 15, 11],
			"faces": {
				"north": {"uv": [7.875, 4.625, 8, 4.75], "texture": "#0"},
				"east": {"uv": [5.875, 2.25, 6.125, 2.375], "texture": "#0"},
				"south": {"uv": [7.875, 4.75, 8, 4.875], "texture": "#0"},
				"west": {"uv": [7.375, 1.75, 7.625, 1.875], "texture": "#0"},
				"up": {"uv": [6.375, 0.75, 6.25, 0.5], "texture": "#0"},
				"down": {"uv": [2, 7.375, 1.875, 7.625], "texture": "#0"}
			}
		},
		{
			"from": [14, 15, 1],
			"to": [15, 15.5, 15],
			"faces": {
				"north": {"uv": [8.25, 3.625, 8.375, 3.6875], "texture": "#0"},
				"east": {"uv": [6.375, 5.875, 8.125, 5.9375], "texture": "#0"},
				"south": {"uv": [8.25, 3.75, 8.375, 3.8125], "texture": "#0"},
				"west": {"uv": [6.375, 6, 8.125, 6.0625], "texture": "#0"},
				"up": {"uv": [1.75, 7, 1.625, 5.25], "texture": "#0"},
				"down": {"uv": [1.875, 5.25, 1.75, 7], "texture": "#0"}
			}
		},
		{
			"from": [14, 0.5, 1],
			"to": [15, 1, 15],
			"faces": {
				"north": {"uv": [8.25, 3.5, 8.375, 3.5625], "texture": "#0"},
				"east": {"uv": [4.375, 6.375, 6.125, 6.4375], "texture": "#0"},
				"south": {"uv": [3.625, 8.25, 3.75, 8.3125], "texture": "#0"},
				"west": {"uv": [6.375, 5.75, 8.125, 5.8125], "texture": "#0"},
				"up": {"uv": [1.5, 7, 1.375, 5.25], "texture": "#0"},
				"down": {"uv": [1.625, 5.25, 1.5, 7], "texture": "#0"}
			}
		},
		{
			"from": [1, 1, 7],
			"to": [2, 15, 9],
			"faces": {
				"north": {"uv": [2.625, 5.25, 2.75, 7], "texture": "#0"},
				"east": {"uv": [1.75, 3.5, 2, 5.25], "texture": "#0"},
				"south": {"uv": [2.75, 5.25, 2.875, 7], "texture": "#0"},
				"west": {"uv": [2, 3.5, 2.25, 5.25], "texture": "#0"},
				"up": {"uv": [7.5, 7.625, 7.375, 7.375], "texture": "#0"},
				"down": {"uv": [7.625, 0.25, 7.5, 0.5], "texture": "#0"}
			}
		},
		{
			"from": [1, 14, 5],
			"to": [2, 15, 7],
			"faces": {
				"north": {"uv": [6.875, 7.875, 7, 8], "texture": "#0"},
				"east": {"uv": [7.375, 4.75, 7.625, 4.875], "texture": "#0"},
				"south": {"uv": [7.875, 6.875, 8, 7], "texture": "#0"},
				"west": {"uv": [7.375, 4.875, 7.625, 5], "texture": "#0"},
				"up": {"uv": [7.5, 7.125, 7.375, 6.875], "texture": "#0"},
				"down": {"uv": [7.5, 7.125, 7.375, 7.375], "texture": "#0"}
			}
		},
		{
			"from": [1, 14, 9],
			"to": [2, 15, 11],
			"faces": {
				"north": {"uv": [6.25, 7.875, 6.375, 8], "texture": "#0"},
				"east": {"uv": [2.625, 7.375, 2.875, 7.5], "texture": "#0"},
				"south": {"uv": [6.75, 7.875, 6.875, 8], "texture": "#0"},
				"west": {"uv": [7.375, 3.25, 7.625, 3.375], "texture": "#0"},
				"up": {"uv": [7.5, 3.625, 7.375, 3.375], "texture": "#0"},
				"down": {"uv": [7.5, 3.625, 7.375, 3.875], "texture": "#0"}
			}
		},
		{
			"from": [1, 15, 1],
			"to": [2, 15.5, 15],
			"faces": {
				"north": {"uv": [4.375, 8.25, 4.5, 8.3125], "texture": "#0"},
				"east": {"uv": [6.375, 6.375, 8.125, 6.4375], "texture": "#0"},
				"south": {"uv": [8.25, 4.375, 8.375, 4.4375], "texture": "#0"},
				"west": {"uv": [6.5, 0, 8.25, 0.0625], "texture": "#0"},
				"up": {"uv": [2.5, 7, 2.375, 5.25], "texture": "#0"},
				"down": {"uv": [2.625, 5.25, 2.5, 7], "texture": "#0"}
			}
		},
		{
			"from": [1, 0.5, 1],
			"to": [2, 1, 15],
			"faces": {
				"north": {"uv": [4.25, 8.25, 4.375, 8.3125], "texture": "#0"},
				"east": {"uv": [6.375, 6.125, 8.125, 6.1875], "texture": "#0"},
				"south": {"uv": [8.25, 4.25, 8.375, 4.3125], "texture": "#0"},
				"west": {"uv": [6.375, 6.25, 8.125, 6.3125], "texture": "#0"},
				"up": {"uv": [2.25, 7, 2.125, 5.25], "texture": "#0"},
				"down": {"uv": [2.375, 5.25, 2.25, 7], "texture": "#0"}
			}
		},
		{
			"from": [2, 1, 2],
			"to": [14, 15, 14],
			"faces": {
				"north": {"uv": [0, 0, 1.5, 1.75], "texture": "#0"},
				"east": {"uv": [1.5, 0, 3, 1.75], "texture": "#0"},
				"south": {"uv": [0, 1.75, 1.5, 3.5], "texture": "#0"},
				"west": {"uv": [1.5, 1.75, 3, 3.5], "texture": "#0"},
				"up": {"uv": [4.5, 1.5, 3, 0], "texture": "#0"},
				"down": {"uv": [4.5, 1.5, 3, 3], "texture": "#0"}
			}
		},
		{
			"from": [7, 16, 0],
			"to": [9, 16.3, 1],
			"faces": {
				"north": {"uv": [5.25, 8.25, 5.5, 8.28125], "texture": "#0"},
				"east": {"uv": [5, 8.375, 5.125, 8.40625], "texture": "#0"},
				"south": {"uv": [8.25, 5.25, 8.5, 5.28125], "texture": "#0"},
				"west": {"uv": [8.375, 5, 8.5, 5.03125], "texture": "#0"},
				"up": {"uv": [7.75, 7.25, 7.5, 7.125], "texture": "#0"},
				"down": {"uv": [7.75, 7.25, 7.5, 7.375], "texture": "#0"}
			}
		},
		{
			"from": [6, 16, 14],
			"to": [10, 16.3, 15],
			"faces": {
				"north": {"uv": [6.75, 8, 7.25, 8.03125], "texture": "#0"},
				"east": {"uv": [5.125, 8.375, 5.25, 8.40625], "texture": "#0"},
				"south": {"uv": [8, 6.875, 8.5, 6.90625], "texture": "#0"},
				"west": {"uv": [8.375, 5.125, 8.5, 5.15625], "texture": "#0"},
				"up": {"uv": [7.5, 4.625, 7, 4.5], "texture": "#0"},
				"down": {"uv": [7.5, 4.625, 7, 4.75], "texture": "#0"}
			}
		},
		{
			"from": [6, 16, 1],
			"to": [10, 16.3, 2],
			"faces": {
				"north": {"uv": [7.75, 8, 8.25, 8.03125], "texture": "#0"},
				"east": {"uv": [7.875, 8.375, 8, 8.40625], "texture": "#0"},
				"south": {"uv": [1.625, 8.125, 2.125, 8.15625], "texture": "#0"},
				"west": {"uv": [8, 8.375, 8.125, 8.40625], "texture": "#0"},
				"up": {"uv": [7.625, 3.125, 7.125, 3], "texture": "#0"},
				"down": {"uv": [7.625, 3.125, 7.125, 3.25], "texture": "#0"}
			}
		},
		{
			"from": [5, 16, 13],
			"to": [11, 16.3, 14],
			"faces": {
				"north": {"uv": [7.75, 1.25, 8.5, 1.28125], "texture": "#0"},
				"east": {"uv": [7.375, 8.375, 7.5, 8.40625], "texture": "#0"},
				"south": {"uv": [7.75, 1.375, 8.5, 1.40625], "texture": "#0"},
				"west": {"uv": [7.5, 8.375, 7.625, 8.40625], "texture": "#0"},
				"up": {"uv": [5.875, 2, 5.125, 1.875], "texture": "#0"},
				"down": {"uv": [5.875, 2, 5.125, 2.125], "texture": "#0"}
			}
		},
		{
			"from": [5, 16, 2],
			"to": [11, 16.3, 3],
			"faces": {
				"north": {"uv": [7.75, 1.75, 8.5, 1.78125], "texture": "#0"},
				"east": {"uv": [7.625, 8.375, 7.75, 8.40625], "texture": "#0"},
				"south": {"uv": [7.75, 1.875, 8.5, 1.90625], "texture": "#0"},
				"west": {"uv": [7.75, 8.375, 7.875, 8.40625], "texture": "#0"},
				"up": {"uv": [5.875, 2.25, 5.125, 2.125], "texture": "#0"},
				"down": {"uv": [5.875, 2.25, 5.125, 2.375], "texture": "#0"}
			}
		},
		{
			"from": [3, 16, 3],
			"to": [13, 16.3, 13],
			"faces": {
				"north": {"uv": [7.25, 4, 8.5, 4.03125], "texture": "#0"},
				"east": {"uv": [7.25, 4.125, 8.5, 4.15625], "texture": "#0"},
				"south": {"uv": [7.375, 1.5, 8.625, 1.53125], "texture": "#0"},
				"west": {"uv": [7.375, 1.625, 8.625, 1.65625], "texture": "#0"},
				"up": {"uv": [4.25, 4.25, 3, 3], "texture": "#0"},
				"down": {"uv": [1.25, 3.5, 0, 4.75], "texture": "#0"}
			}
		},
		{
			"from": [4, 16.3, 4],
			"to": [4.5, 16.6, 12],
			"faces": {
				"north": {"uv": [8.125, 8.375, 8.1875, 8.40625], "texture": "#0"},
				"east": {"uv": [7.625, 2.875, 8.625, 2.90625], "texture": "#0"},
				"south": {"uv": [8.25, 8.375, 8.3125, 8.40625], "texture": "#0"},
				"west": {"uv": [7.625, 3, 8.625, 3.03125], "texture": "#0"},
				"up": {"uv": [7.1875, 4.25, 7.125, 3.25], "texture": "#0"},
				"down": {"uv": [7.1875, 6.875, 7.125, 7.875], "texture": "#0"}
			}
		},
		{
			"from": [4.5, 16.3, 4],
			"to": [11.5, 16.6, 4.5],
			"faces": {
				"north": {"uv": [7.625, 3.875, 8.5, 3.90625], "texture": "#0"},
				"east": {"uv": [0.125, 8.5, 0.1875, 8.53125], "texture": "#0"},
				"south": {"uv": [7.375, 7.625, 8.25, 7.65625], "texture": "#0"},
				"west": {"uv": [8.5, 0.125, 8.5625, 0.15625], "texture": "#0"},
				"up": {"uv": [8, 5.0625, 7.125, 5], "texture": "#0"},
				"down": {"uv": [8, 5.125, 7.125, 5.1875], "texture": "#0"}
			}
		},
		{
			"from": [4.5, 16.3, 6.5],
			"to": [11.5, 16.6, 7],
			"faces": {
				"north": {"uv": [7.75, 0.25, 8.625, 0.28125], "texture": "#0"},
				"east": {"uv": [0.5, 8.5, 0.5625, 8.53125], "texture": "#0"},
				"south": {"uv": [7.75, 0.375, 8.625, 0.40625], "texture": "#0"},
				"west": {"uv": [0.625, 8.5, 0.6875, 8.53125], "texture": "#0"},
				"up": {"uv": [8.125, 2.4375, 7.25, 2.375], "texture": "#0"},
				"down": {"uv": [8.125, 2.5, 7.25, 2.5625], "texture": "#0"}
			}
		},
		{
			"from": [4.5, 16.3, 9],
			"to": [11.5, 16.6, 9.5],
			"faces": {
				"north": {"uv": [7.75, 0.5, 8.625, 0.53125], "texture": "#0"},
				"east": {"uv": [8.5, 0.75, 8.5625, 0.78125], "texture": "#0"},
				"south": {"uv": [7.75, 0.625, 8.625, 0.65625], "texture": "#0"},
				"west": {"uv": [8.5, 0.875, 8.5625, 0.90625], "texture": "#0"},
				"up": {"uv": [8.125, 2.6875, 7.25, 2.625], "texture": "#0"},
				"down": {"uv": [8.125, 2.75, 7.25, 2.8125], "texture": "#0"}
			}
		},
		{
			"from": [4.5, 16.3, 11.5],
			"to": [11.5, 16.6, 12],
			"faces": {
				"north": {"uv": [7.625, 7.375, 8.5, 7.40625], "texture": "#0"},
				"east": {"uv": [0.25, 8.5, 0.3125, 8.53125], "texture": "#0"},
				"south": {"uv": [7.625, 7.5, 8.5, 7.53125], "texture": "#0"},
				"west": {"uv": [0.375, 8.5, 0.4375, 8.53125], "texture": "#0"},
				"up": {"uv": [8, 5.3125, 7.125, 5.25], "texture": "#0"},
				"down": {"uv": [8.125, 2.25, 7.25, 2.3125], "texture": "#0"}
			}
		},
		{
			"from": [11.5, 16.3, 4],
			"to": [12, 16.6, 12],
			"faces": {
				"north": {"uv": [8.375, 8.375, 8.4375, 8.40625], "texture": "#0"},
				"east": {"uv": [7.625, 3.125, 8.625, 3.15625], "texture": "#0"},
				"south": {"uv": [0, 8.5, 0.0625, 8.53125], "texture": "#0"},
				"west": {"uv": [7.625, 3.25, 8.625, 3.28125], "texture": "#0"},
				"up": {"uv": [7.3125, 1.25, 7.25, 0.25], "texture": "#0"},
				"down": {"uv": [7.3125, 1.25, 7.25, 2.25], "texture": "#0"}
			}
		},
		{
			"from": [9, 16.3, 4.5],
			"to": [9.5, 16.6, 6.5],
			"faces": {
				"north": {"uv": [1, 8.5, 1.0625, 8.53125], "texture": "#0"},
				"east": {"uv": [8.25, 6.5, 8.5, 6.53125], "texture": "#0"},
				"south": {"uv": [8.5, 1, 8.5625, 1.03125], "texture": "#0"},
				"west": {"uv": [8.25, 6.625, 8.5, 6.65625], "texture": "#0"},
				"up": {"uv": [6.1875, 8.25, 6.125, 8], "texture": "#0"},
				"down": {"uv": [6.3125, 8, 6.25, 8.25], "texture": "#0"}
			}
		},
		{
			"from": [9, 16.3, 7],
			"to": [9.5, 16.6, 9],
			"faces": {
				"north": {"uv": [1.125, 8.5, 1.1875, 8.53125], "texture": "#0"},
				"east": {"uv": [8.25, 6.75, 8.5, 6.78125], "texture": "#0"},
				"south": {"uv": [8.5, 1.125, 8.5625, 1.15625], "texture": "#0"},
				"west": {"uv": [7, 8.25, 7.25, 8.28125], "texture": "#0"},
				"up": {"uv": [1.3125, 8.375, 1.25, 8.125], "texture": "#0"},
				"down": {"uv": [1.4375, 8.125, 1.375, 8.375], "texture": "#0"}
			}
		},
		{
			"from": [9, 16.3, 9.5],
			"to": [9.5, 16.6, 11.5],
			"faces": {
				"north": {"uv": [1.25, 8.5, 1.3125, 8.53125], "texture": "#0"},
				"east": {"uv": [7.25, 8.25, 7.5, 8.28125], "texture": "#0"},
				"south": {"uv": [8.5, 1.25, 8.5625, 1.28125], "texture": "#0"},
				"west": {"uv": [7.5, 8.25, 7.75, 8.28125], "texture": "#0"},
				"up": {"uv": [8.1875, 2.25, 8.125, 2], "texture": "#0"},
				"down": {"uv": [2.1875, 8.125, 2.125, 8.375], "texture": "#0"}
			}
		},
		{
			"from": [6.5, 16.3, 9.5],
			"to": [7, 16.6, 11.5],
			"faces": {
				"north": {"uv": [1.75, 8.5, 1.8125, 8.53125], "texture": "#0"},
				"east": {"uv": [8.25, 8.125, 8.5, 8.15625], "texture": "#0"},
				"south": {"uv": [8.5, 1.75, 8.5625, 1.78125], "texture": "#0"},
				"west": {"uv": [8.25, 8.25, 8.5, 8.28125], "texture": "#0"},
				"up": {"uv": [8.1875, 2.75, 8.125, 2.5], "texture": "#0"},
				"down": {"uv": [2.6875, 8.125, 2.625, 8.375], "texture": "#0"}
			}
		},
		{
			"from": [6.5, 16.3, 7],
			"to": [7, 16.6, 9],
			"faces": {
				"north": {"uv": [1.5, 8.5, 1.5625, 8.53125], "texture": "#0"},
				"east": {"uv": [8, 8.25, 8.25, 8.28125], "texture": "#0"},
				"south": {"uv": [1.625, 8.5, 1.6875, 8.53125], "texture": "#0"},
				"west": {"uv": [8.25, 8, 8.5, 8.03125], "texture": "#0"},
				"up": {"uv": [2.4375, 8.375, 2.375, 8.125], "texture": "#0"},
				"down": {"uv": [2.5625, 8.125, 2.5, 8.375], "texture": "#0"}
			}
		},
		{
			"from": [6.5, 16.3, 4.5],
			"to": [7, 16.6, 6.5],
			"faces": {
				"north": {"uv": [1.375, 8.5, 1.4375, 8.53125], "texture": "#0"},
				"east": {"uv": [8.25, 7.625, 8.5, 7.65625], "texture": "#0"},
				"south": {"uv": [8.5, 1.375, 8.5625, 1.40625], "texture": "#0"},
				"west": {"uv": [7.75, 8.25, 8, 8.28125], "texture": "#0"},
				"up": {"uv": [2.3125, 8.375, 2.25, 8.125], "texture": "#0"},
				"down": {"uv": [8.1875, 2.25, 8.125, 2.5], "texture": "#0"}
			}
		},
		{
			"from": [7, 16, 15],
			"to": [9, 16.3, 16],
			"faces": {
				"north": {"uv": [5.75, 8.25, 6, 8.28125], "texture": "#0"},
				"east": {"uv": [7.125, 8.375, 7.25, 8.40625], "texture": "#0"},
				"south": {"uv": [8.25, 5.75, 8.5, 5.78125], "texture": "#0"},
				"west": {"uv": [7.25, 8.375, 7.375, 8.40625], "texture": "#0"},
				"up": {"uv": [2.125, 7.75, 1.875, 7.625], "texture": "#0"},
				"down": {"uv": [2.375, 7.625, 2.125, 7.75], "texture": "#0"}
			}
		},
		{
			"from": [7, 14, 16],
			"to": [9, 16.3, 16.3],
			"faces": {
				"north": {"uv": [5.875, 1.875, 6.125, 2.15625], "texture": "#0"},
				"east": {"uv": [8.125, 4.25, 8.15625, 4.53125], "texture": "#0"},
				"south": {"uv": [6.875, 5, 7.125, 5.28125], "texture": "#0"},
				"west": {"uv": [8.125, 4.625, 8.15625, 4.90625], "texture": "#0"},
				"up": {"uv": [8.5, 5.90625, 8.25, 5.875], "texture": "#0"},
				"down": {"uv": [6.25, 8.25, 6, 8.28125], "texture": "#0"}
			}
		},
		{
			"from": [7, 14, -0.3],
			"to": [9, 16.3, 0],
			"faces": {
				"north": {"uv": [1.875, 7, 2.125, 7.28125], "texture": "#0"},
				"east": {"uv": [8.125, 5, 8.15625, 5.28125], "texture": "#0"},
				"south": {"uv": [2.125, 7, 2.375, 7.28125], "texture": "#0"},
				"west": {"uv": [8.125, 5.375, 8.15625, 5.65625], "texture": "#0"},
				"up": {"uv": [8.5, 6.03125, 8.25, 6], "texture": "#0"},
				"down": {"uv": [8.5, 6.125, 8.25, 6.15625], "texture": "#0"}
			}
		},
		{
			"from": [-0.3, 14, 7],
			"to": [0, 16.3, 9],
			"faces": {
				"north": {"uv": [8.125, 5.75, 8.15625, 6.03125], "texture": "#0"},
				"east": {"uv": [7, 2.25, 7.25, 2.53125], "texture": "#0"},
				"south": {"uv": [8.125, 6.125, 8.15625, 6.40625], "texture": "#0"},
				"west": {"uv": [2.375, 7, 2.625, 7.28125], "texture": "#0"},
				"up": {"uv": [6.28125, 8.5, 6.25, 8.25], "texture": "#0"},
				"down": {"uv": [8.28125, 6.25, 8.25, 6.5], "texture": "#0"}
			}
		},
		{
			"from": [16, 14, 7],
			"to": [16.3, 16.3, 9],
			"faces": {
				"north": {"uv": [6.75, 8.125, 6.78125, 8.40625], "texture": "#0"},
				"east": {"uv": [2.625, 7, 2.875, 7.28125], "texture": "#0"},
				"south": {"uv": [6.875, 8.125, 6.90625, 8.40625], "texture": "#0"},
				"west": {"uv": [7, 2.625, 7.25, 2.90625], "texture": "#0"},
				"up": {"uv": [6.40625, 8.5, 6.375, 8.25], "texture": "#0"},
				"down": {"uv": [6.53125, 8.25, 6.5, 8.5], "texture": "#0"}
			}
		},
		{
			"from": [15, 16, 7],
			"to": [16, 16.3, 9],
			"faces": {
				"north": {"uv": [5.25, 8.375, 5.375, 8.40625], "texture": "#0"},
				"east": {"uv": [8.25, 5.375, 8.5, 5.40625], "texture": "#0"},
				"south": {"uv": [5.375, 8.375, 5.5, 8.40625], "texture": "#0"},
				"west": {"uv": [5.5, 8.25, 5.75, 8.28125], "texture": "#0"},
				"up": {"uv": [7.375, 7.75, 7.25, 7.5], "texture": "#0"},
				"down": {"uv": [7.625, 7.375, 7.5, 7.625], "texture": "#0"}
			}
		},
		{
			"from": [0, 16, 7],
			"to": [1, 16.3, 9],
			"faces": {
				"north": {"uv": [5.5, 8.375, 5.625, 8.40625], "texture": "#0"},
				"east": {"uv": [8.25, 5.5, 8.5, 5.53125], "texture": "#0"},
				"south": {"uv": [5.625, 8.375, 5.75, 8.40625], "texture": "#0"},
				"west": {"uv": [8.25, 5.625, 8.5, 5.65625], "texture": "#0"},
				"up": {"uv": [7.75, 0.5, 7.625, 0.25], "texture": "#0"},
				"down": {"uv": [7.75, 1.75, 7.625, 2], "texture": "#0"}
			}
		},
		{
			"from": [1, 16, 6],
			"to": [2, 16.3, 10],
			"faces": {
				"north": {"uv": [5.75, 8.375, 5.875, 8.40625], "texture": "#0"},
				"east": {"uv": [8, 7, 8.5, 7.03125], "texture": "#0"},
				"south": {"uv": [5.875, 8.375, 6, 8.40625], "texture": "#0"},
				"west": {"uv": [8, 7.125, 8.5, 7.15625], "texture": "#0"},
				"up": {"uv": [7.25, 0.75, 7.125, 0.25], "texture": "#0"},
				"down": {"uv": [7.25, 0.75, 7.125, 1.25], "texture": "#0"}
			}
		},
		{
			"from": [14, 16, 6],
			"to": [15, 16.3, 10],
			"faces": {
				"north": {"uv": [6.625, 8.375, 6.75, 8.40625], "texture": "#0"},
				"east": {"uv": [7.25, 8, 7.75, 8.03125], "texture": "#0"},
				"south": {"uv": [7, 8.375, 7.125, 8.40625], "texture": "#0"},
				"west": {"uv": [8, 7.25, 8.5, 7.28125], "texture": "#0"},
				"up": {"uv": [7.25, 1.75, 7.125, 1.25], "texture": "#0"},
				"down": {"uv": [7.25, 1.75, 7.125, 2.25], "texture": "#0"}
			}
		},
		{
			"from": [2, 16, 5],
			"to": [3, 16.3, 11],
			"faces": {
				"north": {"uv": [6, 8.375, 6.125, 8.40625], "texture": "#0"},
				"east": {"uv": [7.75, 0.75, 8.5, 0.78125], "texture": "#0"},
				"south": {"uv": [6.125, 8.375, 6.25, 8.40625], "texture": "#0"},
				"west": {"uv": [7.75, 0.875, 8.5, 0.90625], "texture": "#0"},
				"up": {"uv": [6.25, 1.625, 6.125, 0.875], "texture": "#0"},
				"down": {"uv": [6.25, 1.625, 6.125, 2.375], "texture": "#0"}
			}
		},
		{
			"from": [13, 16, 5],
			"to": [14, 16.3, 11],
			"faces": {
				"north": {"uv": [8.375, 6.25, 8.5, 6.28125], "texture": "#0"},
				"east": {"uv": [7.75, 1, 8.5, 1.03125], "texture": "#0"},
				"south": {"uv": [8.375, 6.375, 8.5, 6.40625], "texture": "#0"},
				"west": {"uv": [7.75, 1.125, 8.5, 1.15625], "texture": "#0"},
				"up": {"uv": [7, 1, 6.875, 0.25], "texture": "#0"},
				"down": {"uv": [7, 1, 6.875, 1.75], "texture": "#0"}
			}
		},
		{
			"from": [9.5, 10, 1],
			"to": [13.5, 12, 2],
			"faces": {
				"north": {"uv": [4.625, 1.875, 5.125, 2.125], "texture": "#0"},
				"east": {"uv": [2.375, 7.625, 2.5, 7.875], "texture": "#0"},
				"south": {"uv": [4.625, 2.125, 5.125, 2.375], "texture": "#0"},
				"west": {"uv": [2.5, 7.625, 2.625, 7.875], "texture": "#0"},
				"up": {"uv": [7.625, 4.375, 7.125, 4.25], "texture": "#0"},
				"down": {"uv": [7.625, 4.375, 7.125, 4.5], "texture": "#0"}
			}
		},
		{
			"from": [3, 12.5, 1],
			"to": [6, 13, 2],
			"faces": {
				"north": {"uv": [1.875, 7.75, 2.25, 7.8125], "texture": "#0"},
				"east": {"uv": [6.625, 8.25, 6.75, 8.3125], "texture": "#0"},
				"south": {"uv": [7.75, 2, 8.125, 2.0625], "texture": "#0"},
				"west": {"uv": [0, 8.375, 0.125, 8.4375], "texture": "#0"},
				"up": {"uv": [6.125, 4.375, 5.75, 4.25], "texture": "#0"},
				"down": {"uv": [6.125, 4.375, 5.75, 4.5], "texture": "#0"}
			}
		},
		{
			"from": [3, 10, 1],
			"to": [6, 10.5, 2],
			"faces": {
				"north": {"uv": [7.75, 2.125, 8.125, 2.1875], "texture": "#0"},
				"east": {"uv": [0.5, 8.375, 0.625, 8.4375], "texture": "#0"},
				"south": {"uv": [2.875, 7.75, 3.25, 7.8125], "texture": "#0"},
				"west": {"uv": [0.625, 8.375, 0.75, 8.4375], "texture": "#0"},
				"up": {"uv": [7.625, 3, 7.25, 2.875], "texture": "#0"},
				"down": {"uv": [7.625, 3.875, 7.25, 4], "texture": "#0"}
			}
		},
		{
			"from": [5.5, 10.5, 1],
			"to": [6, 12.5, 2],
			"faces": {
				"north": {"uv": [2.75, 8.125, 2.8125, 8.375], "texture": "#0"},
				"east": {"uv": [2.625, 7.625, 2.75, 7.875], "texture": "#0"},
				"south": {"uv": [2.875, 8.125, 2.9375, 8.375], "texture": "#0"},
				"west": {"uv": [2.75, 7.625, 2.875, 7.875], "texture": "#0"},
				"up": {"uv": [0.1875, 8.5, 0.125, 8.375], "texture": "#0"},
				"down": {"uv": [8.4375, 0.125, 8.375, 0.25], "texture": "#0"}
			}
		},
		{
			"from": [3, 10.5, 1],
			"to": [3.5, 12.5, 2],
			"faces": {
				"north": {"uv": [3, 8.125, 3.0625, 8.375], "texture": "#0"},
				"east": {"uv": [7.625, 4.25, 7.75, 4.5], "texture": "#0"},
				"south": {"uv": [3.125, 8.125, 3.1875, 8.375], "texture": "#0"},
				"west": {"uv": [7.625, 4.75, 7.75, 5], "texture": "#0"},
				"up": {"uv": [0.3125, 8.5, 0.25, 8.375], "texture": "#0"},
				"down": {"uv": [0.4375, 8.375, 0.375, 8.5], "texture": "#0"}
			}
		},
		{
			"from": [11.1, 2.5, 1.2],
			"to": [11.9, 10, 2],
			"faces": {
				"north": {"uv": [6.875, 1.75, 6.96875, 2.6875], "texture": "#0"},
				"east": {"uv": [6.875, 2.75, 6.96875, 3.6875], "texture": "#0"},
				"south": {"uv": [6.875, 3.75, 6.96875, 4.6875], "texture": "#0"},
				"west": {"uv": [6.75, 6.875, 6.84375, 7.8125], "texture": "#0"},
				"up": {"uv": [7.09375, 8.21875, 7, 8.125], "texture": "#0"},
				"down": {"uv": [7.21875, 8.125, 7.125, 8.21875], "texture": "#0"}
			}
		},
		{
			"from": [3.1, 2.5, 1.2],
			"to": [3.8, 10, 2],
			"faces": {
				"north": {"uv": [6.875, 6.875, 6.96875, 7.8125], "texture": "#0"},
				"east": {"uv": [7, 0.25, 7.09375, 1.1875], "texture": "#0"},
				"south": {"uv": [1.25, 7, 1.34375, 7.9375], "texture": "#0"},
				"west": {"uv": [7, 1.25, 7.09375, 2.1875], "texture": "#0"},
				"up": {"uv": [1.21875, 8.34375, 1.125, 8.25], "texture": "#0"},
				"down": {"uv": [1.59375, 8.25, 1.5, 8.34375], "texture": "#0"}
			}
		},
		{
			"from": [3.8, 3.5, 1.2],
			"to": [4.5, 10, 2],
			"faces": {
				"north": {"uv": [1.375, 7, 1.46875, 7.8125], "texture": "#0"},
				"east": {"uv": [1.5, 7, 1.59375, 7.8125], "texture": "#0"},
				"south": {"uv": [1.625, 7, 1.71875, 7.8125], "texture": "#0"},
				"west": {"uv": [1.75, 7, 1.84375, 7.8125], "texture": "#0"},
				"up": {"uv": [1.71875, 8.34375, 1.625, 8.25], "texture": "#0"},
				"down": {"uv": [1.84375, 8.25, 1.75, 8.34375], "texture": "#0"}
			}
		},
		{
			"from": [4.5, 4.5, 1.2],
			"to": [5.2, 10, 2],
			"faces": {
				"north": {"uv": [2.875, 7, 2.96875, 7.6875], "texture": "#0"},
				"east": {"uv": [7, 3, 7.09375, 3.6875], "texture": "#0"},
				"south": {"uv": [7, 3.75, 7.09375, 4.4375], "texture": "#0"},
				"west": {"uv": [7, 6.875, 7.09375, 7.5625], "texture": "#0"},
				"up": {"uv": [1.96875, 8.34375, 1.875, 8.25], "texture": "#0"},
				"down": {"uv": [2.09375, 8.25, 2, 8.34375], "texture": "#0"}
			}
		},
		{
			"from": [5.2, 5.5, 1.2],
			"to": [5.9, 10, 2],
			"faces": {
				"north": {"uv": [7.25, 3.25, 7.34375, 3.8125], "texture": "#0"},
				"east": {"uv": [7.25, 6.875, 7.34375, 7.4375], "texture": "#0"},
				"south": {"uv": [7.375, 0.25, 7.46875, 0.8125], "texture": "#0"},
				"west": {"uv": [7.375, 0.875, 7.46875, 1.4375], "texture": "#0"},
				"up": {"uv": [8.34375, 2.09375, 8.25, 2], "texture": "#0"},
				"down": {"uv": [8.34375, 2.125, 8.25, 2.21875], "texture": "#0"}
			}
		},
		{
			"from": [11.1, 12, 1.2],
			"to": [11.9, 12.5, 2],
			"faces": {
				"north": {"uv": [1.5, 8.375, 1.59375, 8.4375], "texture": "#0"},
				"east": {"uv": [1.625, 8.375, 1.71875, 8.4375], "texture": "#0"},
				"south": {"uv": [1.75, 8.375, 1.84375, 8.4375], "texture": "#0"},
				"west": {"uv": [1.875, 8.375, 1.96875, 8.4375], "texture": "#0"},
				"up": {"uv": [7.34375, 8.21875, 7.25, 8.125], "texture": "#0"},
				"down": {"uv": [7.46875, 8.125, 7.375, 8.21875], "texture": "#0"}
			}
		},
		{
			"from": [11.2, 2.4, 1.3],
			"to": [11.8, 2.5, 1.9],
			"faces": {
				"north": {"uv": [1.875, 8.5, 1.95313, 8.51563], "texture": "#0"},
				"east": {"uv": [8.5, 1.875, 8.57813, 1.89063], "texture": "#0"},
				"south": {"uv": [2, 8.5, 2.07813, 8.51563], "texture": "#0"},
				"west": {"uv": [8.5, 2, 8.57813, 2.01563], "texture": "#0"},
				"up": {"uv": [1.07813, 8.45313, 1, 8.375], "texture": "#0"},
				"down": {"uv": [1.20313, 8.375, 1.125, 8.45313], "texture": "#0"}
			}
		},
		{
			"from": [11.2, 12.5, 1.3],
			"to": [11.8, 12.6, 1.9],
			"faces": {
				"north": {"uv": [2.125, 8.5, 2.20313, 8.51563], "texture": "#0"},
				"east": {"uv": [8.5, 2.125, 8.57813, 2.14063], "texture": "#0"},
				"south": {"uv": [2.25, 8.5, 2.32813, 8.51563], "texture": "#0"},
				"west": {"uv": [8.5, 2.25, 8.57813, 2.26563], "texture": "#0"},
				"up": {"uv": [1.32813, 8.45313, 1.25, 8.375], "texture": "#0"},
				"down": {"uv": [1.45313, 8.375, 1.375, 8.45313], "texture": "#0"}
			}
		},
		{
			"from": [9.8, 10.2, 0.8],
			"to": [13.2, 11.8, 1],
			"faces": {
				"north": {"uv": [5.25, 4.25, 5.67188, 4.45313], "texture": "#0"},
				"east": {"uv": [0.75, 8.375, 0.78125, 8.57813], "texture": "#0"},
				"south": {"uv": [6.875, 4.75, 7.29688, 4.95313], "texture": "#0"},
				"west": {"uv": [0.875, 8.375, 0.90625, 8.57813], "texture": "#0"},
				"up": {"uv": [8.54688, 2.78125, 8.125, 2.75], "texture": "#0"},
				"down": {"uv": [8.54688, 3.375, 8.125, 3.40625], "texture": "#0"}
			}
		},
		{
			"from": [5.6, 10.1, 0.8],
			"to": [5.9, 12.9, 1],
			"faces": {
				"north": {"uv": [3.25, 8.125, 3.28125, 8.46875], "texture": "#0"},
				"east": {"uv": [3.375, 8.125, 3.40625, 8.46875], "texture": "#0"},
				"south": {"uv": [3.5, 8.125, 3.53125, 8.46875], "texture": "#0"},
				"west": {"uv": [8.125, 3.5, 8.15625, 3.84375], "texture": "#0"},
				"up": {"uv": [2.40625, 8.53125, 2.375, 8.5], "texture": "#0"},
				"down": {"uv": [8.53125, 2.375, 8.5, 2.40625], "texture": "#0"}
			}
		},
		{
			"from": [3.4, 12.6, 0.8],
			"to": [5.6, 12.9, 1],
			"faces": {
				"north": {"uv": [7.5, 8.125, 7.78125, 8.15625], "texture": "#0"},
				"east": {"uv": [2.5, 8.5, 2.53125, 8.53125], "texture": "#0"},
				"south": {"uv": [8.125, 7.75, 8.40625, 7.78125], "texture": "#0"},
				"west": {"uv": [8.5, 2.5, 8.53125, 2.53125], "texture": "#0"},
				"up": {"uv": [8.15625, 8.15625, 7.875, 8.125], "texture": "#0"},
				"down": {"uv": [8.40625, 7.875, 8.125, 7.90625], "texture": "#0"}
			}
		},
		{
			"from": [3.4, 10.1, 0.8],
			"to": [5.6, 10.4, 1],
			"faces": {
				"north": {"uv": [0, 8.25, 0.28125, 8.28125], "texture": "#0"},
				"east": {"uv": [2.75, 8.5, 2.78125, 8.53125], "texture": "#0"},
				"south": {"uv": [8.25, 0, 8.53125, 0.03125], "texture": "#0"},
				"west": {"uv": [2.875, 8.5, 2.90625, 8.53125], "texture": "#0"},
				"up": {"uv": [0.65625, 8.28125, 0.375, 8.25], "texture": "#0"},
				"down": {"uv": [1.03125, 8.25, 0.75, 8.28125], "texture": "#0"}
			}
		},
		{
			"from": [3.1, 10.1, 0.8],
			"to": [3.4, 12.9, 1],
			"faces": {
				"north": {"uv": [3.75, 8.125, 3.78125, 8.46875], "texture": "#0"},
				"east": {"uv": [3.875, 8.125, 3.90625, 8.46875], "texture": "#0"},
				"south": {"uv": [4, 8.125, 4.03125, 8.46875], "texture": "#0"},
				"west": {"uv": [4.125, 8.125, 4.15625, 8.46875], "texture": "#0"},
				"up": {"uv": [2.65625, 8.53125, 2.625, 8.5], "texture": "#0"},
				"down": {"uv": [8.53125, 2.625, 8.5, 2.65625], "texture": "#0"}
			}
		}
	],
	"display": {
		"thirdperson_righthand": {
			"translation": [0, 4, 0],
			"scale": [0.5, 0.5, 0.5]
		},
		"thirdperson_lefthand": {
			"translation": [0, 4, 0],
			"scale": [0.5, 0.5, 0.5]
		},
		"firstperson_righthand": {
			"translation": [-1.75, 0.75, 0],
			"scale": [0.5, 0.5, 0.5]
		},
		"firstperson_lefthand": {
			"translation": [-1.75, 0.75, 0],
			"scale": [0.5, 0.5, 0.5]
		},
		"ground": {
			"translation": [0, 3, 0],
			"scale": [0.5, 0.5, 0.5]
		},
		"gui": {
			"rotation": [0, 180, 0],
			"scale": [0.75, 0.75, 0.75]
		},
		"head": {
			"translation": [0, 14.5, 0]
		},
		"fixed": {
			"translation": [0, 0, 5]
		}
	}
}